date,rule,exposure,nav
2023-11-06,buyhold,1.0,1.0036305358210964
2023-11-07,buyhold,1.0,1.0057759162303057
2023-11-08,buyhold,1.0,1.0091443865103455
2023-11-09,buyhold,1.0,1.0094349381701486
2023-11-10,buyhold,1.0,1.005638476855959
2023-11-13,buyhold,1.0,1.0150795973867364
2023-11-14,buyhold,1.0,1.0196862276444427
2023-11-15,buyhold,1.0,1.0325301782988463
2023-11-16,buyhold,1.0,1.0350860684182752
2023-11-17,buyhold,1.0,1.0373628601590967
2023-11-20,buyhold,1.0,1.0374544864086612
2023-11-21,buyhold,1.0,1.0498861189400248
2023-11-22,buyhold,1.0,1.0434698702534206
2023-11-23,buyhold,1.0,1.0425228647398304
2023-11-24,buyhold,1.0,1.0420930652928604
2023-11-27,buyhold,1.0,1.0330510011911072
2023-11-28,buyhold,1.0,1.045337960696843
2023-11-29,buyhold,1.0,1.0471047800223254
2023-11-30,buyhold,1.0,1.0509199282689916
2023-12-01,buyhold,1.0,1.0511911901920443
2023-12-04,buyhold,1.0,1.050174259382734
2023-12-05,buyhold,1.0,1.0445398478387946
2023-12-06,buyhold,1.0,1.0465116206172504
2023-12-07,buyhold,1.0,1.0415698311835058
2023-12-08,buyhold,1.0,1.0479143461615692
2023-12-11,buyhold,1.0,1.0499849788408706
2023-12-12,buyhold,1.0,1.0519314338398413
2023-12-13,buyhold,1.0,1.053034565660255
2023-12-14,buyhold,1.0,1.064137014768661
2023-12-15,buyhold,1.0,1.0653884364403436
2023-12-18,buyhold,1.0,1.0640719119071285
2023-12-19,buyhold,1.0,1.0595219452511262
2023-12-20,buyhold,1.0,1.0630573923149118
2023-12-21,buyhold,1.0,1.0575441444299363
2023-12-22,buyhold,1.0,1.0607323762322143
2023-12-25,buyhold,1.0,1.0612272785407169
2023-12-26,buyhold,1.0,1.070081870513427
2023-12-27,buyhold,1.0,1.0785072658434407
2023-12-28,buyhold,1.0,1.079644757507441
2023-12-29,buyhold,1.0,1.0808768894423735
2024-01-02,buyhold,1.0,1.0762322825154393
2024-01-03,buyhold,1.0,1.0584827106836983
2024-01-04,buyhold,1.0,1.0579004017555453
2024-01-05,buyhold,1.0,1.0560612459172487
2024-01-08,buyhold,1.0,1.059287454388754
2024-01-09,buyhold,1.0,1.05704683090434
2024-01-10,buyhold,1.0,1.0528356402500165
2024-01-11,buyhold,1.0,1.0576393875051413
2024-01-12,buyhold,1.0,1.0556808764207017
2024-01-15,buyhold,1.0,1.0577298081461588
2024-01-16,buyhold,1.0,1.0456767366985218
2024-01-17,buyhold,1.0,1.0345200352055055
2024-01-18,buyhold,1.0,1.038498543410277
2024-01-19,buyhold,1.0,1.065849581709533
2024-01-22,buyhold,1.0,1.073901841194281
2024-01-23,buyhold,1.0,1.0774879238170363
2024-01-24,buyhold,1.0,1.0775626715469442
2024-01-25,buyhold,1.0,1.0852056269300192
2024-01-26,buyhold,1.0,1.0847480984864706
2024-01-29,buyhold,1.0,1.0922590397336602
2024-01-30,buyhold,1.0,1.0871352034093336
2024-01-31,buyhold,1.0,1.0783903218143913
2024-02-01,buyhold,1.0,1.0831253493823427
2024-02-02,buyhold,1.0,1.0886602982211624
2024-02-05,buyhold,1.0,1.0908388328654115
2024-02-15,buyhold,1.0,1.1239026472641553
2024-02-16,buyhold,1.0,1.1216529817156393
2024-02-19,buyhold,1.0,1.1233739879163396
2024-02-20,buyhold,1.0,1.1304484988695513
2024-02-21,buyhold,1.0,1.1258159480280865
2024-02-22,buyhold,1.0,1.136453635041662
2024-02-23,buyhold,1.0,1.1386484454012944
2024-02-26,buyhold,1.0,1.1421965513548222
2024-02-27,buyhold,1.0,1.1365518921382347
2024-02-29,buyhold,1.0,1.1433250009547211
2024-03-01,buyhold,1.0,1.1414659525754007
2024-03-04,buyhold,1.0,1.1637323368281045
2024-03-05,buyhold,1.0,1.1686518225037317
2024-03-06,buyhold,1.0,1.175435178992867
2024-03-07,buyhold,1.0,1.187133801527715
2024-03-08,buyhold,1.0,1.192667544757988
2024-03-11,buyhold,1.0,1.189096532242069
2024-03-12,buyhold,1.0,1.200457584383785
2024-03-13,buyhold,1.0,1.2012990991495214
2024-03-14,buyhold,1.0,1.201866337970838
2024-03-15,buyhold,1.0,1.186469511218373
2024-03-18,buyhold,1.0,1.1983658535549127
2024-03-19,buyhold,1.0,1.197000501875548
2024-03-20,buyhold,1.0,1.1926151007861978
2024-03-21,buyhold,1.0,1.2176097771805372
2024-03-22,buyhold,1.0,1.21937840491884
2024-03-25,buyhold,1.0,1.2171974590574974
2024-03-26,buyhold,1.0,1.2132334181552888
2024-03-27,buyhold,1.0,1.2176718660207027
2024-03-28,buyhold,1.0,1.21444264352783
2024-03-29,buyhold,1.0,1.2233581187321585
2024-04-01,buyhold,1.0,1.2190106943120356
2024-04-02,buyhold,1.0,1.2337335858867835
2024-04-03,buyhold,1.0,1.225959219172096
2024-04-08,buyhold,1.0,1.2307876814024323
2024-04-09,buyhold,1.0,1.2536038231525226
2024-04-10,buyhold,1.0,1.2516344615911608
2024-04-11,buyhold,1.0,1.2510129703852337
2024-04-12,buyhold,1.0,1.2500093012699391
2024-04-15,buyhold,1.0,1.2327208747073872
2024-04-16,buyhold,1.0,1.1996986538035113
2024-04-17,buyhold,1.0,1.2184681704659304
2024-04-18,buyhold,1.0,1.2237650116167373
2024-04-19,buyhold,1.0,1.1771031384175035
2024-04-22,buyhold,1.0,1.1701166368882157
2024-04-23,buyhold,1.0,1.1814529740547202
2024-04-24,buyhold,1.0,1.2135498903988502
2024-04-25,buyhold,1.0,1.197013763569564
2024-04-26,buyhold,1.0,1.2128729411997654
2024-04-29,buyhold,1.0,1.2354787042584219
2024-04-30,buyhold,1.0,1.2295157643854522
2024-05-02,buyhold,1.0,1.2190173251590435
2024-05-03,buyhold,1.0,1.2255203776610244
2024-05-06,buyhold,1.0,1.2371538973343401
2024-05-07,buyhold,1.0,1.2450036145832084
2024-05-08,buyhold,1.0,1.2478355890598776
2024-05-09,buyhold,1.0,1.2394120021426844
2024-05-10,buyhold,1.0,1.2483377250196617
2024-05-13,buyhold,1.0,1.257311672238515
2024-05-14,buyhold,1.0,1.2650360061985058
2024-05-15,buyhold,1.0,1.2747628559548985
2024-05-16,buyhold,1.0,1.284229897069434
2024-05-17,buyhold,1.0,1.2814696563013055
2024-05-20,buyhold,1.0,1.282262946725166
2024-05-21,buyhold,1.0,1.2801603654193716
2024-05-22,buyhold,1.0,1.2991535224672408
2024-05-23,buyhold,1.0,1.302505114227624
2024-05-24,buyhold,1.0,1.299967911040672
2024-05-27,buyhold,1.0,1.3143405733325453
2024-05-28,buyhold,1.0,1.3176342958826772
2024-05-29,buyhold,1.0,1.3058247573615143
2024-05-30,buyhold,1.0,1.2878599844041512
2024-05-31,buyhold,1.0,1.2763910302974875
2024-06-03,buyhold,1.0,1.2982450964271512
2024-06-04,buyhold,1.0,1.2873861802452191
2024-06-05,buyhold,1.0,1.2951177478564917
2024-06-06,buyhold,1.0,1.3203041160097884
2024-06-07,buyhold,1.0,1.317632487469857
2024-06-11,buyhold,1.0,1.3136383063539758
2024-06-12,buyhold,1.0,1.329120731313271
2024-06-13,buyhold,1.0,1.344979306139199
2024-06-14,buyhold,1.0,1.3565941388800378
2024-06-17,buyhold,1.0,1.356100442180082
2024-06-18,buyhold,1.0,1.3718276056743979
2024-06-19,buyhold,1.0,1.3990809896813554
2024-06-20,buyhold,1.0,1.4109297104802925
2024-06-21,buyhold,1.0,1.4017242864204345
2024-06-24,buyhold,1.0,1.3752195853211022
2024-06-25,buyhold,1.0,1.3789732475318768
2024-06-26,buyhold,1.0,1.3856474964475174
2024-06-27,buyhold,1.0,1.3807822631565008
2024-06-28,buyhold,1.0,1.3883938727173566
2024-07-01,buyhold,1.0,1.3899804535650775
2024-07-02,buyhold,1.0,1.3791782009848497
2024-07-03,buyhold,1.0,1.3968439830225816
2024-07-04,buyhold,1.0,1.4179481606360733
2024-07-05,buyhold,1.0,1.4200013119914447
2024-07-08,buyhold,1.0,1.4393850862085098
2024-07-09,buyhold,1.0,1.4407070359801861
2024-07-10,buyhold,1.0,1.4471570417061033
2024-07-11,buyhold,1.0,1.4702414313578789
2024-07-12,buyhold,1.0,1.4417227611809496
2024-07-15,buyhold,1.0,1.439458025525597
2024-07-16,buyhold,1.0,1.4465644851053017
2024-07-17,buyhold,1.0,1.4328549075142236
2024-07-18,buyhold,1.0,1.41046977081965
2024-07-19,buyhold,1.0,1.3785687658643915
2024-07-22,buyhold,1.0,1.3416608686138558
2024-07-23,buyhold,1.0,1.3787242893669418
2024-07-26,buyhold,1.0,1.3333554313342586
2024-07-29,buyhold,1.0,1.3360849290844414
2024-07-30,buyhold,1.0,1.339646296731985
2024-07-31,buyhold,1.0,1.3381863047816887
2024-08-01,buyhold,1.0,1.3648754639886966
2024-08-02,buyhold,1.0,1.3043533121300224
2024-08-05,buyhold,1.0,1.1954139210278272
2024-08-06,buyhold,1.0,1.2358102466088194
2024-08-07,buyhold,1.0,1.2836885788318757
2024-08-08,buyhold,1.0,1.2580585467333196
2024-08-09,buyhold,1.0,1.2941604946702527
2024-08-12,buyhold,1.0,1.3125014174942486
2024-08-13,buyhold,1.0,1.3139065542556612
2024-08-14,buyhold,1.0,1.3278120432356106
2024-08-15,buyhold,1.0,1.31985020439188
2024-08-16,buyhold,1.0,1.3472271632748951
2024-08-19,buyhold,1.0,1.3508620730437997
2024-08-20,buyhold,1.0,1.3520357329642072
2024-08-21,buyhold,1.0,1.3405095124515658
2024-08-22,buyhold,1.0,1.3351409375922183
2024-08-23,buyhold,1.0,1.3356967231323393
2024-08-26,buyhold,1.0,1.3406439378045452
2024-08-27,buyhold,1.0,1.3373212806492876
2024-08-28,buyhold,1.0,1.3485129447901643
2024-08-29,buyhold,1.0,1.3383370058500512
2024-08-30,buyhold,1.0,1.3423299813573855
2024-09-02,buyhold,1.0,1.340341330059273
2024-09-03,buyhold,1.0,1.331727859795943
2024-09-04,buyhold,1.0,1.2714799838816886
2024-09-05,buyhold,1.0,1.2772042132623718
2024-09-06,buyhold,1.0,1.2921224134217175
2024-09-09,buyhold,1.0,1.2745958791711527
2024-09-10,buyhold,1.0,1.269751744029707
2024-09-11,buyhold,1.0,1.2677576674931335
2024-09-12,buyhold,1.0,1.3052671634085729
2024-09-13,buyhold,1.0,1.311681000878083
2024-09-16,buyhold,1.0,1.3171321599228933
2024-09-18,buyhold,1.0,1.3068097395443319
2024-09-19,buyhold,1.0,1.3287427730338177
2024-09-20,buyhold,1.0,1.335779307317802
2024-09-23,buyhold,1.0,1.3433812720102825
2024-09-24,buyhold,1.0,1.3521972845094918
2024-09-25,buyhold,1.0,1.3720789750564266
2024-09-26,buyhold,1.0,1.3779388353986362
2024-09-27,buyhold,1.0,1.3757675344056686
2024-09-30,buyhold,1.0,1.3397047687465098
2024-10-01,buyhold,1.0,1.3497022776216814
2024-10-04,buyhold,1.0,1.34441688975207
2024-10-07,buyhold,1.0,1.3685200186259767
2024-10-08,buyhold,1.0,1.363024252064931
2024-10-09,buyhold,1.0,1.3658990256450152
2024-10-11,buyhold,1.0,1.3805206461018233
2024-10-14,buyhold,1.0,1.3849602995757841
2024-10-15,buyhold,1.0,1.4040541249373195
2024-10-16,buyhold,1.0,1.387111708027728
2024-10-17,buyhold,1.0,1.3896953271437356
2024-10-18,buyhold,1.0,1.415822672767888
2024-10-21,buyhold,1.0,1.4191537691829736
2024-10-22,buyhold,1.0,1.418725778148824
2024-10-23,buyhold,1.0,1.4066293047934988
2024-10-24,buyhold,1.0,1.398055016807943
2024-10-25,buyhold,1.0,1.4074545438438522
2024-10-28,buyhold,1.0,1.3983895731797078
2024-10-29,buyhold,1.0,1.3820246427640817
2024-10-30,buyhold,1.0,1.3756252725971343
2024-11-01,buyhold,1.0,1.3731929573537627
2024-11-04,buyhold,1.0,1.3843635233450684
2024-11-05,buyhold,1.0,1.3928871757716546
2024-11-06,buyhold,1.0,1.3995535882317403
2024-11-07,buyhold,1.0,1.411093673242671
2024-11-08,buyhold,1.0,1.4198385548376131
2024-11-11,buyhold,1.0,1.4183767544744965
2024-11-12,buyhold,1.0,1.38535091674498
2024-11-13,buyhold,1.0,1.3780244336054661
2024-11-14,buyhold,1.0,1.36929281370454
2024-11-15,buyhold,1.0,1.37094389460952
2024-11-18,buyhold,1.0,1.3591150663516065
2024-11-19,buyhold,1.0,1.3773354283209125
2024-11-20,buyhold,1.0,1.3676640365576773
2024-11-21,buyhold,1.0,1.359664823848993
2024-11-22,buyhold,1.0,1.380682197647108
2024-11-25,buyhold,1.0,1.383337550471656
2024-11-26,buyhold,1.0,1.367085344455165
2024-11-27,buyhold,1.0,1.3463500830570247
2024-11-28,buyhold,1.0,1.3441872213238857
2024-11-29,buyhold,1.0,1.3419930137685268
2024-12-02,buyhold,1.0,1.370591856913825
2024-12-03,buyhold,1.0,1.388105129470374
2024-12-04,buyhold,1.0,1.4018412304494838
2024-12-05,buyhold,1.0,1.4026013666383044
2024-12-06,buyhold,1.0,1.3981002271284517
2024-12-09,buyhold,1.0,1.4029214557075065
2024-12-10,buyhold,1.0,1.393989704787795
2024-12-11,buyhold,1.0,1.38064060415224
2024-12-12,buyhold,1.0,1.3892709529352265
2024-12-13,buyhold,1.0,1.3876843720875056
2024-12-16,buyhold,1.0,1.388855017986546
2024-12-17,buyhold,1.0,1.3875354794319634
2024-12-18,buyhold,1.0,1.3966173286157642
2024-12-19,buyhold,1.0,1.3823658299828545
2024-12-20,buyhold,1.0,1.3569274896432557
2024-12-23,buyhold,1.0,1.3927515448101282
2024-12-24,buyhold,1.0,1.393697947519445
2024-12-25,buyhold,1.0,1.399719359406939
2024-12-26,buyhold,1.0,1.401335477664059
2024-12-27,buyhold,1.0,1.403067937145955
2024-12-30,buyhold,1.0,1.3979151662165026
2024-12-31,buyhold,1.0,1.3885656719352897
2025-01-02,buyhold,1.0,1.376326333967157
2025-01-03,buyhold,1.0,1.3809221137479413
2025-01-06,buyhold,1.0,1.4194660217966208
2025-01-07,buyhold,1.0,1.4257086628524713
2025-01-08,buyhold,1.0,1.411003855405927
2025-01-09,buyhold,1.0,1.3913403800059811
2025-01-10,buyhold,1.0,1.3871647548037915
2025-01-13,buyhold,1.0,1.355606142675853
2025-01-14,buyhold,1.0,1.37424424800666
2025-01-15,buyhold,1.0,1.3571879010893861
2025-01-16,buyhold,1.0,1.3879628676618396
2025-01-17,buyhold,1.0,1.3953761546167305
2025-01-20,buyhold,1.0,1.402533852559678
2025-01-21,buyhold,1.0,1.4045345599432593
2025-01-22,buyhold,1.0,1.418121768266827
2025-02-03,buyhold,1.0,1.368046817271318
2025-02-04,buyhold,1.0,1.3740296496853115
2025-02-05,buyhold,1.0,1.3961899403858882
2025-02-06,buyhold,1.0,1.405534612232913
2025-02-07,buyhold,1.0,1.4152801489217828
2025-02-10,buyhold,1.0,1.4016489358862532
2025-02-11,buyhold,1.0,1.4096005270573349
2025-02-12,buyhold,1.0,1.4039160827586994
2025-02-13,buyhold,1.0,1.4105264344213544
2025-02-14,buyhold,1.0,1.3956492249526034
2025-02-17,buyhold,1.0,1.4169113372857391
2025-02-18,buyhold,1.0,1.4266032243942715
2025-02-19,buyhold,1.0,1.42286402948606
2025-02-20,buyhold,1.0,1.4158341260490834
2025-02-21,buyhold,1.0,1.430469611004181
2025-02-24,buyhold,1.0,1.4205269573178934
2025-02-25,buyhold,1.0,1.403673152636499
2025-02-26,buyhold,1.0,1.4107157149632177
2025-02-27,buyhold,1.0,1.3896555420616878
2025-03-03,buyhold,1.0,1.3717564747701307
2025-03-04,buyhold,1.0,1.3621495830641548
2025-03-05,buyhold,1.0,1.3787279061925826
2025-03-06,buyhold,1.0,1.369295827725907
2025-03-07,buyhold,1.0,1.3608951473711048
2025-03-10,buyhold,1.0,1.3538471598059252
2025-03-11,buyhold,1.0,1.3304547371704163
2025-03-12,buyhold,1.0,1.3429490613462187
2025-03-13,buyhold,1.0,1.3238594556145975
2025-03-14,buyhold,1.0,1.3242434419367852
2025-03-17,buyhold,1.0,1.3333204686863986
2025-03-18,buyhold,1.0,1.3425457852872804
2025-03-19,buyhold,1.0,1.3238082172513543
2025-03-20,buyhold,1.0,1.3489107956106412
2025-03-21,buyhold,1.0,1.3387740389483025
2025-03-24,buyhold,1.0,1.3325977063625318
2025-03-25,buyhold,1.0,1.342637411536845
2025-03-26,buyhold,1.0,1.3418597940240944
2025-03-27,buyhold,1.0,1.3232614737753348
2025-03-28,buyhold,1.0,1.3022314410874776
2025-03-31,buyhold,1.0,1.2475576962898172
2025-04-01,buyhold,1.0,1.2827777415746924
2025-04-02,buyhold,1.0,1.2838658032882702
2025-04-07,buyhold,1.0,1.1593342768490118
2025-04-08,buyhold,1.0,1.1127736747677177
2025-04-09,buyhold,1.0,1.0483827250820397
2025-04-10,buyhold,1.0,1.1453299279682165
2025-04-11,buyhold,1.0,1.1772026011226229
2025-04-14,buyhold,1.0,1.176257404021853
2025-04-15,buyhold,1.0,1.1970288336764001
2025-04-16,buyhold,1.0,1.173539359552866
2025-04-17,buyhold,1.0,1.165746908709975
2025-04-18,buyhold,1.0,1.1691406967694997
2025-04-21,buyhold,1.0,1.1517299009394375
2025-04-22,buyhold,1.0,1.1328759916787352
2025-04-23,buyhold,1.0,1.1838557518886927
2025-04-24,buyhold,1.0,1.1741909909724657
2025-04-25,buyhold,1.0,1.1979366569122163
2025-04-28,buyhold,1.0,1.2076827964053591
2025-04-29,buyhold,1.0,1.2196315827136894
2025-04-30,buyhold,1.0,1.2197762557393173
2025-05-02,buyhold,1.0,1.2530878226944493
2025-05-05,buyhold,1.0,1.2377374118710398
2025-05-06,buyhold,1.0,1.2371104954266514
2025-05-07,buyhold,1.0,1.2385511976401975
2025-05-08,buyhold,1.0,1.2383649311197016
2025-05-09,buyhold,1.0,1.260767549138205
2025-05-12,buyhold,1.0,1.273697700803712
2025-05-13,buyhold,1.0,1.2857899545291231
2025-05-14,buyhold,1.0,1.3130807124010344
2025-05-15,buyhold,1.0,1.3099087563141394
2025-05-16,buyhold,1.0,1.3167469679921584
2025-05-19,buyhold,1.0,1.2974656705015803
2025-05-20,buyhold,1.0,1.297598287441739
2025-05-21,buyhold,1.0,1.3143490125923736
2025-05-22,buyhold,1.0,1.306334729776853
2025-05-23,buyhold,1.0,1.3052062801769544
2025-05-26,buyhold,1.0,1.2982336431459558
2025-05-27,buyhold,1.0,1.2861757492641313
2025-05-28,buyhold,1.0,1.287452488715299
2025-05-29,buyhold,1.0,1.2868243666623636
2025-06-02,buyhold,1.0,1.2660523342035428
2025-06-03,buyhold,1.0,1.2735403688883413
2025-06-04,buyhold,1.0,1.3031477035831218
2025-06-05,buyhold,1.0,1.3065439028597403
2025-06-06,buyhold,1.0,1.3057138413751994
2025-06-09,buyhold,1.0,1.3135279931719346
2025-06-10,buyhold,1.0,1.340765704267782
2025-06-11,buyhold,1.0,1.354507230485353
2025-06-12,buyhold,1.0,1.3435193141889026
2025-06-13,buyhold,1.0,1.3305668587652781
2025-06-16,buyhold,1.0,1.3291773949149754
2025-06-17,buyhold,1.0,1.3389241372123917
2025-06-18,buyhold,1.0,1.347673238437248
2025-06-19,buyhold,1.0,1.3263803830861662
2025-06-20,buyhold,1.0,1.32892662833722
2025-06-23,buyhold,1.0,1.31001545267054
2025-06-24,buyhold,1.0,1.3375479350561048
2025-06-25,buyhold,1.0,1.3521267564094983
2025-06-26,buyhold,1.0,1.3558478671895065
2025-06-27,buyhold,1.0,1.3611368718847585
2025-06-30,buyhold,1.0,1.3416023965993311
2025-07-01,buyhold,1.0,1.3595478798199438
2025-07-02,buyhold,1.0,1.3609958156847712
2025-07-03,buyhold,1.0,1.3691475378746383
2025-07-04,buyhold,1.0,1.3591729355618576
2025-07-07,buyhold,1.0,1.352012826401816
2025-07-08,buyhold,1.0,1.3480071920047394
2025-07-09,buyhold,1.0,1.3579377896055582
2025-07-10,buyhold,1.0,1.3679588078473945
2025-07-11,buyhold,1.0,1.3714418109393898
2025-07-14,buyhold,1.0,1.3632400559948263
2025-07-15,buyhold,1.0,1.3765602220252555
2025-07-16,buyhold,1.0,1.3890358592685812
2025-07-17,buyhold,1.0,1.3932783957451236
2025-07-18,buyhold,1.0,1.4095450690641775
2025-07-21,buyhold,1.0,1.4069789312721
2025-07-22,buyhold,1.0,1.3857216413731517
2025-07-23,buyhold,1.0,1.4056593927175174
2025-07-24,buyhold,1.0,1.4089784330471342
2025-07-25,buyhold,1.0,1.4084148110514585
2025-07-28,buyhold,1.0,1.4113444398204262
2025-07-29,buyhold,1.0,1.3985975406540483
2025-07-30,buyhold,1.0,1.4142825078492227
2025-07-31,buyhold,1.0,1.4191531663787003
2025-08-01,buyhold,1.0,1.4126344409656098
2025-08-04,buyhold,1.0,1.4092924940736018
2025-08-05,buyhold,1.0,1.426270476435327
2025-08-06,buyhold,1.0,1.4134168809125482
2025-08-07,buyhold,1.0,1.4469575134915913
2025-08-08,buyhold,1.0,1.4480118181658554
2025-08-11,buyhold,1.0,1.4548982541857507
2025-08-12,buyhold,1.0,1.456276264754858
2025-08-13,buyhold,1.0,1.4690352200067052
2025-08-14,buyhold,1.0,1.4610830260313499
2025-08-15,buyhold,1.0,1.466892853618863
2025-08-18,buyhold,1.0,1.4758167680830199
2025-08-19,buyhold,1.0,1.4680393873469653
2025-08-20,buyhold,1.0,1.4241516194141495
2025-08-21,buyhold,1.0,1.4444474364969446
2025-08-22,buyhold,1.0,1.4325324072279277
2025-08-25,buyhold,1.0,1.4634508412174625
2025-08-26,buyhold,1.0,1.4651218146634664
2025-08-27,buyhold,1.0,1.4780700504571769
2025-08-28,buyhold,1.0,1.4609835633262307
2025-08-29,buyhold,1.0,1.4607816238946247
2025-09-01,buyhold,1.0,1.4510541713339589
2025-09-02,buyhold,1.0,1.44774176185135
2025-09-03,buyhold,1.0,1.4527763831432061
2025-09-04,buyhold,1.0,1.4575716911385024
2025-09-05,buyhold,1.0,1.476543750036801
2025-09-08,buyhold,1.0,1.4797265566006181
2025-09-09,buyhold,1.0,1.4982808721374155
2025-09-10,buyhold,1.0,1.5186200911278989
2025-09-11,buyhold,1.0,1.5200137746081157
2025-09-12,buyhold,1.0,1.535622185660562
2025-09-15,buyhold,1.0,1.528540441056069
2025-09-16,buyhold,1.0,1.5449656518990402
2025-09-17,buyhold,1.0,1.5334285809094768
2025-09-18,buyhold,1.0,1.5533880332076866
2025-09-19,buyhold,1.0,1.541875074389061
2025-09-22,buyhold,1.0,1.5600936279455466
2025-09-23,buyhold,1.0,1.58220268028288
2025-09-24,buyhold,1.0,1.579150079442128
2025-09-25,buyhold,1.0,1.5687287991627208
2025-09-26,buyhold,1.0,1.5419926212223838
2025-09-30,buyhold,1.0,1.5564731854792049
2025-10-01,buyhold,1.0,1.5662609184672158
2025-10-02,buyhold,1.0,1.5901006218736247
2025-10-03,buyhold,1.0,1.613168133005744
2025-10-07,buyhold,1.0,1.6403479748913403
2025-10-08,buyhold,1.0,1.631410195928894
2025-10-09,buyhold,1.0,1.6457714049395715
2025-10-13,buyhold,1.0,1.6229552631894812
2025-10-14,buyhold,1.0,1.6151025319192456
2025-10-15,buyhold,1.0,1.6441914549388588
2025-10-16,buyhold,1.0,1.6666254187795817
2025-10-17,buyhold,1.0,1.645798531131877
2025-10-20,buyhold,1.0,1.6690824489981648
2025-10-21,buyhold,1.0,1.6729271346542303
2025-10-22,buyhold,1.0,1.6666881104240205
2025-10-23,buyhold,1.0,1.6596563985742236
2025-10-27,buyhold,1.0,1.6874679793383962
2025-10-28,buyhold,1.0,1.6847842947129958
2025-10-29,buyhold,1.0,1.7056190188162554
2025-10-30,buyhold,1.0,1.7051843969350977
2025-10-31,buyhold,1.0,1.7019184033815444
2025-11-03,buyhold,1.0,1.7080211938459544
2025-11-04,buyhold,1.0,1.6948782522719197
2025-11-05,buyhold,1.0,1.6707962215475838
2025-11-06,buyhold,1.0,1.681790768691042
2025-11-07,buyhold,1.0,1.666838811492383
2025-11-10,buyhold,1.0,1.679985972696332
2025-11-11,buyhold,1.0,1.6748886597600372
2025-11-12,buyhold,1.0,1.684662528249759
2025-11-13,buyhold,1.0,1.6820385212474303
2025-11-14,buyhold,1.0,1.6515330081852089
2025-11-17,buyhold,1.0,1.6545355762712644
2025-11-18,buyhold,1.0,1.6128703476946593
2025-11-19,buyhold,1.0,1.6022609924819355
2025-11-20,buyhold,1.0,1.653272701318386
2025-11-21,buyhold,1.0,1.5935094800399854
2025-11-24,buyhold,1.0,1.5976869136549956
2025-11-25,buyhold,1.0,1.6222771083818497
2025-11-26,buyhold,1.0,1.6522587845304428
2025-11-27,buyhold,1.0,1.6609988436911973
2025-11-28,buyhold,1.0,1.6653360204386716
2025-12-01,buyhold,1.0,1.648219393094053
2025-12-02,buyhold,1.0,1.661585975053538
2025-12-03,buyhold,1.0,1.6753763284172585
2025-12-04,buyhold,1.0,1.6755372771582695
2025-12-05,buyhold,1.0,1.6867000066940205
2025-12-08,buyhold,1.0,1.7061639538794542
2025-12-09,buyhold,1.0,1.6988591716937846
2025-12-10,buyhold,1.0,1.7120081413105541
2025-12-11,buyhold,1.0,1.6893439062373732
2025-12-12,buyhold,1.0,1.699788695883445
2025-12-15,buyhold,1.0,1.6798310519980553
2025-12-16,buyhold,1.0,1.6599216324545418
2025-12-17,buyhold,1.0,1.6592290103443474
2025-12-18,buyhold,1.0,1.6558147269395256
2025-12-19,buyhold,1.0,1.6695478138972681
2025-12-22,buyhold,1.0,1.6968723288084928
2025-12-23,buyhold,1.0,1.7065672299383925
2025-12-24,buyhold,1.0,1.7102750790243848
2025-12-26,buyhold,1.0,1.7213690888729625
2025-12-29,buyhold,1.0,1.7367327613903878
2025-12-30,buyhold,1.0,1.7304780642490685
2025-12-31,buyhold,1.0,1.7459381854502458
2026-01-02,buyhold,1.0,1.7692190892951665
2026-01-05,buyhold,1.0,1.8147446764389465
2026-01-06,buyhold,1.0,1.843152430629561
2026-01-07,buyhold,1.0,1.834663138046562
2026-01-08,buyhold,1.0,1.8301469284298728
2026-01-09,buyhold,1.0,1.8258314526362427
2026-01-12,buyhold,1.0,1.8426093039791824
2026-01-13,buyhold,1.0,1.8510443441775712
2026-01-14,buyhold,1.0,1.8651837212156193
2026-01-15,buyhold,1.0,1.8572749291479527
2026-01-16,buyhold,1.0,1.8933298583515565
2026-01-19,buyhold,1.0,1.9072299220930449
2026-01-20,buyhold,1.0,1.914505769673589
2026-01-21,buyhold,1.0,1.8835445365806391
2026-01-22,buyhold,1.0,1.9136672689292198
2026-01-23,buyhold,1.0,1.9266534813921574
2026-01-26,buyhold,1.0,1.932862968212968
2026-01-27,buyhold,1.0,1.9481380285021963
2026-01-28,buyhold,1.0,1.9774282881491418
2026-01-29,buyhold,1.0,1.9613002598129816
2026-01-30,buyhold,1.0,1.9328165522839125
2026-02-02,buyhold,1.0,1.9063100427717596
2026-02-03,buyhold,1.0,1.9407500593267906
2026-02-04,buyhold,1.0,1.946443545689528
2026-02-05,buyhold,1.0,1.9169941457143913
2026-02-06,buyhold,1.0,1.9158879998726102
2026-02-09,buyhold,1.0,1.9533643415530095
2026-02-10,buyhold,1.0,1.9936527651690543
2026-02-11,buyhold,1.0,2.0257665600328405
2026-02-23,buyhold,1.0,2.0358665456344993
2026-02-24,buyhold,1.0,2.0917802588226464
2026-02-25,buyhold,1.0,2.134714993199138
2026-02-26,buyhold,1.0,2.1348005914059676
2026-03-02,buyhold,1.0,2.1155470229119677
2026-03-03,buyhold,1.0,2.069044290040925
2026-03-04,buyhold,1.0,1.978938915658408
2026-03-05,buyhold,1.0,2.0298192131632464
2026-03-06,buyhold,1.0,2.025394629796122
2026-03-09,buyhold,1.0,1.9356298398281044
2026-03-10,buyhold,1.0,1.9755023284954687
2026-03-11,buyhold,1.0,2.056417951729237
2026-03-12,buyhold,1.0,2.024328871840662
2026-03-13,buyhold,1.0,2.0133855630604467
2026-03-16,buyhold,1.0,2.0099007515556315
2026-03-17,buyhold,1.0,2.039682899489712
2026-03-18,buyhold,1.0,2.0705470810946367
2026-03-19,buyhold,1.0,2.030828307517002
2026-03-20,buyhold,1.0,2.022039421210098
2026-03-23,buyhold,1.0,1.9725262837974449
2026-03-24,buyhold,1.0,1.965879763878383
2026-03-25,buyhold,1.0,2.0157238408371603
2026-03-26,buyhold,1.0,2.0096059802659143
2026-03-27,buyhold,1.0,1.9960410757004639
2026-03-30,buyhold,1.0,1.9602085812737633
2026-03-31,buyhold,1.0,1.912275393861823
2026-04-01,buyhold,1.0,1.9997923266941446
2026-04-02,buyhold,1.0,1.9634800000657775
2026-04-07,buyhold,1.0,2.003107750198121
2026-04-08,buyhold,1.0,2.095430841502661
2026-04-09,buyhold,1.0,2.1014456225431473
2026-04-10,buyhold,1.0,2.1350019280333
2026-04-13,buyhold,1.0,2.1373805936963346
2026-04-14,buyhold,1.0,2.1879456245661584
2026-04-15,buyhold,1.0,2.213626292223684
2026-04-16,buyhold,1.0,2.238334033783861
2026-04-17,buyhold,1.0,2.2185813433514445
2026-04-20,buyhold,1.0,2.227892258159157
2026-04-21,buyhold,1.0,2.266852101156517
2026-04-22,buyhold,1.0,2.2833303587755522
2026-04-23,buyhold,1.0,2.2734250789542183
2026-04-24,buyhold,1.0,2.34686170956729
2026-04-27,buyhold,1.0,2.3881073863695734
2026-04-28,buyhold,1.0,2.382386773814531
2026-04-29,buyhold,1.0,2.369231776155027
2026-04-30,buyhold,1.0,2.346513891501509
2026-05-04,buyhold,1.0,2.453723234338902
2026-05-05,buyhold,1.0,2.457590223753085
2026-05-06,buyhold,1.0,2.479867458482711
2026-05-07,buyhold,1.0,2.5277861785920885
2026-05-08,buyhold,1.0,2.507903282436607
2026-05-11,buyhold,1.0,2.519122675574062
2026-05-12,buyhold,1.0,2.525648634638434
2026-05-13,buyhold,1.0,2.4940725411865654
2026-05-14,buyhold,1.0,2.5168133324024744
2026-05-15,buyhold,1.0,2.481887455603043
2026-05-18,buyhold,1.0,2.4649763845156705
2026-05-19,buyhold,1.0,2.421799925625526
2026-05-20,buyhold,1.0,2.4124721322981575
2026-05-21,buyhold,1.0,2.493693377298565
2026-05-22,buyhold,1.0,2.547931294606521
2026-05-25,buyhold,1.0,2.6309030832170284
2026-05-26,buyhold,1.0,2.6237279039501504
2026-05-27,buyhold,1.0,2.667818816923119
2026-05-28,buyhold,1.0,2.630423251015362
2026-05-29,buyhold,1.0,2.6965207395991775
2026-06-01,buyhold,1.0,2.7329885897300947
2026-06-02,buyhold,1.0,2.746214115489592
2026-06-03,buyhold,1.0,2.800578018890699
2026-06-04,buyhold,1.0,2.753456808835096
2026-06-05,buyhold,1.0,2.7168955240417945
2026-06-08,buyhold,1.0,2.622366169096426
2026-06-09,buyhold,1.0,2.6948027474198444
2026-06-10,buyhold,1.0,2.6056540234192926
2026-06-11,buyhold,1.0,2.6010678885068836
2026-06-12,buyhold,1.0,2.66252860661932
2026-06-15,buyhold,1.0,2.736549957377638
2026-06-16,buyhold,1.0,2.761397549529256
2026-06-17,buyhold,1.0,2.7655086746741864
2026-06-18,buyhold,1.0,2.800942112671863
2026-06-22,buyhold,1.0,2.877878624896587
2026-06-23,buyhold,1.0,2.8392473102282567
2026-06-24,buyhold,1.0,2.775527884503202
2026-06-25,buyhold,1.0,2.7882868397550493
2026-06-26,buyhold,1.0,2.686804740319707
2026-06-29,buyhold,1.0,2.712613202483204
2026-06-30,buyhold,1.0,2.780489566477971
2026-07-01,buyhold,1.0,2.8343248105312617
2026-07-02,buyhold,1.0,2.81775794068403
2026-07-03,buyhold,1.0,2.8199557650650298
2026-07-06,buyhold,1.0,2.8064390848414553
2026-07-07,buyhold,1.0,2.741500186071211
2026-07-08,buyhold,1.0,2.756889779172395
2026-07-09,buyhold,1.0,2.7339952728667565
2026-07-13,buyhold,1.0,2.7355571387392654
2026-07-14,buyhold,1.0,2.6968227445401753
2026-07-15,buyhold,1.0,2.7506917456327797
2026-07-16,buyhold,1.0,2.75029329200803
2026-07-17,buyhold,1.0,2.572242390954768
2026-07-20,buyhold,1.0,2.5588860566679315
2026-07-21,buyhold,1.0,2.6663763062967525
2026-07-22,buyhold,1.0,2.702117174473889
2026-07-23,buyhold,1.0,2.7036259935703346
2026-07-24,buyhold,1.0,2.63153241087851
2026-07-27,buyhold,1.0,2.6302876200538354
2026-07-28,buyhold,1.0,2.507868319788747
2026-07-29,buyhold,1.0,2.413578880944212
2026-07-30,buyhold,1.0,2.4071963892969213
2026-07-31,buyhold,1.0,2.599276957010463
2026-08-03,buyhold,1.0,2.6153513357662863
2026-08-04,buyhold,1.0,2.613799114762152
2026-08-05,buyhold,1.0,2.6892063125451324
2026-08-06,buyhold,1.0,2.676252048708687
2026-08-07,buyhold,1.0,2.665956754522431
2026-08-10,buyhold,1.0,2.708324852881879
2026-08-11,buyhold,1.0,2.7198962837150296
2026-08-12,buyhold,1.0,2.7438487115205734
2026-08-13,buyhold,1.0,2.7741944814503303
2026-08-14,buyhold,1.0,2.761507259907024
2026-08-17,buyhold,1.0,2.7642958324760043
2026-08-18,buyhold,1.0,2.7312265928387993
2026-08-19,buyhold,1.0,2.695701528591558
2026-08-20,buyhold,1.0,2.708625049410057
2026-08-21,buyhold,1.0,2.726139527575153
2026-08-24,buyhold,1.0,2.698291778554574
2026-08-25,buyhold,1.0,2.7228343517438254
2026-08-26,buyhold,1.0,2.76280991994195
2026-08-27,buyhold,1.0,2.77140590888135
2026-08-28,buyhold,1.0,2.7928796055144662
2026-08-31,buyhold,1.0,2.7806438843719743
2026-09-01,buyhold,1.0,2.8300889049017277
2026-09-02,buyhold,1.0,2.7828290498632313
2026-09-03,buyhold,1.0,2.7643193418426693
2026-09-04,buyhold,1.0,2.8061220097936204
2026-09-07,buyhold,1.0,2.85284778024584
2026-09-08,buyhold,1.0,2.8395565488205365
2026-09-09,buyhold,1.0,2.8442331043739633
2026-09-10,buyhold,1.0,2.8295927969846777
2026-09-11,buyhold,1.0,2.784042494865686
2026-09-14,buyhold,1.0,2.7646123047195656
2026-09-15,buyhold,1.0,2.743452066308643
2026-09-16,buyhold,1.0,2.763791285299127
2026-09-17,buyhold,1.0,2.7902604209463253
2026-09-18,buyhold,1.0,2.8440757724585928
2026-09-21,buyhold,1.0,2.8765120676086746
2026-09-22,buyhold,1.0,2.8814146747646454
2026-09-23,buyhold,1.0,2.902942020978099
2026-09-24,buyhold,1.0,2.892048467662615
2023-11-06,price,1.0,1.0036305358210964
2023-11-07,price,1.0,1.0057759162303057
2023-11-08,price,1.0,1.0091443865103455
2023-11-09,price,1.0,1.0094349381701486
2023-11-10,price,1.0,1.005638476855959
2023-11-13,price,1.0,1.0150795973867364
2023-11-14,price,1.0,1.0196862276444427
2023-11-15,price,1.0,1.0325301782988463
2023-11-16,price,1.0,1.0350860684182752
2023-11-17,price,1.0,1.0373628601590967
2023-11-20,price,1.0,1.0374544864086612
2023-11-21,price,1.0,1.0498861189400248
2023-11-22,price,1.0,1.0434698702534206
2023-11-23,price,1.0,1.0425228647398304
2023-11-24,price,1.0,1.0420930652928604
2023-11-27,price,1.0,1.0330510011911072
2023-11-28,price,1.0,1.045337960696843
2023-11-29,price,1.0,1.0471047800223254
2023-11-30,price,1.0,1.0509199282689916
2023-12-01,price,1.0,1.0511911901920443
2023-12-04,price,1.0,1.050174259382734
2023-12-05,price,1.0,1.0445398478387946
2023-12-06,price,1.0,1.0465116206172504
2023-12-07,price,1.0,1.0415698311835058
2023-12-08,price,1.0,1.0479143461615692
2023-12-11,price,1.0,1.0499849788408706
2023-12-12,price,1.0,1.0519314338398413
2023-12-13,price,1.0,1.053034565660255
2023-12-14,price,1.0,1.064137014768661
2023-12-15,price,1.0,1.0653884364403436
2023-12-18,price,1.0,1.0640719119071285
2023-12-19,price,1.0,1.0595219452511262
2023-12-20,price,1.0,1.0630573923149118
2023-12-21,price,1.0,1.0575441444299363
2023-12-22,price,1.0,1.0607323762322143
2023-12-25,price,1.0,1.0612272785407169
2023-12-26,price,1.0,1.070081870513427
2023-12-27,price,1.0,1.0785072658434407
2023-12-28,price,1.0,1.079644757507441
2023-12-29,price,1.0,1.0808768894423735
2024-01-02,price,1.0,1.0762322825154393
2024-01-03,price,1.0,1.0584827106836983
2024-01-04,price,1.0,1.0579004017555453
2024-01-05,price,1.0,1.0560612459172487
2024-01-08,price,0.0,1.0559313705309255
2024-01-09,price,0.0,1.0559313705309255
2024-01-10,price,0.0,1.0559313705309255
2024-01-11,price,0.0,1.0559313705309255
2024-01-12,price,0.0,1.0559313705309255
2024-01-15,price,0.0,1.0559313705309255
2024-01-16,price,0.0,1.0559313705309255
2024-01-17,price,0.0,1.0559313705309255
2024-01-18,price,0.0,1.0559313705309255
2024-01-19,price,0.0,1.0559313705309255
2024-01-22,price,1.0,1.0575073367019667
2024-01-23,price,1.0,1.061038673122217
2024-01-24,price,1.0,1.0611122797310777
2024-01-25,price,1.0,1.068638555487062
2024-01-26,price,1.0,1.0681880118086338
2024-01-29,price,1.0,1.075584288795744
2024-01-30,price,1.0,1.0705386744786947
2024-01-31,price,1.0,1.0619272948437022
2024-02-01,price,1.0,1.06659003607434
2024-02-02,price,1.0,1.0720404867401223
2024-02-05,price,1.0,1.0741857632273948
2024-02-15,price,1.0,1.1067448156144726
2024-02-16,price,1.0,1.1045294941284456
2024-02-19,price,1.0,1.1062242269372897
2024-02-20,price,1.0,1.1131907363049243
2024-02-21,price,1.0,1.1086289073606272
2024-02-22,price,1.0,1.119104196284506
2024-02-23,price,1.0,1.1212655000172562
2024-02-26,price,1.0,1.124759439531392
2024-02-27,price,1.0,1.1192009533590566
2024-02-29,price,1.0,1.1258706618845116
2024-03-01,price,1.0,1.1240399942899493
2024-03-04,price,1.0,1.145966453306793
2024-03-05,price,1.0,1.1508108366528447
2024-03-06,price,1.0,1.157490636406934
2024-03-07,price,1.0,1.1690106642952842
2024-03-08,price,1.0,1.1744599277576975
2024-03-11,price,1.0,1.1709434313795564
2024-03-12,price,1.0,1.1821310423246656
2024-03-13,price,1.0,1.1829597102760305
2024-03-14,price,1.0,1.1835182894610121
2024-03-15,price,1.0,1.1683565152391209
2024-03-18,price,1.0,1.1800712444799408
2024-03-19,price,1.0,1.1787267366648684
2024-03-20,price,1.0,1.1744082844111583
2024-03-21,price,1.0,1.1990213846514097
2024-03-22,price,1.0,1.2007630119933184
2024-03-25,price,1.0,1.1986153610993084
2024-03-26,price,1.0,1.1947118364229654
2024-03-27,price,1.0,1.1990825256248987
2024-03-28,price,1.0,1.1959026014017888
2024-03-29,price,1.0,1.2046819703134548
2024-04-01,price,1.0,1.2004009149658597
2024-04-02,price,1.0,1.2148990425046378
2024-04-03,price,1.0,1.2072433615814628
2024-04-08,price,1.0,1.2119981110731766
2024-04-09,price,1.0,1.2344659348261555
2024-04-10,price,1.0,1.2325266381233553
2024-04-11,price,1.0,1.2319146347867815
2024-04-12,price,1.0,1.2309262879823242
2024-04-15,price,1.0,1.213901791674915
2024-04-16,price,1.0,1.181383697804058
2024-04-17,price,1.0,1.1998666734499368
2024-04-18,price,1.0,1.2050826514503972
2024-04-19,price,0.0,1.1855453169311503
2024-04-22,price,0.0,1.1855453169311503
2024-04-23,price,0.0,1.1855453169311503
2024-04-24,price,0.0,1.1855453169311503
2024-04-25,price,0.0,1.1855453169311503
2024-04-26,price,0.0,1.1855453169311503
2024-04-29,price,0.0,1.1855453169311503
2024-04-30,price,1.0,1.177899906509076
2024-05-02,price,1.0,1.1678421984735396
2024-05-03,price,1.0,1.174072248673779
2024-05-06,price,1.0,1.1852173857533503
2024-05-07,price,1.0,1.1927375668534166
2024-05-08,price,1.0,1.1954506532309401
2024-05-09,price,1.0,1.1873806938781275
2024-05-10,price,1.0,1.1959317092020934
2024-05-13,price,1.0,1.2045289243792308
2024-05-14,price,1.0,1.21192898586105
2024-05-15,price,1.0,1.221247496245835
2024-05-16,price,1.0,1.230317104921656
2024-05-17,price,1.0,1.2276727408257258
2024-05-20,price,1.0,1.2284327284104046
2024-05-21,price,1.0,1.226418414812107
2024-05-22,price,1.0,1.2446142269838847
2024-05-23,price,1.0,1.2478251167793362
2024-05-24,price,1.0,1.2453944270043262
2024-05-27,price,1.0,1.2591637157440652
2024-05-28,price,1.0,1.2623191657157102
2024-05-29,price,1.0,1.251005399172061
2024-05-30,price,1.0,1.2337947988691755
2024-05-31,price,1.0,1.2228073187885535
2024-06-03,price,1.0,1.2437439372497576
2024-06-04,price,1.0,1.233340885311761
2024-06-05,price,1.0,1.240747876771556
2024-06-06,price,1.0,1.264876905086943
2024-06-07,price,1.0,1.2623174332212161
2024-06-11,price,1.0,1.2584909303822482
2024-06-12,price,1.0,1.273323393243107
2024-06-13,price,1.0,1.2885162149587073
2024-06-14,price,1.0,1.2996434495951745
2024-06-17,price,1.0,1.2991704785983265
2024-06-18,price,1.0,1.314237405714033
2024-06-19,price,1.0,1.3403466752360031
2024-06-20,price,1.0,1.3516979791603543
2024-06-21,price,1.0,1.3428790046879913
2024-06-24,price,1.0,1.3174869878865159
2024-06-25,price,1.0,1.3210830689577886
2024-06-26,price,1.0,1.3274771286367881
2024-06-27,price,1.0,1.3228161409499017
2024-06-28,price,1.0,1.3301082102749315
2024-07-01,price,1.0,1.331628185444289
2024-07-02,price,1.0,1.3212794183337693
2024-07-03,price,1.0,1.3382035795469887
2024-07-04,price,1.0,1.358421790291369
2024-07-05,price,1.0,1.3603887490401654
2024-07-08,price,1.0,1.378958780022636
2024-07-09,price,1.0,1.3802252334977123
2024-07-10,price,1.0,1.3864044638594624
2024-07-11,price,1.0,1.4085197560747162
2024-07-12,price,1.0,1.3811983179051468
2024-07-15,price,1.0,1.3790286573005586
2024-07-16,price,1.0,1.3858367831636118
2024-07-17,price,1.0,1.3727027424049874
2024-07-18,price,1.0,1.3512573480607268
2024-07-19,price,1.0,1.3206955676893086
2024-07-22,price,1.0,1.2853370875623116
2024-07-23,price,0.0,1.2989224575740637
2024-07-26,price,0.0,1.2989224575740637
2024-07-29,price,0.0,1.2989224575740637
2024-07-30,price,0.0,1.2989224575740637
2024-07-31,price,0.0,1.2989224575740637
2024-08-01,price,0.0,1.2989224575740637
2024-08-02,price,0.0,1.2989224575740637
2024-08-05,price,0.0,1.2989224575740637
2024-08-06,price,0.0,1.2989224575740637
2024-08-07,price,0.0,1.2989224575740637
2024-08-08,price,0.0,1.2989224575740637
2024-08-09,price,0.0,1.2989224575740637
2024-08-12,price,0.0,1.2989224575740637
2024-08-13,price,0.0,1.2989224575740637
2024-08-14,price,0.0,1.2989224575740637
2024-08-15,price,0.0,1.2989224575740637
2024-08-16,price,0.0,1.2989224575740637
2024-08-19,price,1.0,1.3017374849329582
2024-08-20,price,1.0,1.302868464285658
2024-08-21,price,1.0,1.2917613989528511
2024-08-22,price,1.0,1.286588054260943
2024-08-23,price,1.0,1.2871236284587801
2024-08-26,price,1.0,1.291890935879226
2024-08-27,price,1.0,1.2886891083537604
2024-08-28,price,1.0,1.2994737835783245
2024-08-29,price,1.0,1.2896678963400465
2024-08-30,price,1.0,1.2935156658481535
2024-09-02,price,1.0,1.2915993325741129
2024-09-03,price,1.0,1.2832990942737899
2024-09-04,price,1.0,1.2252421541685272
2024-09-05,price,1.0,1.2307582198764053
2024-09-06,price,1.0,1.2451339142886382
2024-09-09,price,0.0,1.2260514515094567
2024-09-10,price,0.0,1.2260514515094567
2024-09-11,price,0.0,1.2260514515094567
2024-09-12,price,0.0,1.2260514515094567
2024-09-13,price,0.0,1.2260514515094567
2024-09-16,price,0.0,1.2260514515094567
2024-09-18,price,1.0,1.2172632423995673
2024-09-19,price,1.0,1.2376933590823362
2024-09-20,price,1.0,1.2442477290710119
2024-09-23,price,1.0,1.2513287844918282
2024-09-24,price,1.0,1.2595406975462597
2024-09-25,price,1.0,1.2780600354171157
2024-09-26,price,1.0,1.2835183606685436
2024-09-27,price,1.0,1.2814958436892572
2024-09-30,price,1.0,1.247904206186257
2024-10-01,price,1.0,1.2572166559645646
2024-10-04,price,1.0,1.2522934386202051
2024-10-07,price,1.0,1.2747449492856038
2024-10-08,price,1.0,1.269625769024595
2024-10-09,price,1.0,1.2723035545532504
2024-10-11,price,1.0,1.2859232580095439
2024-10-14,price,1.0,1.2900586931990066
2024-10-15,price,1.0,1.3078441527545022
2024-10-16,price,1.0,1.292062680733452
2024-10-17,price,1.0,1.294469262569438
2024-10-18,price,1.0,1.3188062846219668
2024-10-21,price,1.0,1.321909124385303
2024-10-22,price,1.0,1.3215104605720622
2024-10-23,price,1.0,1.310242873613889
2024-10-24,price,1.0,1.3022561213891892
2024-10-25,price,1.0,1.3110115648256166
2024-10-28,price,1.0,1.3025677529615112
2024-10-29,price,1.0,1.2873241963391717
2024-10-30,price,1.0,1.2813633300837293
2024-11-01,price,1.0,1.279097684328199
2024-11-04,price,0.0,1.2811337233102325
2024-11-05,price,0.0,1.2811337233102325
2024-11-06,price,1.0,1.2856365644055496
2024-11-07,price,1.0,1.296237341232642
2024-11-08,price,1.0,1.3042704309438113
2024-11-11,price,1.0,1.3029276141967523
2024-11-12,price,1.0,1.272589923012783
2024-11-13,price,1.0,1.2658597808504093
2024-11-14,price,1.0,1.2578388733942647
2024-11-15,price,0.0,1.2594426611771607
2024-11-18,price,0.0,1.2594426611771607
2024-11-19,price,0.0,1.2594426611771607
2024-11-20,price,0.0,1.2594426611771607
2024-11-21,price,0.0,1.2594426611771607
2024-11-22,price,0.0,1.2594426611771607
2024-11-25,price,0.0,1.2594426611771607
2024-11-26,price,0.0,1.2594426611771607
2024-11-27,price,0.0,1.2594426611771607
2024-11-28,price,0.0,1.2594426611771607
2024-11-29,price,0.0,1.2594426611771607
2024-12-02,price,0.0,1.2594426611771607
2024-12-03,price,0.0,1.2594426611771607
2024-12-04,price,1.0,1.2652163793667803
2024-12-05,price,1.0,1.265902431920918
2024-12-06,price,1.0,1.2618399779782168
2024-12-09,price,1.0,1.2661913247886794
2024-12-10,price,1.0,1.2581300712639703
2024-12-11,price,1.0,1.246081987353281
2024-12-12,price,1.0,1.2538712136955403
2024-12-13,price,1.0,1.2524392626071261
2024-12-16,price,1.0,1.2534958161837602
2024-12-17,price,1.0,1.252304881178996
2024-12-18,price,1.0,1.260501604240565
2024-12-19,price,1.0,1.2476390709456218
2024-12-20,price,1.0,1.224679976746882
2024-12-23,price,1.0,1.2570125835984676
2024-12-24,price,1.0,1.257866748951359
2024-12-25,price,1.0,1.2633013080023356
2024-12-26,price,1.0,1.26475991775463
2024-12-27,price,1.0,1.2663235299993498
2024-12-30,price,1.0,1.2616729532881927
2024-12-31,price,1.0,1.2532346700886086
2025-01-02,price,1.0,1.2421881902636984
2025-01-03,price,1.0,1.2463360607416885
2025-01-06,price,0.0,1.2572366366110745
2025-01-07,price,1.0,1.2468367984501658
2025-01-08,price,1.0,1.2339768814726026
2025-01-09,price,1.0,1.2167804195636038
2025-01-10,price,1.0,1.2131286754911443
2025-01-13,price,1.0,1.1855294611955647
2025-01-14,price,0.0,1.188853620576289
2025-01-15,price,0.0,1.188853620576289
2025-01-16,price,0.0,1.188853620576289
2025-01-17,price,0.0,1.188853620576289
2025-01-20,price,1.0,1.1909085143864473
2025-01-21,price,1.0,1.1926073393050431
2025-01-22,price,1.0,1.2041444027775206
2025-02-03,price,1.0,1.1616251542123612
2025-02-04,price,1.0,1.1667052498185873
2025-02-05,price,1.0,1.1855218215743644
2025-02-06,price,1.0,1.1934564958401293
2025-02-07,price,1.0,1.201731549307722
2025-02-10,price,1.0,1.1901571209003072
2025-02-11,price,1.0,1.196908913458668
2025-02-12,price,1.0,1.1920821828222234
2025-02-13,price,1.0,1.1976951126376265
2025-02-14,price,1.0,1.1850626935382147
2025-02-17,price,1.0,1.203116611142528
2025-02-18,price,1.0,1.2113461101004024
2025-02-19,price,1.0,1.2081711143275642
2025-02-20,price,1.0,1.2022019380091953
2025-02-21,price,1.0,1.2146291058906629
2025-02-24,price,1.0,1.206186677988487
2025-02-25,price,1.0,1.1918759079074315
2025-02-26,price,1.0,1.1978558330427
2025-02-27,price,1.0,1.1799733846603602
2025-03-03,price,1.0,1.1647750694124335
2025-03-04,price,1.0,1.1566177410823149
2025-03-05,price,0.0,1.1647664263399493
2025-03-06,price,0.0,1.1647664263399493
2025-03-07,price,0.0,1.1647664263399493
2025-03-10,price,0.0,1.1647664263399493
2025-03-11,price,0.0,1.1647664263399493
2025-03-12,price,0.0,1.1647664263399493
2025-03-13,price,0.0,1.1647664263399493
2025-03-14,price,0.0,1.1647664263399493
2025-03-17,price,0.0,1.1647664263399493
2025-03-18,price,0.0,1.1647664263399493
2025-03-19,price,0.0,1.1647664263399493
2025-03-20,price,0.0,1.1647664263399493
2025-03-21,price,0.0,1.1647664263399493
2025-03-24,price,0.0,1.1647664263399493
2025-03-25,price,0.0,1.1647664263399493
2025-03-26,price,0.0,1.1647664263399493
2025-03-27,price,0.0,1.1647664263399493
2025-03-28,price,0.0,1.1647664263399493
2025-03-31,price,0.0,1.1647664263399493
2025-04-01,price,0.0,1.1647664263399493
2025-04-02,price,0.0,1.1647664263399493
2025-04-07,price,0.0,1.1647664263399493
2025-04-08,price,0.0,1.1647664263399493
2025-04-09,price,0.0,1.1647664263399493
2025-04-10,price,0.0,1.1647664263399493
2025-04-11,price,0.0,1.1647664263399493
2025-04-14,price,0.0,1.1647664263399493
2025-04-15,price,0.0,1.1647664263399493
2025-04-16,price,0.0,1.1647664263399493
2025-04-17,price,0.0,1.1647664263399493
2025-04-18,price,0.0,1.1647664263399493
2025-04-21,price,0.0,1.1647664263399493
2025-04-22,price,0.0,1.1647664263399493
2025-04-23,price,0.0,1.1647664263399493
2025-04-24,price,0.0,1.1647664263399493
2025-04-25,price,0.0,1.1647664263399493
2025-04-28,price,1.0,1.1672348456362238
2025-04-29,price,1.0,1.178783440833288
2025-04-30,price,1.0,1.1789232684413644
2025-05-02,price,1.0,1.211119157816047
2025-05-05,price,1.0,1.196282865984081
2025-05-06,price,1.0,1.195676946349082
2025-05-07,price,1.0,1.197069396279512
2025-05-08,price,1.0,1.1968893682341133
2025-05-09,price,1.0,1.2185416733447827
2025-05-12,price,1.0,1.2310387658166333
2025-05-13,price,1.0,1.2427260233917068
2025-05-14,price,1.0,1.269102753810266
2025-05-15,price,1.0,1.2660370335031854
2025-05-16,price,1.0,1.2726462184449416
2025-05-19,price,1.0,1.2540106939785263
2025-05-20,price,1.0,1.2541388692859297
2025-05-21,price,1.0,1.2703285758410712
2025-05-22,price,1.0,1.2625827089686583
2025-05-23,price,1.0,1.2614920536256606
2025-05-26,price,1.0,1.2547529455313997
2025-05-27,price,1.0,1.2430988970132446
2025-05-28,price,1.0,1.2443328756545209
2025-05-29,price,1.0,1.2437257907894548
2025-06-02,price,1.0,1.223649459344816
2025-06-03,price,1.0,1.2308867032928499
2025-06-04,price,1.0,1.2595024232857366
2025-06-05,price,1.0,1.262784876385336
2025-06-06,price,1.0,1.2619826154839962
2025-06-09,price,1.0,1.2695350541652364
2025-06-10,price,1.0,1.2958605144608342
2025-06-11,price,1.0,1.3091418067679812
2025-06-12,price,1.0,1.2985218999345596
2025-06-13,price,1.0,1.2860032507064638
2025-06-16,price,1.0,1.2846603230538944
2025-06-17,price,1.0,1.294080625533025
2025-06-18,price,1.0,1.3025367001314605
2025-06-19,price,1.0,1.2819569892977458
2025-06-20,price,1.0,1.2844179551998949
2025-06-23,price,1.0,1.266140156364142
2025-06-24,price,1.0,1.2927505154111958
2025-06-25,price,1.0,1.3068410600000868
2025-06-26,price,1.0,1.310437542602825
2025-06-27,price,1.0,1.315549406908094
2025-06-30,price,1.0,1.2966691841275442
2025-07-01,price,1.0,1.3140136336793853
2025-07-02,price,1.0,1.3154130749902193
2025-07-03,price,1.0,1.3232917780903048
2025-07-04,price,1.0,1.3136512471284534
2025-07-07,price,1.0,1.3067309457587264
2025-07-08,price,1.0,1.302859468860104
2025-07-09,price,1.0,1.3124574689244988
2025-07-10,price,1.0,1.3221428612439416
2025-07-11,price,1.0,1.3255092109083868
2025-07-14,price,1.0,1.3175821507605083
2025-07-15,price,1.0,1.330456195159132
2025-07-16,price,1.0,1.3425139958956087
2025-07-17,price,1.0,1.3466144405024565
2025-07-18,price,1.0,1.362336307185575
2025-07-21,price,1.0,1.3598561149873154
2025-07-22,price,1.0,1.339310778440586
2025-07-23,price,1.0,1.3585807706786495
2025-07-24,price,1.0,1.3617886490539413
2025-07-25,price,1.0,1.3612439039974762
2025-07-28,price,1.0,1.3640754130610282
2025-07-29,price,1.0,1.3517554355594081
2025-07-30,price,1.0,1.3669150787350517
2025-07-31,price,1.0,1.3716226082069656
2025-08-01,price,1.0,1.365322209233045
2025-08-04,price,1.0,1.3620921914864743
2025-08-05,price,1.0,1.3785015439093031
2025-08-06,price,1.0,1.3660784435467264
2025-08-07,price,1.0,1.3984957266341969
2025-08-08,price,1.0,1.3995147203280554
2025-08-11,price,1.0,1.406170514472504
2025-08-12,price,1.0,1.4075023724394342
2025-08-13,price,1.0,1.4198340022417275
2025-08-14,price,1.0,1.4121481447177808
2025-08-15,price,1.0,1.4177633884121257
2025-08-18,price,1.0,1.4263884213703204
2025-08-19,price,1.0,1.4188715222061332
2025-08-20,price,1.0,1.3764536520660138
2025-08-21,price,1.0,1.396069717634067
2025-08-22,price,1.0,1.3845537488788875
2025-08-25,price,1.0,1.4144366565699689
2025-08-26,price,1.0,1.416051665443254
2025-08-27,price,1.0,1.4285662363661145
2025-08-28,price,1.0,1.4120520132372283
2025-08-29,price,1.0,1.4118568372009543
2025-09-01,price,1.0,1.4024551784029007
2025-09-02,price,1.0,1.399253708792979
2025-09-03,price,1.0,1.4041197095540465
2025-09-04,price,0.0,1.4105712813985938
2025-09-05,price,1.0,1.4237116028147163
2025-09-08,price,1.0,1.4267805255163353
2025-09-09,price,1.0,1.4446709499019081
2025-09-10,price,1.0,1.4642824121889004
2025-09-11,price,1.0,1.4656262283415789
2025-09-12,price,1.0,1.480676155522074
2025-09-15,price,1.0,1.4738478025109722
2025-09-16,price,1.0,1.4896853036044777
2025-09-17,price,1.0,1.47856104004647
2025-09-18,price,1.0,1.4978063240565644
2025-09-19,price,1.0,1.4867053099129626
2025-09-22,price,1.0,1.5042719862029292
2025-09-23,price,1.0,1.5255899555073367
2025-09-24,price,1.0,1.5226465796435116
2025-09-25,price,1.0,1.5125981827371506
2025-09-26,price,1.0,1.4868186508081929
2025-09-30,price,1.0,1.5007810866298381
2025-10-01,price,1.0,1.5102186051726758
2025-10-02,price,1.0,1.5332053011960884
2025-10-03,price,1.0,1.5554474347231426
2025-10-07,price,1.0,1.5816547558771745
2025-10-08,price,1.0,1.5730367791921553
2025-10-09,price,1.0,1.5868841304124897
2025-10-13,price,1.0,1.5648843720306203
2025-10-14,price,1.0,1.5573126189938802
2025-10-15,price,1.0,1.5853607125335232
2025-10-16,price,1.0,1.6069919676970543
2025-10-17,price,1.0,1.5869102860036965
2025-10-20,price,1.0,1.6093610830250464
2025-10-21,price,1.0,1.6130682021521154
2025-10-22,price,1.0,1.6070524161745103
2025-10-23,price,1.0,1.6002723056983015
2025-10-27,price,1.0,1.627088761509776
2025-10-28,price,1.0,1.6245011016863657
2025-10-29,price,1.0,1.6445903394394055
2025-10-30,price,1.0,1.6441712687447334
2025-10-31,price,1.0,1.6410221355634131
2025-11-03,price,1.0,1.6469065623496233
2025-11-04,price,1.0,1.6342338877921623
2025-11-05,price,1.0,1.6110135351539674
2025-11-06,price,1.0,1.6216146868878356
2025-11-07,price,1.0,1.6071977250145493
2025-11-10,price,1.0,1.6198744682195312
2025-11-11,price,1.0,1.6149595420140601
2025-11-12,price,1.0,1.6243836921436143
2025-11-13,price,1.0,1.6218535746208593
2025-11-14,price,1.0,1.592439577984852
2025-11-17,price,1.0,1.5953347113137843
2025-11-18,price,1.0,1.555160304455226
2025-11-19,price,0.0,1.5508272948177517
2025-11-20,price,0.0,1.5508272948177517
2025-11-21,price,0.0,1.5508272948177517
2025-11-24,price,0.0,1.5508272948177517
2025-11-25,price,0.0,1.5508272948177517
2025-11-26,price,0.0,1.5508272948177517
2025-11-27,price,0.0,1.5508272948177517
2025-11-28,price,1.0,1.5526703847183112
2025-12-01,price,1.0,1.5367117553257585
2025-12-02,price,1.0,1.5491740426351603
2025-12-03,price,1.0,1.562031431774566
2025-12-04,price,1.0,1.5621814917868149
2025-12-05,price,1.0,1.5725890247711884
2025-12-08,price,1.0,1.5907361698480023
2025-12-09,price,1.0,1.5839255809774635
2025-12-10,price,1.0,1.5961849781579442
2025-12-11,price,1.0,1.575054055534201
2025-12-12,price,1.0,1.5847922196998905
2025-12-15,price,1.0,1.5661847781810094
2025-12-16,price,1.0,1.5476222984635513
2025-12-17,price,1.0,1.5469765345906143
2025-12-18,price,1.0,1.5437932390498705
2025-12-19,price,0.0,1.5544449292285563
2025-12-22,price,1.0,1.5619352865187748
2025-12-23,price,1.0,1.5708592390855152
2025-12-24,price,1.0,1.5742722361779742
2025-12-26,price,1.0,1.5844840388912917
2025-12-29,price,1.0,1.598625976282855
2025-12-30,price,1.0,1.5928686591260748
2025-12-31,price,1.0,1.607099375502322
2026-01-02,price,1.0,1.628528957799162
2026-01-05,price,1.0,1.6704343031761393
2026-01-06,price,1.0,1.6965830433776068
2026-01-07,price,1.0,1.6887688281194209
2026-01-08,price,1.0,1.684611752161576
2026-01-09,price,1.0,1.6806394474656055
2026-01-12,price,1.0,1.696083106720103
2026-01-13,price,1.0,1.703847383799404
2026-01-14,price,1.0,1.7168623829541299
2026-01-15,price,1.0,1.7095825062100132
2026-01-16,price,1.0,1.7427703101596412
2026-01-19,price,1.0,1.7555650264586193
2026-01-20,price,1.0,1.762262291115745
2026-01-21,price,1.0,1.7337631272947593
2026-01-22,price,1.0,1.7614904688176456
2026-01-23,price,1.0,1.7734440042367392
2026-01-26,price,1.0,1.7791597062444489
2026-01-27,price,1.0,1.793220077943833
2026-01-28,price,1.0,1.8201811458551624
2026-01-29,price,1.0,1.8053356350099758
2026-01-30,price,1.0,1.7791169813580694
2026-02-02,price,1.0,1.7547182968921922
2026-02-03,price,1.0,1.7864196077170118
2026-02-04,price,1.0,1.79166034215666
2026-02-05,price,1.0,1.7645527889206014
2026-02-06,price,1.0,1.7635346049400027
2026-02-09,price,1.0,1.7980307891764165
2026-02-10,price,1.0,1.8351154356850334
2026-02-11,price,1.0,1.8646755083729971
2026-02-23,price,1.0,1.8739723326754119
2026-02-24,price,1.0,1.925439729571548
2026-02-25,price,1.0,1.9649602494724419
2026-02-26,price,1.0,1.9650390408213492
2026-03-02,price,1.0,1.9473165360037352
2026-03-03,price,1.0,1.9045117485381748
2026-03-04,price,1.0,1.821571646702781
2026-03-05,price,1.0,1.8684058903357028
2026-03-06,price,1.0,1.8643331544133082
2026-03-09,price,1.0,1.781706553367581
2026-03-10,price,1.0,1.8184083405047469
2026-03-11,price,1.0,1.8928894697056846
2026-03-12,price,1.0,1.863352146632546
2026-03-13,price,1.0,1.8532790610827976
2026-03-16,price,1.0,1.8500713653924212
2026-03-17,price,1.0,1.8774852061256406
2026-03-18,price,1.0,1.9058950360932878
2026-03-19,price,1.0,1.8693347404629628
2026-03-20,price,1.0,1.8612447554836011
2026-03-23,price,1.0,1.8156689539585802
2026-03-24,price,0.0,1.8327215719534404
2026-03-25,price,0.0,1.8327215719534404
2026-03-26,price,0.0,1.8327215719534404
2026-03-27,price,0.0,1.8327215719534404
2026-03-30,price,0.0,1.8327215719534404
2026-03-31,price,0.0,1.8327215719534404
2026-04-01,price,0.0,1.8327215719534404
2026-04-02,price,0.0,1.8327215719534404
2026-04-07,price,0.0,1.8327215719534404
2026-04-08,price,1.0,1.9066878386482937
2026-04-09,price,1.0,1.912160846697466
2026-04-10,price,1.0,1.942694614894826
2026-04-13,price,1.0,1.9448590255745246
2026-04-14,price,1.0,1.9908694819975248
2026-04-15,price,1.0,2.014236999426952
2026-04-16,price,1.0,2.0367192257167357
2026-04-17,price,1.0,2.0187457312533894
2026-04-20,price,1.0,2.0272179784299293
2026-04-21,price,1.0,2.062668568049696
2026-04-22,price,1.0,2.0776625696564475
2026-04-23,price,1.0,2.0686494940637443
2026-04-24,price,1.0,2.1354714228661473
2026-04-27,price,1.0,2.1730019530073075
2026-04-28,price,1.0,2.1677966166286105
2026-04-29,price,1.0,2.155826536987692
2026-04-30,price,1.0,2.135154934026262
2026-05-04,price,1.0,2.2327075452262313
2026-05-05,price,1.0,2.236226220976426
2026-05-06,price,1.0,2.2564968649396646
2026-05-07,price,1.0,2.300099373343436
2026-05-08,price,1.0,2.282007401255454
2026-05-11,price,1.0,2.2922162232449494
2026-05-12,price,1.0,2.2981543656723233
2026-05-13,price,1.0,2.269422444682974
2026-05-14,price,1.0,2.2901148909302194
2026-05-15,price,1.0,2.258334913644092
2026-05-18,price,1.0,2.2429470836369294
2026-05-19,price,1.0,2.2036596839045184
2026-05-20,price,1.0,2.195172078517378
2026-05-21,price,1.0,2.2690774334519728
2026-05-22,price,1.0,2.318429946203256
2026-05-25,price,1.0,2.3939281669801833
2026-05-26,price,1.0,2.387399281952192
2026-05-27,price,1.0,2.4275187675946643
2026-05-28,price,1.0,2.3934915549930977
2026-05-29,price,1.0,2.4536354047216715
2026-06-01,price,1.0,2.4868184642477047
2026-06-02,price,1.0,2.498852719268634
2026-06-03,price,1.0,2.548319870091903
2026-06-04,price,1.0,2.505443037139029
2026-06-05,price,1.0,2.472174958947169
2026-06-08,price,1.0,2.3861602034612037
2026-06-09,price,1.0,2.452072158285498
2026-06-10,price,1.0,2.3709533809361245
2026-06-11,price,1.0,2.366780335712823
2026-06-12,price,1.0,2.4227050655862925
2026-06-15,price,1.0,2.4900590466845163
2026-06-16,price,1.0,2.51266852671928
2026-06-17,price,1.0,2.5164093480156673
2026-06-18,price,1.0,2.5486511686348674
2026-06-22,price,1.0,2.618657732106893
2026-06-23,price,1.0,2.583506079086324
2026-06-24,price,1.0,2.5255260915299274
2026-06-25,price,1.0,2.5371358017292436
2026-06-26,price,1.0,2.444794560490708
2026-06-29,price,1.0,2.4682783615146855
2026-06-30,price,1.0,2.530040856939101
2026-07-01,price,1.0,2.5790269666660457
2026-07-02,price,1.0,2.563952334453639
2026-07-03,price,1.0,2.5659521928768982
2026-07-06,price,1.0,2.5536530087231015
2026-07-07,price,1.0,2.4945633904507822
2026-07-08,price,1.0,2.508566787473769
2026-07-09,price,1.0,2.48773447180855
2026-07-13,price,0.0,2.493231048128904
2026-07-14,price,0.0,2.493231048128904
2026-07-15,price,0.0,2.493231048128904
2026-07-16,price,0.0,2.493231048128904
2026-07-17,price,0.0,2.493231048128904
2026-07-20,price,0.0,2.493231048128904
2026-07-21,price,0.0,2.493231048128904
2026-07-22,price,0.0,2.493231048128904
2026-07-23,price,0.0,2.493231048128904
2026-07-24,price,0.0,2.493231048128904
2026-07-27,price,0.0,2.493231048128904
2026-07-28,price,0.0,2.493231048128904
2026-07-29,price,0.0,2.493231048128904
2026-07-30,price,0.0,2.493231048128904
2026-07-31,price,0.0,2.493231048128904
2026-08-03,price,0.0,2.493231048128904
2026-08-04,price,0.0,2.493231048128904
2026-08-05,price,0.0,2.493231048128904
2026-08-06,price,1.0,2.485632066223796
2026-08-07,price,1.0,2.4760700694855173
2026-08-10,price,1.0,2.5154204378179696
2026-08-11,price,1.0,2.526167676496347
2026-08-12,price,1.0,2.5484140574551577
2026-08-13,price,1.0,2.5765984053561892
2026-08-14,price,1.0,2.5648148497996246
2026-08-17,price,1.0,2.567404802192111
2026-08-18,price,1.0,2.536690967713204
2026-08-19,price,1.0,2.503696228338708
2026-08-20,price,1.0,2.515699252407563
2026-08-21,price,1.0,2.5319662361437714
2026-08-24,price,1.0,2.5061019839440943
2026-08-25,price,1.0,2.5288964763149764
2026-08-26,price,1.0,2.5660247259604905
2026-08-27,price,1.0,2.5740084529637026
2026-08-28,price,1.0,2.5939526540180804
2026-08-31,price,1.0,2.5825884400832138
2026-09-01,price,1.0,2.628511666411298
2026-09-02,price,1.0,2.5846179639532445
2026-09-03,price,1.0,2.5674266370696097
2026-09-04,price,1.0,2.606251848604796
2026-09-07,price,1.0,2.649649507435581
2026-09-08,price,1.0,2.6373049634879075
2026-09-09,price,1.0,2.641648424504101
2026-09-10,price,1.0,2.628050894509219
2026-09-11,price,1.0,2.5857449795533474
2026-09-14,price,1.0,2.567698733235357
2026-09-15,price,1.0,2.548045663880956
2026-09-16,price,1.0,2.5669361921288796
2026-09-17,price,0.0,2.5692469878520257
2026-09-18,price,1.0,2.6070839405191197
2026-09-21,price,1.0,2.6368173762435183
2026-09-22,price,1.0,2.6413114577679204
2026-09-23,price,1.0,2.6610449680838477
2026-09-24,price,1.0,2.651059155406488
2023-11-06,breadth,0.0,1.0
2023-11-07,breadth,1.0,1.0010895835279294
2023-11-08,breadth,1.0,1.00444235868923
2023-11-09,breadth,1.0,1.0047315565467365
2023-11-10,breadth,1.0,1.0009527845413908
2023-11-13,breadth,1.0,1.0103499149236903
2023-11-14,breadth,0.0,1.0120506311241042
2023-11-15,breadth,0.0,1.0120506311241042
2023-11-16,breadth,1.0,1.0130845010149239
2023-11-17,breadth,1.0,1.0153128977589645
2023-11-20,breadth,1.0,1.0154025764206256
2023-11-21,breadth,1.0,1.02756996483798
2023-11-22,breadth,1.0,1.0212900985569189
2023-11-23,breadth,1.0,1.0203632223893553
2023-11-24,breadth,1.0,1.019942558667221
2023-11-27,breadth,1.0,1.011092690740134
2023-11-28,breadth,1.0,1.023118481270655
2023-11-29,breadth,1.0,1.024847745463608
2023-11-30,breadth,1.0,1.0285817997376434
2023-12-01,breadth,1.0,1.028847295775456
2023-12-04,breadth,1.0,1.0278519806292563
2023-12-05,breadth,1.0,1.0223373329282908
2023-12-06,breadth,1.0,1.0242671941275912
2023-12-07,breadth,1.0,1.0194304463098405
2023-12-08,breadth,1.0,1.02564010363868
2023-12-11,breadth,1.0,1.0276667233939827
2023-12-12,breadth,1.0,1.029571804963087
2023-12-13,breadth,1.0,1.0306514888501916
2023-12-14,breadth,1.0,1.0415179466822644
2023-12-15,breadth,1.0,1.042742768403373
2023-12-18,breadth,1.0,1.041454227633189
2023-12-19,breadth,1.0,1.037000974092279
2023-12-20,breadth,1.0,1.0404612724517701
2023-12-21,breadth,1.0,1.0350652129810276
2023-12-22,breadth,1.0,1.0381856764121185
2023-12-25,breadth,1.0,1.0386700591833276
2023-12-26,breadth,1.0,1.0473364398487264
2023-12-27,breadth,1.0,1.0555827467831862
2023-12-28,breadth,1.0,1.0566960601684137
2023-12-29,breadth,1.0,1.0579020021712782
2024-01-02,breadth,1.0,1.053356120012731
2024-01-03,breadth,1.0,1.0359838292718593
2024-01-04,breadth,1.0,1.0354138977773548
2024-01-05,breadth,1.0,1.033613834640985
2024-01-08,breadth,1.0,1.0367714675173698
2024-01-09,breadth,1.0,1.0345784702450378
2024-01-10,breadth,1.0,1.0304567917557959
2024-01-11,breadth,1.0,1.0351584315898594
2024-01-12,breadth,1.0,1.0332415501968526
2024-01-15,breadth,1.0,1.0352469302691303
2024-01-16,breadth,1.0,1.0234500563223232
2024-01-17,breadth,1.0,1.0125304992826882
2024-01-18,breadth,1.0,1.0164244411706065
2024-01-19,breadth,0.0,1.0341934119015388
2024-01-22,breadth,0.0,1.0341934119015388
2024-01-23,breadth,0.0,1.0341934119015388
2024-01-24,breadth,0.0,1.0341934119015388
2024-01-25,breadth,1.0,1.0393835208022273
2024-01-26,breadth,1.0,1.0389453112014644
2024-01-29,breadth,1.0,1.0461391078095115
2024-01-30,breadth,1.0,1.0412316221619673
2024-01-31,breadth,1.0,1.0328559875397414
2024-02-01,breadth,1.0,1.0373910816293246
2024-02-02,breadth,0.0,1.0391360478480467
2024-02-05,breadth,0.0,1.0391360478480467
2024-02-15,breadth,0.0,1.0391360478480467
2024-02-16,breadth,0.0,1.0391360478480467
2024-02-19,breadth,1.0,1.0422791920448378
2024-02-20,breadth,1.0,1.0488430039540868
2024-02-21,breadth,1.0,1.0445448704739764
2024-02-22,breadth,1.0,1.0544146377509458
2024-02-23,breadth,1.0,1.0564510078226548
2024-02-26,breadth,1.0,1.059742980973459
2024-02-27,breadth,1.0,1.0545058018052411
2024-02-29,breadth,1.0,1.0607899693761615
2024-03-01,breadth,1.0,1.0590651230973507
2024-03-04,breadth,1.0,1.0797241282357146
2024-03-05,breadth,1.0,1.0842884831259139
2024-03-06,breadth,1.0,1.0905821586043376
2024-03-07,breadth,1.0,1.1014362739522239
2024-03-08,breadth,1.0,1.106570544003937
2024-03-11,breadth,1.0,1.10325731788342
2024-03-12,breadth,1.0,1.1137982315723782
2024-03-13,breadth,1.0,1.1145789985649917
2024-03-14,breadth,1.0,1.115105289209726
2024-03-15,breadth,1.0,1.1008199378305477
2024-03-18,breadth,1.0,1.1118574998643775
2024-03-19,breadth,1.0,1.1105907110117492
2024-03-20,breadth,1.0,1.106521885889068
2024-03-21,breadth,1.0,1.1297122315779824
2024-03-22,breadth,1.0,1.1313531845552947
2024-03-25,breadth,1.0,1.1293296781231488
2024-03-26,breadth,1.0,1.125651795785451
2024-03-27,breadth,1.0,1.129769838311678
2024-03-28,breadth,1.0,1.1267737288708253
2024-03-29,breadth,1.0,1.1350456083985856
2024-04-01,breadth,1.0,1.1310120184625339
2024-04-02,breadth,1.0,1.1446720851012093
2024-04-03,breadth,1.0,1.1374589390383614
2024-04-08,breadth,1.0,1.1419388413383855
2024-04-09,breadth,1.0,1.1631079177498609
2024-04-10,breadth,1.0,1.1612807216432217
2024-04-11,breadth,1.0,1.1607040950175882
2024-04-12,breadth,1.0,1.1597728793709539
2024-04-15,breadth,1.0,1.1437324801244253
2024-04-16,breadth,1.0,1.1130940871284667
2024-04-17,breadth,1.0,1.1305086586535424
2024-04-18,breadth,1.0,1.135423128255329
2024-04-19,breadth,1.0,1.092129710372648
2024-04-22,breadth,1.0,1.0856475546101911
2024-04-23,breadth,1.0,1.0961655374634063
2024-04-24,breadth,0.0,1.1046337015893941
2024-04-25,breadth,1.0,1.095498780008936
2024-04-26,breadth,1.0,1.1100129905172775
2024-04-29,breadth,1.0,1.130701629700573
2024-04-30,breadth,1.0,1.1252443880589857
2024-05-02,breadth,1.0,1.1156362885412057
2024-05-03,breadth,1.0,1.1215878375534825
2024-05-06,breadth,1.0,1.1322347549049776
2024-05-07,breadth,1.0,1.139418762249978
2024-05-08,breadth,1.0,1.1420105658520987
2024-05-09,breadth,1.0,1.1343013569257403
2024-05-10,breadth,1.0,1.1424701172357867
2024-05-13,breadth,1.0,1.1506830121325018
2024-05-14,breadth,1.0,1.1577522695521638
2024-05-15,breadth,1.0,1.1666542156832445
2024-05-16,breadth,1.0,1.1753183867286472
2024-05-17,breadth,1.0,1.1727922333241967
2024-05-20,breadth,1.0,1.173518247274897
2024-05-21,breadth,1.0,1.171593979296141
2024-05-22,breadth,1.0,1.1889763862556157
2024-05-23,breadth,1.0,1.1920437400290917
2024-05-24,breadth,1.0,1.1897217090879837
2024-05-27,breadth,1.0,1.202875470962262
2024-05-28,breadth,1.0,1.2058898632317354
2024-05-29,breadth,1.0,1.1950818546388997
2024-05-30,breadth,1.0,1.1786406177401352
2024-05-31,breadth,1.0,1.1681443096656472
2024-06-03,breadth,1.0,1.1881450009792436
2024-06-04,breadth,1.0,1.178206995426115
2024-06-05,breadth,1.0,1.1852828730337774
2024-06-06,breadth,1.0,1.2083332642861824
2024-06-07,breadth,1.0,1.2058882081847355
2024-06-11,breadth,1.0,1.2022327610438988
2024-06-12,breadth,1.0,1.216402170093891
2024-06-13,breadth,1.0,1.2309158289198991
2024-06-14,breadth,1.0,1.24154564411906
2024-06-17,breadth,1.0,1.241093816288039
2024-06-18,breadth,1.0,1.255487208365375
2024-06-19,breadth,1.0,1.280429318338868
2024-06-20,breadth,1.0,1.291273186283372
2024-06-21,breadth,1.0,1.282848445370647
2024-06-24,breadth,1.0,1.258591524855186
2024-06-25,breadth,1.0,1.2620268507450123
2024-06-26,breadth,1.0,1.268135077539963
2024-06-27,breadth,1.0,1.2636824494274226
2024-06-28,breadth,1.0,1.2706485422507465
2024-07-01,breadth,1.0,1.2721005701521473
2024-07-02,breadth,1.0,1.2622144227383543
2024-07-03,breadth,1.0,1.2783820251997728
2024-07-04,breadth,1.0,1.2976964236906707
2024-07-05,breadth,1.0,1.2995754537180915
2024-07-08,breadth,1.0,1.317315350829583
2024-07-09,breadth,1.0,1.3185251901866393
2024-07-10,breadth,1.0,1.3244281911535805
2024-07-11,breadth,1.0,1.3455548661095627
2024-07-12,breadth,1.0,1.3194547749183492
2024-07-15,breadth,1.0,1.3173821043919194
2024-07-16,breadth,1.0,1.3238858874198884
2024-07-17,breadth,1.0,1.311338976112305
2024-07-18,breadth,1.0,1.2908522526630193
2024-07-19,breadth,1.0,1.2616566718993283
2024-07-22,breadth,1.0,1.227878817674758
2024-07-23,breadth,1.0,1.261799005941335
2024-07-26,breadth,1.0,1.2202777384857377
2024-07-29,breadth,0.0,1.230199117988386
2024-07-30,breadth,0.0,1.230199117988386
2024-07-31,breadth,0.0,1.230199117988386
2024-08-01,breadth,0.0,1.230199117988386
2024-08-02,breadth,0.0,1.230199117988386
2024-08-05,breadth,0.0,1.230199117988386
2024-08-06,breadth,0.0,1.230199117988386
2024-08-07,breadth,0.0,1.230199117988386
2024-08-08,breadth,0.0,1.230199117988386
2024-08-09,breadth,0.0,1.230199117988386
2024-08-12,breadth,0.0,1.230199117988386
2024-08-13,breadth,0.0,1.230199117988386
2024-08-14,breadth,0.0,1.230199117988386
2024-08-15,breadth,0.0,1.230199117988386
2024-08-16,breadth,0.0,1.230199117988386
2024-08-19,breadth,0.0,1.230199117988386
2024-08-20,breadth,0.0,1.230199117988386
2024-08-21,breadth,0.0,1.230199117988386
2024-08-22,breadth,0.0,1.230199117988386
2024-08-23,breadth,0.0,1.230199117988386
2024-08-26,breadth,0.0,1.230199117988386
2024-08-27,breadth,0.0,1.230199117988386
2024-08-28,breadth,0.0,1.230199117988386
2024-08-29,breadth,0.0,1.230199117988386
2024-08-30,breadth,0.0,1.230199117988386
2024-09-02,breadth,0.0,1.230199117988386
2024-09-03,breadth,0.0,1.230199117988386
2024-09-04,breadth,0.0,1.230199117988386
2024-09-05,breadth,0.0,1.230199117988386
2024-09-06,breadth,0.0,1.230199117988386
2024-09-09,breadth,0.0,1.230199117988386
2024-09-10,breadth,0.0,1.230199117988386
2024-09-11,breadth,0.0,1.230199117988386
2024-09-12,breadth,0.0,1.230199117988386
2024-09-13,breadth,0.0,1.230199117988386
2024-09-16,breadth,0.0,1.230199117988386
2024-09-18,breadth,0.0,1.230199117988386
2024-09-19,breadth,0.0,1.230199117988386
2024-09-20,breadth,0.0,1.230199117988386
2024-09-23,breadth,0.0,1.230199117988386
2024-09-24,breadth,0.0,1.230199117988386
2024-09-25,breadth,0.0,1.230199117988386
2024-09-26,breadth,0.0,1.230199117988386
2024-09-27,breadth,0.0,1.230199117988386
2024-09-30,breadth,1.0,1.206209360904902
2024-10-01,breadth,1.0,1.2152106640817542
2024-10-04,breadth,1.0,1.2104519407622099
2024-10-07,breadth,0.0,1.2188128548133679
2024-10-08,breadth,1.0,1.213306289626276
2024-10-09,breadth,1.0,1.2158652909504883
2024-10-11,breadth,1.0,1.2288808363730275
2024-10-14,breadth,0.0,1.2301006509719559
2024-10-15,breadth,0.0,1.2301006509719559
2024-10-16,breadth,0.0,1.2301006509719559
2024-10-17,breadth,0.0,1.2301006509719559
2024-10-18,breadth,0.0,1.2301006509719559
2024-10-21,breadth,0.0,1.2301006509719559
2024-10-22,breadth,1.0,1.2345010219845618
2024-10-23,breadth,1.0,1.2239753030968406
2024-10-24,breadth,1.0,1.216514405829738
2024-10-25,breadth,1.0,1.2246933829870728
2024-10-28,breadth,1.0,1.216805519298751
2024-10-29,breadth,0.0,1.20774856227738
2024-10-30,breadth,0.0,1.20774856227738
2024-11-01,breadth,0.0,1.20774856227738
2024-11-04,breadth,0.0,1.20774856227738
2024-11-05,breadth,0.0,1.20774856227738
2024-11-06,breadth,0.0,1.20774856227738
2024-11-07,breadth,0.0,1.20774856227738
2024-11-08,breadth,0.0,1.20774856227738
2024-11-11,breadth,0.0,1.20774856227738
2024-11-12,breadth,0.0,1.20774856227738
2024-11-13,breadth,0.0,1.20774856227738
2024-11-14,breadth,0.0,1.20774856227738
2024-11-15,breadth,0.0,1.20774856227738
2024-11-18,breadth,0.0,1.20774856227738
2024-11-19,breadth,0.0,1.20774856227738
2024-11-20,breadth,0.0,1.20774856227738
2024-11-21,breadth,0.0,1.20774856227738
2024-11-22,breadth,0.0,1.20774856227738
2024-11-25,breadth,0.0,1.20774856227738
2024-11-26,breadth,0.0,1.20774856227738
2024-11-27,breadth,0.0,1.20774856227738
2024-11-28,breadth,0.0,1.20774856227738
2024-11-29,breadth,0.0,1.20774856227738
2024-12-02,breadth,0.0,1.20774856227738
2024-12-03,breadth,0.0,1.20774856227738
2024-12-04,breadth,0.0,1.20774856227738
2024-12-05,breadth,0.0,1.20774856227738
2024-12-06,breadth,0.0,1.20774856227738
2024-12-09,breadth,0.0,1.20774856227738
2024-12-10,breadth,0.0,1.20774856227738
2024-12-11,breadth,0.0,1.20774856227738
2024-12-12,breadth,0.0,1.20774856227738
2024-12-13,breadth,0.0,1.20774856227738
2024-12-16,breadth,0.0,1.20774856227738
2024-12-17,breadth,0.0,1.20774856227738
2024-12-18,breadth,0.0,1.20774856227738
2024-12-19,breadth,0.0,1.20774856227738
2024-12-20,breadth,0.0,1.20774856227738
2024-12-23,breadth,0.0,1.20774856227738
2024-12-24,breadth,0.0,1.20774856227738
2024-12-25,breadth,0.0,1.20774856227738
2024-12-26,breadth,0.0,1.20774856227738
2024-12-27,breadth,0.0,1.20774856227738
2024-12-30,breadth,0.0,1.20774856227738
2024-12-31,breadth,0.0,1.20774856227738
2025-01-02,breadth,0.0,1.20774856227738
2025-01-03,breadth,0.0,1.20774856227738
2025-01-06,breadth,0.0,1.20774856227738
2025-01-07,breadth,0.0,1.20774856227738
2025-01-08,breadth,0.0,1.20774856227738
2025-01-09,breadth,0.0,1.20774856227738
2025-01-10,breadth,0.0,1.20774856227738
2025-01-13,breadth,0.0,1.20774856227738
2025-01-14,breadth,0.0,1.20774856227738
2025-01-15,breadth,0.0,1.20774856227738
2025-01-16,breadth,0.0,1.20774856227738
2025-01-17,breadth,0.0,1.20774856227738
2025-01-20,breadth,0.0,1.20774856227738
2025-01-21,breadth,0.0,1.20774856227738
2025-01-22,breadth,0.0,1.20774856227738
2025-02-03,breadth,0.0,1.20774856227738
2025-02-04,breadth,0.0,1.20774856227738
2025-02-05,breadth,0.0,1.20774856227738
2025-02-06,breadth,0.0,1.20774856227738
2025-02-07,breadth,0.0,1.20774856227738
2025-02-10,breadth,0.0,1.20774856227738
2025-02-11,breadth,0.0,1.20774856227738
2025-02-12,breadth,0.0,1.20774856227738
2025-02-13,breadth,0.0,1.20774856227738
2025-02-14,breadth,1.0,1.2041610147784076
2025-02-17,breadth,1.0,1.2225058870469183
2025-02-18,breadth,1.0,1.2308680115743937
2025-02-19,breadth,1.0,1.2276418479692235
2025-02-20,breadth,1.0,1.2215764731564718
2025-02-21,breadth,1.0,1.2342039157116762
2025-02-24,breadth,1.0,1.2256254307038283
2025-02-25,breadth,1.0,1.2110840300530206
2025-02-26,breadth,1.0,1.2171603269092524
2025-02-27,breadth,1.0,1.1989896872391188
2025-03-03,breadth,1.0,1.1835464378552198
2025-03-04,breadth,1.0,1.1752576470482554
2025-03-05,breadth,1.0,1.1895613632290383
2025-03-06,breadth,1.0,1.1814234006415643
2025-03-07,breadth,1.0,1.174175324549084
2025-03-10,breadth,1.0,1.168094346817075
2025-03-11,breadth,1.0,1.147911450660015
2025-03-12,breadth,1.0,1.1586915075751152
2025-03-13,breadth,1.0,1.1422210660067553
2025-03-14,breadth,1.0,1.1425523679923257
2025-03-17,breadth,1.0,1.1503839932650415
2025-03-18,breadth,1.0,1.15834356247567
2025-03-19,breadth,1.0,1.1421768577355254
2025-03-20,breadth,1.0,1.163835269957049
2025-03-21,breadth,1.0,1.1550893136158358
2025-03-24,breadth,1.0,1.1497603965920447
2025-03-25,breadth,1.0,1.1584226172665752
2025-03-26,breadth,1.0,1.1577516917384971
2025-03-27,breadth,1.0,1.141705129476636
2025-03-28,breadth,1.0,1.123560494671932
2025-03-31,breadth,1.0,1.0763881888803228
2025-04-01,breadth,0.0,1.085112585627803
2025-04-02,breadth,0.0,1.085112585627803
2025-04-07,breadth,0.0,1.085112585627803
2025-04-08,breadth,0.0,1.085112585627803
2025-04-09,breadth,0.0,1.085112585627803
2025-04-10,breadth,0.0,1.085112585627803
2025-04-11,breadth,0.0,1.085112585627803
2025-04-14,breadth,0.0,1.085112585627803
2025-04-15,breadth,0.0,1.085112585627803
2025-04-16,breadth,0.0,1.085112585627803
2025-04-17,breadth,0.0,1.085112585627803
2025-04-18,breadth,0.0,1.085112585627803
2025-04-21,breadth,0.0,1.085112585627803
2025-04-22,breadth,0.0,1.085112585627803
2025-04-23,breadth,0.0,1.085112585627803
2025-04-24,breadth,0.0,1.085112585627803
2025-04-25,breadth,0.0,1.085112585627803
2025-04-28,breadth,0.0,1.085112585627803
2025-04-29,breadth,0.0,1.085112585627803
2025-04-30,breadth,0.0,1.085112585627803
2025-05-02,breadth,0.0,1.085112585627803
2025-05-05,breadth,0.0,1.085112585627803
2025-05-06,breadth,0.0,1.085112585627803
2025-05-07,breadth,0.0,1.085112585627803
2025-05-08,breadth,0.0,1.085112585627803
2025-05-09,breadth,0.0,1.085112585627803
2025-05-12,breadth,0.0,1.085112585627803
2025-05-13,breadth,0.0,1.085112585627803
2025-05-14,breadth,0.0,1.085112585627803
2025-05-15,breadth,0.0,1.085112585627803
2025-05-16,breadth,0.0,1.085112585627803
2025-05-19,breadth,0.0,1.085112585627803
2025-05-20,breadth,0.0,1.085112585627803
2025-05-21,breadth,0.0,1.085112585627803
2025-05-22,breadth,0.0,1.085112585627803
2025-05-23,breadth,0.0,1.085112585627803
2025-05-26,breadth,0.0,1.085112585627803
2025-05-27,breadth,0.0,1.085112585627803
2025-05-28,breadth,0.0,1.085112585627803
2025-05-29,breadth,0.0,1.085112585627803
2025-06-02,breadth,0.0,1.085112585627803
2025-06-03,breadth,0.0,1.085112585627803
2025-06-04,breadth,0.0,1.085112585627803
2025-06-05,breadth,0.0,1.085112585627803
2025-06-06,breadth,0.0,1.085112585627803
2025-06-09,breadth,0.0,1.085112585627803
2025-06-10,breadth,0.0,1.085112585627803
2025-06-11,breadth,0.0,1.085112585627803
2025-06-12,breadth,0.0,1.085112585627803
2025-06-13,breadth,0.0,1.085112585627803
2025-06-16,breadth,0.0,1.085112585627803
2025-06-17,breadth,0.0,1.085112585627803
2025-06-18,breadth,0.0,1.085112585627803
2025-06-19,breadth,0.0,1.085112585627803
2025-06-20,breadth,0.0,1.085112585627803
2025-06-23,breadth,0.0,1.085112585627803
2025-06-24,breadth,0.0,1.085112585627803
2025-06-25,breadth,0.0,1.085112585627803
2025-06-26,breadth,0.0,1.085112585627803
2025-06-27,breadth,1.0,1.0877006174917494
2025-06-30,breadth,1.0,1.0720903866110627
2025-07-01,breadth,1.0,1.0864308350872105
2025-07-02,breadth,1.0,1.0875878978094042
2025-07-03,breadth,1.0,1.0941020356912632
2025-07-04,breadth,1.0,1.0861312126837115
2025-07-07,breadth,1.0,1.0804094845345786
2025-07-08,breadth,1.0,1.0772085345807996
2025-07-09,breadth,1.0,1.0851441929011238
2025-07-10,breadth,0.0,1.0859598927360798
2025-07-11,breadth,0.0,1.0859598927360798
2025-07-14,breadth,0.0,1.0859598927360798
2025-07-15,breadth,0.0,1.0859598927360798
2025-07-16,breadth,0.0,1.0859598927360798
2025-07-17,breadth,0.0,1.0859598927360798
2025-07-18,breadth,1.0,1.0866134594718326
2025-07-21,breadth,1.0,1.0846352326489173
2025-07-22,breadth,1.0,1.0682480607712366
2025-07-23,breadth,0.0,1.0706917508428215
2025-07-24,breadth,0.0,1.0706917508428215
2025-07-25,breadth,0.0,1.0706917508428215
2025-07-28,breadth,0.0,1.0706917508428215
2025-07-29,breadth,0.0,1.0706917508428215
2025-07-30,breadth,0.0,1.0706917508428215
2025-07-31,breadth,0.0,1.0706917508428215
2025-08-01,breadth,0.0,1.0706917508428215
2025-08-04,breadth,0.0,1.0706917508428215
2025-08-05,breadth,1.0,1.0770048446886478
2025-08-06,breadth,1.0,1.0672988423010084
2025-08-07,breadth,1.0,1.092626032604936
2025-08-08,breadth,1.0,1.0934221587680453
2025-08-11,breadth,1.0,1.098622241836863
2025-08-12,breadth,1.0,1.0996628046778396
2025-08-13,breadth,1.0,1.1092973423384302
2025-08-14,breadth,1.0,1.1032924845089624
2025-08-15,breadth,1.0,1.107679599408933
2025-08-18,breadth,1.0,1.1144182224613466
2025-08-19,breadth,1.0,1.108545369541714
2025-08-20,breadth,1.0,1.0754048541435766
2025-08-21,breadth,1.0,1.0907306241754406
2025-08-22,breadth,1.0,1.0817333515968128
2025-08-25,breadth,1.0,1.105080468253213
2025-08-26,breadth,1.0,1.1063422531154994
2025-08-27,breadth,1.0,1.1161197202301878
2025-08-28,breadth,1.0,1.10321737826716
2025-08-29,breadth,1.0,1.103064889836833
2025-09-01,breadth,1.0,1.0957194993885218
2025-09-02,breadth,1.0,1.0932182339418173
2025-09-03,breadth,1.0,1.0970199753450705
2025-09-04,breadth,1.0,1.1006410065786525
2025-09-05,breadth,1.0,1.1149671808105233
2025-09-08,breadth,1.0,1.1173705805482121
2025-09-09,breadth,1.0,1.131381308564511
2025-09-10,breadth,1.0,1.1467398522291619
2025-09-11,breadth,1.0,1.147792249993089
2025-09-12,breadth,1.0,1.1595784676839933
2025-09-15,breadth,1.0,1.1542309032676359
2025-09-16,breadth,1.0,1.1666339025200114
2025-09-17,breadth,1.0,1.157922033660234
2025-09-18,breadth,1.0,1.1729938080380014
2025-09-19,breadth,1.0,1.1643001467519942
2025-09-22,breadth,1.0,1.178057334303541
2025-09-23,breadth,1.0,1.1947523138829368
2025-09-24,breadth,1.0,1.192447235043608
2025-09-25,breadth,1.0,1.1845779216600543
2025-09-26,breadth,1.0,1.1643889086741248
2025-09-30,breadth,1.0,1.1753234671019201
2025-10-01,breadth,1.0,1.182714376484657
2025-10-02,breadth,1.0,1.200716204671421
2025-10-03,breadth,1.0,1.2181349353081892
2025-10-07,breadth,1.0,1.2386589676514934
2025-10-08,breadth,0.0,1.2277740330556306
2025-10-09,breadth,0.0,1.2277740330556306
2025-10-13,breadth,0.0,1.2277740330556306
2025-10-14,breadth,0.0,1.2277740330556306
2025-10-15,breadth,0.0,1.2277740330556306
2025-10-16,breadth,0.0,1.2277740330556306
2025-10-17,breadth,0.0,1.2277740330556306
2025-10-20,breadth,0.0,1.2277740330556306
2025-10-21,breadth,0.0,1.2277740330556306
2025-10-22,breadth,0.0,1.2277740330556306
2025-10-23,breadth,0.0,1.2277740330556306
2025-10-27,breadth,0.0,1.2277740330556306
2025-10-28,breadth,0.0,1.2277740330556306
2025-10-29,breadth,0.0,1.2277740330556306
2025-10-30,breadth,0.0,1.2277740330556306
2025-10-31,breadth,0.0,1.2277740330556306
2025-11-03,breadth,0.0,1.2277740330556306
2025-11-04,breadth,0.0,1.2277740330556306
2025-11-05,breadth,0.0,1.2277740330556306
2025-11-06,breadth,0.0,1.2277740330556306
2025-11-07,breadth,0.0,1.2277740330556306
2025-11-10,breadth,0.0,1.2277740330556306
2025-11-11,breadth,0.0,1.2277740330556306
2025-11-12,breadth,0.0,1.2277740330556306
2025-11-13,breadth,0.0,1.2277740330556306
2025-11-14,breadth,0.0,1.2277740330556306
2025-11-17,breadth,0.0,1.2277740330556306
2025-11-18,breadth,0.0,1.2277740330556306
2025-11-19,breadth,0.0,1.2277740330556306
2025-11-20,breadth,0.0,1.2277740330556306
2025-11-21,breadth,0.0,1.2277740330556306
2025-11-24,breadth,0.0,1.2277740330556306
2025-11-25,breadth,0.0,1.2277740330556306
2025-11-26,breadth,0.0,1.2277740330556306
2025-11-27,breadth,0.0,1.2277740330556306
2025-11-28,breadth,0.0,1.2277740330556306
2025-12-01,breadth,0.0,1.2277740330556306
2025-12-02,breadth,0.0,1.2277740330556306
2025-12-03,breadth,0.0,1.2277740330556306
2025-12-04,breadth,0.0,1.2277740330556306
2025-12-05,breadth,0.0,1.2277740330556306
2025-12-08,breadth,0.0,1.2277740330556306
2025-12-09,breadth,0.0,1.2277740330556306
2025-12-10,breadth,0.0,1.2277740330556306
2025-12-11,breadth,0.0,1.2277740330556306
2025-12-12,breadth,0.0,1.2277740330556306
2025-12-15,breadth,0.0,1.2277740330556306
2025-12-16,breadth,0.0,1.2277740330556306
2025-12-17,breadth,0.0,1.2277740330556306
2025-12-18,breadth,0.0,1.2277740330556306
2025-12-19,breadth,0.0,1.2277740330556306
2025-12-22,breadth,0.0,1.2277740330556306
2025-12-23,breadth,0.0,1.2277740330556306
2025-12-24,breadth,0.0,1.2277740330556306
2025-12-26,breadth,0.0,1.2277740330556306
2025-12-29,breadth,0.0,1.2277740330556306
2025-12-30,breadth,0.0,1.2277740330556306
2025-12-31,breadth,0.0,1.2277740330556306
2026-01-02,breadth,0.0,1.2277740330556306
2026-01-05,breadth,0.0,1.2277740330556306
2026-01-06,breadth,0.0,1.2277740330556306
2026-01-07,breadth,0.0,1.2277740330556306
2026-01-08,breadth,0.0,1.2277740330556306
2026-01-09,breadth,0.0,1.2277740330556306
2026-01-12,breadth,0.0,1.2277740330556306
2026-01-13,breadth,1.0,1.2296051589751862
2026-01-14,breadth,1.0,1.2389976141075367
2026-01-15,breadth,1.0,1.2337439898179547
2026-01-16,breadth,1.0,1.2576944300625044
2026-01-19,breadth,1.0,1.2669279150086534
2026-01-20,breadth,1.0,1.2717610891835969
2026-01-21,breadth,1.0,1.251194271290188
2026-01-22,breadth,1.0,1.2712040928888706
2026-01-23,breadth,1.0,1.2798305279552171
2026-01-26,breadth,1.0,1.2839553437941644
2026-01-27,breadth,1.0,1.294102206560781
2026-01-28,breadth,1.0,1.3135590361515432
2026-01-29,breadth,1.0,1.3028455668018655
2026-01-30,breadth,1.0,1.2839245107857575
2026-02-02,breadth,1.0,1.2663168608420448
2026-02-03,breadth,1.0,1.2891945526512447
2026-02-04,breadth,1.0,1.292976601539591
2026-02-05,breadth,1.0,1.2734140587771483
2026-02-06,breadth,1.0,1.2726792721482316
2026-02-09,breadth,1.0,1.2975739232216559
2026-02-10,breadth,0.0,1.2976800484344488
2026-02-11,breadth,0.0,1.2976800484344488
2026-02-23,breadth,0.0,1.2976800484344488
2026-02-24,breadth,1.0,1.322299746304912
2026-02-25,breadth,1.0,1.3494405456954068
2026-02-26,breadth,1.0,1.3494946558184457
2026-03-02,breadth,1.0,1.3373236887067235
2026-03-03,breadth,1.0,1.3079274117227948
2026-03-04,breadth,1.0,1.250968123965785
2026-03-05,breadth,1.0,1.2831316383687914
2026-03-06,breadth,0.0,1.2746537275465422
2026-03-09,breadth,0.0,1.2746537275465422
2026-03-10,breadth,0.0,1.2746537275465422
2026-03-11,breadth,0.0,1.2746537275465422
2026-03-12,breadth,0.0,1.2746537275465422
2026-03-13,breadth,0.0,1.2746537275465422
2026-03-16,breadth,0.0,1.2746537275465422
2026-03-17,breadth,0.0,1.2746537275465422
2026-03-18,breadth,0.0,1.2746537275465422
2026-03-19,breadth,0.0,1.2746537275465422
2026-03-20,breadth,0.0,1.2746537275465422
2026-03-23,breadth,0.0,1.2746537275465422
2026-03-24,breadth,0.0,1.2746537275465422
2026-03-25,breadth,0.0,1.2746537275465422
2026-03-26,breadth,0.0,1.2746537275465422
2026-03-27,breadth,0.0,1.2746537275465422
2026-03-30,breadth,0.0,1.2746537275465422
2026-03-31,breadth,0.0,1.2746537275465422
2026-04-01,breadth,0.0,1.2746537275465422
2026-04-02,breadth,0.0,1.2746537275465422
2026-04-07,breadth,0.0,1.2746537275465422
2026-04-08,breadth,0.0,1.2746537275465422
2026-04-09,breadth,0.0,1.2746537275465422
2026-04-10,breadth,0.0,1.2746537275465422
2026-04-13,breadth,0.0,1.2746537275465422
2026-04-14,breadth,0.0,1.2746537275465422
2026-04-15,breadth,0.0,1.2746537275465422
2026-04-16,breadth,0.0,1.2746537275465422
2026-04-17,breadth,1.0,1.26167964837999
2026-04-20,breadth,1.0,1.2669746499610202
2026-04-21,breadth,1.0,1.2891306286728914
2026-04-22,breadth,1.0,1.2985016090703432
2026-04-23,breadth,1.0,1.2928685994899025
2026-04-24,breadth,1.0,1.334631099011397
2026-04-27,breadth,1.0,1.358087003011062
2026-04-28,breadth,0.0,1.3538282417410608
2026-04-29,breadth,0.0,1.3538282417410608
2026-04-30,breadth,0.0,1.3538282417410608
2026-05-04,breadth,0.0,1.3538282417410608
2026-05-05,breadth,0.0,1.3538282417410608
2026-05-06,breadth,1.0,1.3576176307341805
2026-05-07,breadth,1.0,1.383851008264168
2026-05-08,breadth,1.0,1.372966002987614
2026-05-11,breadth,1.0,1.3791081239616383
2026-05-12,breadth,1.0,1.3826807975950355
2026-05-13,breadth,1.0,1.3653942845463922
2026-05-14,breadth,1.0,1.377843860827559
2026-05-15,breadth,1.0,1.35872348971677
2026-05-18,breadth,0.0,1.3548414059142846
2026-05-19,breadth,0.0,1.3548414059142846
2026-05-20,breadth,0.0,1.3548414059142846
2026-05-21,breadth,0.0,1.3548414059142846
2026-05-22,breadth,0.0,1.3548414059142846
2026-05-25,breadth,1.0,1.3844648933306771
2026-05-26,breadth,1.0,1.3806890857527714
2026-05-27,breadth,1.0,1.4038911267231788
2026-05-28,breadth,1.0,1.3842123903623487
2026-05-29,breadth,1.0,1.4189949914643707
2026-06-01,breadth,1.0,1.4381855342721137
2026-06-02,breadth,1.0,1.4451452266403613
2026-06-03,breadth,1.0,1.4737532419653578
2026-06-04,breadth,1.0,1.4489565622741123
2026-06-05,breadth,1.0,1.4297168511747977
2026-06-08,breadth,1.0,1.3799724975549648
2026-06-09,breadth,1.0,1.418090929329024
2026-06-10,breadth,1.0,1.37117803487414
2026-06-11,breadth,1.0,1.3687646647949407
2026-06-12,breadth,1.0,1.4011072497758799
2026-06-15,breadth,1.0,1.4400596392179479
2026-06-16,breadth,1.0,1.45313523262812
2026-06-17,breadth,1.0,1.4552986374572652
2026-06-18,breadth,1.0,1.4739448396950943
2026-06-22,breadth,1.0,1.514431279834193
2026-06-23,breadth,1.0,1.4941022531654817
2026-06-24,breadth,1.0,1.4605710643876502
2026-06-25,breadth,1.0,1.467285232512825
2026-06-26,breadth,1.0,1.4138821235705048
2026-06-29,breadth,1.0,1.427463357346902
2026-06-30,breadth,1.0,1.4631820592774882
2026-07-01,breadth,1.0,1.4915118772366251
2026-07-02,breadth,1.0,1.4827938633188245
2026-07-03,breadth,1.0,1.4839504284224996
2026-07-06,breadth,1.0,1.4768375213134193
2026-07-07,breadth,1.0,1.4426646070268838
2026-07-08,breadth,1.0,1.450763100470884
2026-07-09,breadth,1.0,1.4387152829619483
2026-07-13,breadth,1.0,1.4395371864681528
2026-07-14,breadth,1.0,1.419153916071321
2026-07-15,breadth,1.0,1.4475014980583805
2026-07-16,breadth,1.0,1.4472918190859372
2026-07-17,breadth,1.0,1.353595771022961
2026-07-20,breadth,1.0,1.346567243046513
2026-07-21,breadth,0.0,1.348935666011276
2026-07-22,breadth,0.0,1.348935666011276
2026-07-23,breadth,0.0,1.348935666011276
2026-07-24,breadth,0.0,1.348935666011276
2026-07-27,breadth,0.0,1.348935666011276
2026-07-28,breadth,0.0,1.348935666011276
2026-07-29,breadth,0.0,1.348935666011276
2026-07-30,breadth,0.0,1.348935666011276
2026-07-31,breadth,0.0,1.348935666011276
2026-08-03,breadth,0.0,1.348935666011276
2026-08-04,breadth,0.0,1.348935666011276
2026-08-05,breadth,0.0,1.348935666011276
2026-08-06,breadth,0.0,1.348935666011276
2026-08-07,breadth,0.0,1.348935666011276
2026-08-10,breadth,0.0,1.348935666011276
2026-08-11,breadth,0.0,1.348935666011276
2026-08-12,breadth,0.0,1.348935666011276
2026-08-13,breadth,0.0,1.348935666011276
2026-08-14,breadth,0.0,1.348935666011276
2026-08-17,breadth,0.0,1.348935666011276
2026-08-18,breadth,0.0,1.348935666011276
2026-08-19,breadth,0.0,1.348935666011276
2026-08-20,breadth,0.0,1.348935666011276
2026-08-21,breadth,0.0,1.348935666011276
2026-08-24,breadth,0.0,1.348935666011276
2026-08-25,breadth,0.0,1.348935666011276
2026-08-26,breadth,0.0,1.348935666011276
2026-08-27,breadth,0.0,1.348935666011276
2026-08-28,breadth,0.0,1.348935666011276
2026-08-31,breadth,0.0,1.348935666011276
2026-09-01,breadth,0.0,1.348935666011276
2026-09-02,breadth,0.0,1.348935666011276
2026-09-03,breadth,0.0,1.348935666011276
2026-09-04,breadth,0.0,1.348935666011276
2026-09-07,breadth,0.0,1.348935666011276
2026-09-08,breadth,0.0,1.348935666011276
2026-09-09,breadth,0.0,1.348935666011276
2026-09-10,breadth,0.0,1.348935666011276
2026-09-11,breadth,0.0,1.348935666011276
2026-09-14,breadth,0.0,1.348935666011276
2026-09-15,breadth,0.0,1.348935666011276
2026-09-16,breadth,0.0,1.348935666011276
2026-09-17,breadth,0.0,1.348935666011276
2026-09-18,breadth,0.0,1.348935666011276
2026-09-21,breadth,0.0,1.348935666011276
2026-09-22,breadth,0.0,1.348935666011276
2026-09-23,breadth,0.0,1.348935666011276
2026-09-24,breadth,0.0,1.348935666011276
2023-11-06,volatility,1.0,1.0036305358210964
2023-11-07,volatility,1.0,1.0057759162303057
2023-11-08,volatility,1.0,1.0091443865103455
2023-11-09,volatility,1.0,1.0094349381701486
2023-11-10,volatility,1.0,1.005638476855959
2023-11-13,volatility,1.0,1.0150795973867364
2023-11-14,volatility,1.0,1.0196862276444427
2023-11-15,volatility,1.0,1.0325301782988463
2023-11-16,volatility,1.0,1.0350860684182752
2023-11-17,volatility,1.0,1.0373628601590967
2023-11-20,volatility,1.0,1.0374544864086612
2023-11-21,volatility,1.0,1.0498861189400248
2023-11-22,volatility,1.0,1.0434698702534206
2023-11-23,volatility,1.0,1.0425228647398304
2023-11-24,volatility,1.0,1.0420930652928604
2023-11-27,volatility,1.0,1.0330510011911072
2023-11-28,volatility,1.0,1.045337960696843
2023-11-29,volatility,1.0,1.0471047800223254
2023-11-30,volatility,1.0,1.0509199282689916
2023-12-01,volatility,1.0,1.0511911901920443
2023-12-04,volatility,1.0,1.050174259382734
2023-12-05,volatility,1.0,1.0445398478387946
2023-12-06,volatility,1.0,1.0465116206172504
2023-12-07,volatility,1.0,1.0415698311835058
2023-12-08,volatility,1.0,1.0479143461615692
2023-12-11,volatility,1.0,1.0499849788408706
2023-12-12,volatility,1.0,1.0519314338398413
2023-12-13,volatility,1.0,1.053034565660255
2023-12-14,volatility,1.0,1.064137014768661
2023-12-15,volatility,1.0,1.0653884364403436
2023-12-18,volatility,1.0,1.0640719119071285
2023-12-19,volatility,1.0,1.0595219452511262
2023-12-20,volatility,1.0,1.0630573923149118
2023-12-21,volatility,1.0,1.0575441444299363
2023-12-22,volatility,1.0,1.0607323762322143
2023-12-25,volatility,1.0,1.0612272785407169
2023-12-26,volatility,1.0,1.070081870513427
2023-12-27,volatility,1.0,1.0785072658434407
2023-12-28,volatility,1.0,1.079644757507441
2023-12-29,volatility,1.0,1.0808768894423735
2024-01-02,volatility,1.0,1.0762322825154393
2024-01-03,volatility,1.0,1.0584827106836983
2024-01-04,volatility,1.0,1.0579004017555453
2024-01-05,volatility,1.0,1.0560612459172487
2024-01-08,volatility,1.0,1.059287454388754
2024-01-09,volatility,1.0,1.05704683090434
2024-01-10,volatility,1.0,1.0528356402500165
2024-01-11,volatility,1.0,1.0576393875051413
2024-01-12,volatility,1.0,1.0556808764207017
2024-01-15,volatility,1.0,1.0577298081461588
2024-01-16,volatility,1.0,1.0456767366985218
2024-01-17,volatility,1.0,1.0345200352055055
2024-01-18,volatility,1.0,1.038498543410277
2024-01-19,volatility,1.0,1.065849581709533
2024-01-22,volatility,1.0,1.073901841194281
2024-01-23,volatility,1.0,1.0774879238170363
2024-01-24,volatility,1.0,1.0775626715469442
2024-01-25,volatility,1.0,1.0852056269300192
2024-01-26,volatility,1.0,1.0847480984864706
2024-01-29,volatility,1.0,1.0922590397336602
2024-01-30,volatility,1.0,1.0871352034093336
2024-01-31,volatility,1.0,1.0783903218143913
2024-02-01,volatility,1.0,1.0831253493823427
2024-02-02,volatility,1.0,1.0886602982211624
2024-02-05,volatility,1.0,1.0908388328654115
2024-02-15,volatility,1.0,1.1239026472641553
2024-02-16,volatility,1.0,1.1216529817156393
2024-02-19,volatility,1.0,1.1233739879163396
2024-02-20,volatility,1.0,1.1304484988695513
2024-02-21,volatility,1.0,1.1258159480280865
2024-02-22,volatility,1.0,1.136453635041662
2024-02-23,volatility,1.0,1.1386484454012944
2024-02-26,volatility,1.0,1.1421965513548222
2024-02-27,volatility,1.0,1.1365518921382347
2024-02-29,volatility,1.0,1.1433250009547211
2024-03-01,volatility,1.0,1.1414659525754007
2024-03-04,volatility,1.0,1.1637323368281045
2024-03-05,volatility,1.0,1.1686518225037317
2024-03-06,volatility,1.0,1.175435178992867
2024-03-07,volatility,1.0,1.187133801527715
2024-03-08,volatility,1.0,1.192667544757988
2024-03-11,volatility,1.0,1.189096532242069
2024-03-12,volatility,1.0,1.200457584383785
2024-03-13,volatility,1.0,1.2012990991495214
2024-03-14,volatility,1.0,1.201866337970838
2024-03-15,volatility,1.0,1.186469511218373
2024-03-18,volatility,1.0,1.1983658535549127
2024-03-19,volatility,1.0,1.197000501875548
2024-03-20,volatility,1.0,1.1926151007861978
2024-03-21,volatility,1.0,1.2176097771805372
2024-03-22,volatility,1.0,1.21937840491884
2024-03-25,volatility,1.0,1.2171974590574974
2024-03-26,volatility,1.0,1.2132334181552888
2024-03-27,volatility,1.0,1.2176718660207027
2024-03-28,volatility,1.0,1.21444264352783
2024-03-29,volatility,1.0,1.2233581187321585
2024-04-01,volatility,1.0,1.2190106943120356
2024-04-02,volatility,1.0,1.2337335858867835
2024-04-03,volatility,1.0,1.225959219172096
2024-04-08,volatility,1.0,1.2307876814024323
2024-04-09,volatility,1.0,1.2536038231525226
2024-04-10,volatility,1.0,1.2516344615911608
2024-04-11,volatility,1.0,1.2510129703852337
2024-04-12,volatility,1.0,1.2500093012699391
2024-04-15,volatility,1.0,1.2327208747073872
2024-04-16,volatility,1.0,1.1996986538035113
2024-04-17,volatility,1.0,1.2184681704659304
2024-04-18,volatility,1.0,1.2237650116167373
2024-04-19,volatility,1.0,1.1771031384175035
2024-04-22,volatility,0.0,1.1722718767641216
2024-04-23,volatility,0.0,1.1722718767641216
2024-04-24,volatility,0.0,1.1722718767641216
2024-04-25,volatility,0.0,1.1722718767641216
2024-04-26,volatility,0.0,1.1722718767641216
2024-04-29,volatility,0.0,1.1722718767641216
2024-04-30,volatility,1.0,1.1647120648394989
2024-05-02,volatility,1.0,1.1547669635376911
2024-05-03,volatility,1.0,1.160927261702821
2024-05-06,volatility,1.0,1.1719476171244785
2024-05-07,volatility,1.0,1.1793836018024835
2024-05-08,volatility,1.0,1.1820663122937496
2024-05-09,volatility,1.0,1.1740867047150025
2024-05-10,volatility,1.0,1.1825419823318988
2024-05-13,volatility,1.0,1.1910429425454958
2024-05-14,volatility,1.0,1.1983601524720784
2024-05-15,volatility,1.0,1.2075743322266699
2024-05-16,volatility,1.0,1.2165423969915348
2024-05-17,volatility,1.0,1.2139276393628615
2024-05-20,volatility,1.0,1.214679118078593
2024-05-21,volatility,1.0,1.2126873568624295
2024-05-22,volatility,1.0,1.230679447573118
2024-05-23,volatility,1.0,1.2338543880438373
2024-05-24,volatility,1.0,1.231450912424906
2024-05-27,volatility,1.0,1.2450660393391801
2024-05-28,volatility,1.0,1.2481861606938582
2024-05-29,volatility,1.0,1.2369990637942423
2024-05-30,volatility,1.0,1.2199811544582027
2024-05-31,volatility,1.0,1.2091166908977875
2024-06-03,volatility,1.0,1.2298189016577628
2024-06-04,volatility,1.0,1.2195323229456152
2024-06-05,volatility,1.0,1.2268563852617032
2024-06-06,volatility,1.0,1.2507152634537173
2024-06-07,volatility,1.0,1.248184447596482
2024-06-11,volatility,1.0,1.2444007865247217
2024-06-12,volatility,1.0,1.2590671841955774
2024-06-13,volatility,1.0,1.2740899061207012
2024-06-14,volatility,1.0,1.2850925595361369
2024-06-17,volatility,1.0,1.2846248839524101
2024-06-18,volatility,1.0,1.2995231208015237
2024-06-19,volatility,1.0,1.3253400692946344
2024-06-20,volatility,1.0,1.3365642833040698
2024-06-21,volatility,1.0,1.327844046626308
2024-06-24,volatility,1.0,1.3027363204469802
2024-06-25,volatility,1.0,1.3062921395676943
2024-06-26,volatility,1.0,1.3126146109511123
2024-06-27,volatility,1.0,1.3080058079764403
2024-06-28,volatility,1.0,1.3152162348332344
2024-07-01,volatility,1.0,1.3167191922646972
2024-07-02,volatility,1.0,1.3064862906036734
2024-07-03,volatility,1.0,1.323220967840167
2024-07-04,volatility,1.0,1.3432128142214415
2024-07-05,volatility,1.0,1.3451577507759866
2024-07-08,volatility,1.0,1.3635198705199534
2024-07-09,volatility,1.0,1.3647721447020196
2024-07-10,volatility,1.0,1.370882192010778
2024-07-11,volatility,1.0,1.3927498800190874
2024-07-12,volatility,1.0,1.365734334395034
2024-07-15,volatility,1.0,1.3635889654474636
2024-07-16,volatility,1.0,1.3703208671038145
2024-07-17,volatility,1.0,1.3573338758941793
2024-07-18,volatility,1.0,1.3361285855380343
2024-07-19,volatility,1.0,1.3059089767878644
2024-07-22,volatility,1.0,1.2709463724352137
2024-07-23,volatility,1.0,1.3060563031622252
2024-07-26,volatility,1.0,1.263078687218384
2024-07-29,volatility,0.0,1.2733480567253217
2024-07-30,volatility,0.0,1.2733480567253217
2024-07-31,volatility,0.0,1.2733480567253217
2024-08-01,volatility,0.0,1.2733480567253217
2024-08-02,volatility,0.0,1.2733480567253217
2024-08-05,volatility,0.0,1.2733480567253217
2024-08-06,volatility,0.0,1.2733480567253217
2024-08-07,volatility,0.0,1.2733480567253217
2024-08-08,volatility,0.0,1.2733480567253217
2024-08-09,volatility,0.0,1.2733480567253217
2024-08-12,volatility,0.0,1.2733480567253217
2024-08-13,volatility,0.0,1.2733480567253217
2024-08-14,volatility,0.0,1.2733480567253217
2024-08-15,volatility,0.0,1.2733480567253217
2024-08-16,volatility,0.0,1.2733480567253217
2024-08-19,volatility,1.0,1.2761076591913318
2024-08-20,volatility,1.0,1.2772163707641893
2024-08-21,volatility,1.0,1.2663279917274102
2024-08-22,volatility,1.0,1.2612565046869024
2024-08-23,volatility,1.0,1.2617815339987535
2024-08-26,volatility,1.0,1.2664549782095609
2024-08-27,volatility,1.0,1.2633161912606186
2024-08-28,volatility,1.0,1.2738885277072918
2024-08-29,volatility,1.0,1.2642757079531017
2024-08-30,volatility,1.0,1.2680477189744723
2024-09-02,volatility,1.0,1.2661691162631947
2024-09-03,volatility,1.0,1.2580323008217151
2024-09-04,volatility,1.0,1.2011184400816954
2024-09-05,volatility,1.0,1.2065259003260995
2024-09-06,volatility,1.0,1.2206185526142752
2024-09-09,volatility,1.0,1.2040619070154912
2024-09-10,volatility,1.0,1.199485838089203
2024-09-11,volatility,1.0,1.197602110362951
2024-09-12,volatility,1.0,1.2330358944518363
2024-09-13,volatility,1.0,1.2390948010441343
2024-09-16,volatility,1.0,1.2442443022014793
2024-09-18,volatility,1.0,1.2344931070429725
2024-09-19,volatility,1.0,1.25521240369342
2024-09-20,volatility,1.0,1.2618595481155903
2024-09-23,volatility,1.0,1.269040832987345
2024-09-24,volatility,1.0,1.2773689823212133
2024-09-25,volatility,1.0,1.2961504538651203
2024-09-26,volatility,1.0,1.3016860394838918
2024-09-27,volatility,1.0,1.2996348946018
2024-09-30,volatility,1.0,1.2655677811728316
2024-10-01,volatility,1.0,1.275012044878965
2024-10-04,volatility,1.0,1.2700191414014022
2024-10-07,volatility,1.0,1.292788444041725
2024-10-08,volatility,1.0,1.287596803872366
2024-10-09,volatility,1.0,1.2903124923628424
2024-10-11,volatility,1.0,1.304124977165735
2024-10-14,volatility,1.0,1.3083189477533548
2024-10-15,volatility,1.0,1.3263561532337156
2024-10-16,volatility,1.0,1.3103513009138728
2024-10-17,volatility,1.0,1.312791946934041
2024-10-18,volatility,1.0,1.3374734496060305
2024-10-21,volatility,1.0,1.340620208800489
2024-10-22,volatility,1.0,1.340215902063597
2024-10-23,volatility,1.0,1.3287888270083674
2024-10-24,volatility,1.0,1.320689025563927
2024-10-25,volatility,1.0,1.3295683987306284
2024-10-28,volatility,1.0,1.3210050681540328
2024-10-29,volatility,1.0,1.3055457452059402
2024-10-30,volatility,1.0,1.2995005053202415
2024-11-01,volatility,1.0,1.2972027902732564
2024-11-04,volatility,1.0,1.307755196106139
2024-11-05,volatility,1.0,1.3158071640774824
2024-11-06,volatility,1.0,1.3221046685891575
2024-11-07,volatility,1.0,1.3330061448864274
2024-11-08,volatility,1.0,1.3412670995795164
2024-11-11,volatility,1.0,1.3398861927668921
2024-11-12,volatility,1.0,1.3086879488315324
2024-11-13,volatility,1.0,1.3017669008312702
2024-11-14,volatility,1.0,1.2935184739525638
2024-11-15,volatility,1.0,1.295078186843194
2024-11-18,volatility,1.0,1.283903945860049
2024-11-19,volatility,1.0,1.3011160239294848
2024-11-20,volatility,1.0,1.2919798305679409
2024-11-21,volatility,1.0,1.2844232807108173
2024-11-22,volatility,1.0,1.3042775887227591
2024-11-25,volatility,1.0,1.3067859988298147
2024-11-26,volatility,1.0,1.291433162303974
2024-11-27,volatility,1.0,1.271845355070716
2024-11-28,volatility,1.0,1.2698021824341406
2024-11-29,volatility,1.0,1.2677293985999334
2024-12-02,volatility,1.0,1.2947456303159475
2024-12-03,volatility,1.0,1.311289748100349
2024-12-04,volatility,1.0,1.324265716570151
2024-12-05,volatility,1.0,1.3249837881127156
2024-12-06,volatility,1.0,1.3207317340220495
2024-12-09,volatility,1.0,1.3252861639962223
2024-12-10,volatility,1.0,1.3168486810095608
2024-12-11,volatility,1.0,1.3042382969412865
2024-12-12,volatility,1.0,1.3123910568737986
2024-12-13,volatility,1.0,1.3108922747167566
2024-12-16,volatility,1.0,1.3119981390590727
2024-12-17,volatility,1.0,1.3107516215280066
2024-12-18,volatility,1.0,1.3193308965956345
2024-12-19,volatility,1.0,1.3058680517032373
2024-12-20,volatility,1.0,1.281837425933033
2024-12-23,volatility,1.0,1.3156790387031152
2024-12-24,volatility,1.0,1.3165730690931443
2024-12-25,volatility,1.0,1.3222612662689397
2024-12-26,volatility,1.0,1.3237879512852884
2024-12-27,volatility,1.0,1.3254245394005388
2024-12-30,volatility,1.0,1.3205569140668016
2024-12-31,volatility,1.0,1.311724804927089
2025-01-02,volatility,1.0,1.300162771144193
2025-01-03,volatility,1.0,1.304504228273862
2025-01-06,volatility,1.0,1.3409151818845877
2025-01-07,volatility,1.0,1.346812365782129
2025-01-08,volatility,1.0,1.332921297416291
2025-01-09,volatility,1.0,1.314345965363588
2025-01-10,volatility,1.0,1.3104014121714032
2025-01-13,volatility,1.0,1.2805892000636425
2025-01-14,volatility,1.0,1.2981959042861293
2025-01-15,volatility,1.0,1.2820834266518182
2025-01-16,volatility,1.0,1.3111553588187905
2025-01-17,volatility,1.0,1.3181584070586478
2025-01-20,volatility,1.0,1.324920010148586
2025-01-21,volatility,1.0,1.3268100017820295
2025-01-22,volatility,1.0,1.3396453170630818
2025-02-03,volatility,1.0,1.2923414288467103
2025-02-04,volatility,1.0,1.2979931814715748
2025-02-05,volatility,1.0,1.318927159304851
2025-02-06,volatility,1.0,1.327754712875697
2025-02-07,volatility,1.0,1.3369609481085618
2025-02-10,volatility,1.0,1.3240840632616038
2025-02-11,volatility,1.0,1.3315956268761715
2025-02-12,volatility,1.0,1.326225750074915
2025-02-13,volatility,1.0,1.3324702960985184
2025-02-14,volatility,1.0,1.3184163661457071
2025-02-17,volatility,1.0,1.338501869277618
2025-02-18,volatility,1.0,1.3476574238068442
2025-02-19,volatility,1.0,1.3441251495970674
2025-02-20,volatility,1.0,1.3374842690820883
2025-02-21,volatility,1.0,1.3513098511454718
2025-02-24,volatility,1.0,1.3419174070351936
2025-02-25,volatility,1.0,1.3259962632932707
2025-02-26,volatility,1.0,1.332649102176524
2025-02-27,volatility,1.0,1.3127543634908931
2025-03-03,volatility,1.0,1.2958458001971807
2025-03-04,volatility,1.0,1.2867705375692247
2025-03-05,volatility,1.0,1.3024314444396548
2025-03-06,volatility,1.0,1.2935213211831054
2025-03-07,volatility,1.0,1.285585520217855
2025-03-10,volatility,1.0,1.278927556319627
2025-03-11,volatility,1.0,1.2568296306409883
2025-03-12,volatility,1.0,1.268632540127695
2025-03-13,volatility,1.0,1.2505993207700925
2025-03-14,volatility,1.0,1.2509620579410787
2025-03-17,volatility,1.0,1.2595367774398403
2025-03-18,volatility,1.0,1.268251580681243
2025-03-19,volatility,1.0,1.2505509178508871
2025-03-20,volatility,1.0,1.2742643621387688
2025-03-21,volatility,1.0,1.2646885563816184
2025-03-24,volatility,1.0,1.25885401155599
2025-03-25,volatility,1.0,1.2683381364897046
2025-03-26,volatility,1.0,1.2676035510099994
2025-03-27,volatility,1.0,1.25003443023066
2025-03-28,volatility,1.0,1.230168163850444
2025-03-31,volatility,1.0,1.1785199712738623
2025-04-01,volatility,1.0,1.211790999043429
2025-04-02,volatility,1.0,1.2128188492689085
2025-04-07,volatility,1.0,1.095178686093809
2025-04-08,volatility,0.0,1.0845332060028634
2025-04-09,volatility,0.0,1.0845332060028634
2025-04-10,volatility,0.0,1.0845332060028634
2025-04-11,volatility,0.0,1.0845332060028634
2025-04-14,volatility,0.0,1.0845332060028634
2025-04-15,volatility,0.0,1.0845332060028634
2025-04-16,volatility,0.0,1.0845332060028634
2025-04-17,volatility,0.0,1.0845332060028634
2025-04-18,volatility,0.0,1.0845332060028634
2025-04-21,volatility,0.0,1.0845332060028634
2025-04-22,volatility,0.0,1.0845332060028634
2025-04-23,volatility,0.0,1.0845332060028634
2025-04-24,volatility,0.0,1.0845332060028634
2025-04-25,volatility,0.0,1.0845332060028634
2025-04-28,volatility,1.0,1.086831591870286
2025-04-29,volatility,1.0,1.0975846790907495
2025-04-30,volatility,1.0,1.0977148748799186
2025-05-02,volatility,1.0,1.1276929978185746
2025-05-05,volatility,1.0,1.113878682105271
2025-05-06,volatility,1.0,1.1133145003522047
2025-05-07,volatility,1.0,1.1146110334193478
2025-05-08,volatility,1.0,1.1144434063407924
2025-05-09,volatility,1.0,1.134604224293638
2025-05-12,volatility,1.0,1.1462404729506326
2025-05-13,volatility,1.0,1.1571226709953555
2025-05-14,volatility,1.0,1.1816824791747544
2025-05-15,volatility,1.0,1.1788279364972205
2025-05-16,volatility,1.0,1.1849818574652833
2025-05-19,volatility,1.0,1.1676300136637625
2025-05-20,volatility,1.0,1.167749359803834
2025-05-21,volatility,1.0,1.1828238622598044
2025-05-22,volatility,1.0,1.1756115580222872
2025-05-23,volatility,1.0,1.1745960308667678
2025-05-26,volatility,1.0,1.1683211363112687
2025-05-27,volatility,1.0,1.1574698597664734
2025-05-28,volatility,1.0,1.1586188376058912
2025-05-29,volatility,1.0,1.158053570887915
2025-06-02,volatility,1.0,1.1393601679754968
2025-06-03,volatility,1.0,1.146098885029911
2025-06-04,volatility,1.0,1.1727434532833814
2025-06-05,volatility,1.0,1.1757997994341276
2025-06-06,volatility,1.0,1.1750528010937695
2025-06-09,volatility,1.0,1.1820850011562694
2025-06-10,volatility,1.0,1.2065970708796396
2025-06-11,volatility,1.0,1.2189635009208912
2025-06-12,volatility,1.0,1.2090751307334928
2025-06-13,volatility,1.0,1.1974188102256682
2025-06-16,volatility,1.0,1.1961683881671894
2025-06-17,volatility,1.0,1.2049397869800071
2025-06-18,volatility,1.0,1.2128133773300125
2025-06-19,volatility,1.0,1.1936512695765853
2025-06-20,volatility,1.0,1.1959427154659628
2025-06-23,volatility,1.0,1.1789239558917328
2025-06-24,volatility,1.0,1.2037012995355354
2025-06-25,volatility,1.0,1.2168212377066034
2025-06-26,volatility,1.0,1.2201699819005256
2025-06-27,volatility,1.0,1.2249297229595684
2025-06-30,volatility,1.0,1.2073500365270013
2025-07-01,volatility,1.0,1.223499739208527
2025-07-02,volatility,1.0,1.2248027820651286
2025-07-03,volatility,1.0,1.2321387723023562
2025-07-04,volatility,1.0,1.223162315121597
2025-07-07,volatility,1.0,1.2167187085226328
2025-07-08,volatility,1.0,1.2131139126100114
2025-07-09,volatility,1.0,1.2220507685715651
2025-07-10,volatility,1.0,1.2310689969013495
2025-07-11,volatility,1.0,1.2342034605255972
2025-07-14,volatility,1.0,1.2268224442446152
2025-07-15,volatility,1.0,1.2388096790499115
2025-07-16,volatility,1.0,1.250036895935933
2025-07-17,volatility,1.0,1.2538548874533186
2025-07-18,volatility,1.0,1.268493776498027
2025-07-21,volatility,1.0,1.2661844286876391
2025-07-22,volatility,1.0,1.247054327399049
2025-07-23,volatility,1.0,1.2649969345939251
2025-07-24,volatility,1.0,1.2679838429904478
2025-07-25,volatility,1.0,1.267476621895143
2025-07-28,volatility,1.0,1.2701130866258186
2025-07-29,volatility,1.0,1.2586417526351052
2025-07-30,volatility,1.0,1.2727571461108627
2025-07-31,volatility,1.0,1.2771404043462244
2025-08-01,volatility,1.0,1.2712739990792439
2025-08-04,volatility,1.0,1.2682664763494358
2025-08-05,volatility,1.0,1.2835454946908929
2025-08-06,volatility,1.0,1.271978141305667
2025-08-07,volatility,1.0,1.3021624075771743
2025-08-08,volatility,1.0,1.3031112093907444
2025-08-11,volatility,1.0,1.309308528955197
2025-08-12,volatility,1.0,1.3105486438470333
2025-08-13,volatility,1.0,1.3220308274868442
2025-08-14,volatility,1.0,1.3148743989421787
2025-08-15,volatility,1.0,1.3201028448422307
2025-08-18,volatility,1.0,1.328133755104149
2025-08-19,volatility,1.0,1.3211346464713964
2025-08-20,volatility,1.0,1.2816386688620192
2025-08-21,volatility,1.0,1.2999035106350891
2025-08-22,volatility,1.0,1.2891808024320983
2025-08-25,volatility,1.0,1.3170052700249144
2025-08-26,volatility,1.0,1.318509031389818
2025-08-27,volatility,1.0,1.3301615545204588
2025-08-28,volatility,1.0,1.314784889337125
2025-08-29,volatility,1.0,1.314603157714743
2025-09-01,volatility,1.0,1.305849118340481
2025-09-02,volatility,1.0,1.302868177250962
2025-09-03,volatility,1.0,1.307398990714049
2025-09-04,volatility,1.0,1.311714438642552
2025-09-05,volatility,1.0,1.328787988944724
2025-09-08,volatility,1.0,1.3316522963064459
2025-09-09,volatility,1.0,1.3483499062673916
2025-09-10,volatility,1.0,1.366653806777212
2025-09-11,volatility,1.0,1.367908026212875
2025-09-12,volatility,1.0,1.3819545244168638
2025-09-15,volatility,1.0,1.375581440537033
2025-09-16,volatility,1.0,1.3903630024673725
2025-09-17,volatility,1.0,1.3799804307635863
2025-09-18,volatility,1.0,1.3979425673268377
2025-09-19,volatility,1.0,1.3875816949212463
2025-09-22,volatility,1.0,1.4039771421548286
2025-09-23,volatility,1.0,1.423873771152152
2025-09-24,volatility,1.0,1.4211266400006826
2025-09-25,volatility,1.0,1.4117482033208635
2025-09-26,volatility,1.0,1.3876874789999463
2025-09-30,volatility,1.0,1.4007189925308703
2025-10-01,volatility,1.0,1.4095272801506193
2025-10-02,volatility,1.0,1.430981376275879
2025-10-03,volatility,1.0,1.4517405523764482
2025-10-07,volatility,1.0,1.4762005437841508
2025-10-08,volatility,1.0,1.4681571564257705
2025-10-09,volatility,1.0,1.4810812584306299
2025-10-13,volatility,1.0,1.4605482975137423
2025-10-14,volatility,1.0,1.453481378574131
2025-10-15,volatility,1.0,1.4796594119164117
2025-10-16,volatility,1.0,1.4998484389569107
2025-10-17,volatility,1.0,1.4811056701410992
2025-10-20,volatility,1.0,1.5020595974429671
2025-10-21,volatility,1.0,1.5055195505401378
2025-10-22,volatility,1.0,1.4999048571322173
2025-10-23,volatility,1.0,1.4935767992961408
2025-10-27,volatility,1.0,1.518605312316549
2025-10-28,volatility,1.0,1.516190180427461
2025-10-29,volatility,1.0,1.534940001515186
2025-10-30,volatility,1.0,1.5345488716652234
2025-10-31,volatility,1.0,1.5316097017247294
2025-11-03,volatility,1.0,1.5371017940978489
2025-11-04,volatility,1.0,1.5252740491342849
2025-11-05,volatility,1.0,1.503601875062167
2025-11-06,volatility,1.0,1.513496212556569
2025-11-07,volatility,1.0,1.5000404777459353
2025-11-10,volatility,1.0,1.5118720200866833
2025-11-11,volatility,1.0,1.5072847884482898
2025-11-12,volatility,1.0,1.5160805989715769
2025-11-13,volatility,1.0,1.513719172845521
2025-11-14,volatility,1.0,1.4862663057342922
2025-11-17,volatility,1.0,1.4889684108420074
2025-11-18,volatility,1.0,1.4514725660437415
2025-11-19,volatility,1.0,1.4419248748380025
2025-11-20,volatility,1.0,1.4878319100990514
2025-11-21,volatility,1.0,1.4340491145581775
2025-11-24,volatility,1.0,1.4378085179704374
2025-11-25,volatility,1.0,1.4599380047520116
2025-11-26,volatility,1.0,1.4869194546099576
2025-11-27,volatility,1.0,1.4947849077231399
2025-11-28,volatility,1.0,1.4986880689859405
2025-12-01,volatility,1.0,1.483284279679863
2025-12-02,volatility,1.0,1.4953132856341846
2025-12-03,volatility,1.0,1.5077236567542809
2025-12-04,volatility,1.0,1.5078684995697316
2025-12-05,volatility,1.0,1.5179141896690427
2025-12-08,volatility,1.0,1.5354304056543897
2025-12-09,volatility,1.0,1.5288566032662563
2025-12-10,volatility,1.0,1.5406897730543692
2025-12-11,volatility,1.0,1.5202935177161092
2025-12-12,volatility,1.0,1.5296931112116683
2025-12-15,volatility,1.0,1.5117326020957815
2025-12-16,volatility,1.0,1.4938154915762845
2025-12-17,volatility,1.0,1.4931921792356369
2025-12-18,volatility,1.0,1.4901195586112446
2025-12-19,volatility,1.0,1.5024783938981279
2025-12-22,volatility,1.0,1.5270685810949998
2025-12-23,volatility,1.0,1.5357933264166987
2025-12-24,volatility,1.0,1.5391301359966136
2025-12-26,volatility,1.0,1.5491139830960694
2025-12-29,volatility,1.0,1.5629402334233802
2025-12-30,volatility,1.0,1.557311435471633
2025-12-31,volatility,1.0,1.5712244829917232
2026-01-02,volatility,1.0,1.592175697881317
2026-01-05,volatility,1.0,1.6331456003205802
2026-01-06,volatility,1.0,1.658710628488856
2026-01-07,volatility,1.0,1.6510708480769003
2026-01-08,volatility,1.0,1.6470065695250027
2026-01-09,volatility,1.0,1.6431229376305774
2026-01-12,volatility,1.0,1.6582218517970169
2026-01-13,volatility,1.0,1.6658128087880344
2026-01-14,volatility,1.0,1.6785372772495009
2026-01-15,volatility,1.0,1.6714199074415865
2026-01-16,volatility,1.0,1.7038668680323628
2026-01-19,volatility,1.0,1.7163759709592457
2026-01-20,volatility,1.0,1.7229237341895451
2026-01-21,volatility,1.0,1.695060750342433
2026-01-22,volatility,1.0,1.7221691410948188
2026-01-23,volatility,1.0,1.733855840620116
2026-01-26,volatility,1.0,1.7394439523877478
2026-01-27,volatility,1.0,1.7531904577941926
2026-01-28,volatility,1.0,1.7795496802764006
2026-01-29,volatility,1.0,1.7650355621963127
2026-01-30,volatility,1.0,1.7394021812387228
2026-02-02,volatility,1.0,1.7155481427331116
2026-02-03,volatility,1.0,1.746541792827287
2026-02-04,volatility,1.0,1.7516655396135488
2026-02-05,volatility,1.0,1.7251631017632547
2026-02-06,volatility,1.0,1.7241676464585654
2026-02-09,volatility,1.0,1.757893780677929
2026-02-10,volatility,1.0,1.794150595549268
2026-02-11,volatility,1.0,1.8230508058500943
2026-02-23,volatility,1.0,1.832140099381467
2026-02-24,volatility,1.0,1.8824586019655312
2026-02-25,volatility,1.0,1.9210969148137562
2026-02-26,volatility,1.0,1.921173947322348
2026-03-02,volatility,1.0,1.903847057713751
2026-03-03,volatility,1.0,1.8619977912151415
2026-03-04,volatility,1.0,1.7809091413083085
2026-03-05,volatility,1.0,1.8266979153941958
2026-03-06,volatility,1.0,1.8227160941754386
2026-03-09,volatility,1.0,1.741933946855608
2026-03-10,volatility,0.0,1.7717302096035403
2026-03-11,volatility,0.0,1.7717302096035403
2026-03-12,volatility,1.0,1.7576973516907564
2026-03-13,volatility,1.0,1.7481954248401905
2026-03-16,volatility,1.0,1.7451696101920073
2026-03-17,volatility,1.0,1.7710290460176683
2026-03-18,volatility,1.0,1.797827997029887
2026-03-19,volatility,1.0,1.7633407236915717
2026-03-20,volatility,1.0,1.7557094527054942
2026-03-23,volatility,1.0,1.7127178658567683
2026-03-24,volatility,1.0,1.706946782599396
2026-03-25,volatility,1.0,1.7502257197753754
2026-03-26,volatility,1.0,1.744913664272104
2026-03-27,volatility,1.0,1.7331354412954438
2026-03-30,volatility,1.0,1.7020225715268982
2026-03-31,volatility,1.0,1.6604028338725834
2026-04-01,volatility,0.0,1.667596938235923
2026-04-02,volatility,0.0,1.667596938235923
2026-04-07,volatility,0.0,1.667596938235923
2026-04-08,volatility,1.0,1.734898988782318
2026-04-09,volatility,1.0,1.739878889496867
2026-04-10,volatility,1.0,1.7676616248222612
2026-04-13,volatility,1.0,1.7696310263275337
2026-04-14,volatility,1.0,1.8114960305005636
2026-04-15,volatility,1.0,1.8327581802541417
2026-04-16,volatility,1.0,1.85321480187049
2026-04-17,volatility,1.0,1.8368606841500716
2026-04-20,volatility,1.0,1.8445695984051251
2026-04-21,volatility,1.0,1.8768261591469568
2026-04-22,volatility,1.0,1.890469230497218
2026-04-23,volatility,1.0,1.8822682154098793
2026-04-24,volatility,1.0,1.9430696189526633
2026-04-27,volatility,1.0,1.9772187216377268
2026-04-28,volatility,1.0,1.972482375898995
2026-04-29,volatility,1.0,1.9615907770521723
2026-04-30,volatility,1.0,1.9427816451390436
2026-05-04,volatility,1.0,2.031544956622628
2026-05-05,volatility,1.0,2.0347466065608755
2026-05-06,volatility,1.0,2.0531909050983437
2026-05-07,volatility,1.0,2.092864912665153
2026-05-08,volatility,1.0,2.0764029919226523
2026-05-11,volatility,1.0,2.085692018992123
2026-05-12,volatility,1.0,2.09109514638596
2026-05-13,volatility,1.0,2.064951915354742
2026-05-14,volatility,1.0,2.083780012614348
2026-05-15,volatility,1.0,2.0548633492048234
2026-05-18,volatility,1.0,2.0408619326237503
2026-05-19,volatility,1.0,2.005114250865856
2026-05-20,volatility,1.0,1.9973913621449775
2026-05-21,volatility,1.0,2.0646379889617323
2026-05-22,volatility,1.0,2.1095439367160154
2026-05-25,volatility,1.0,2.1782399152741063
2026-05-26,volatility,1.0,2.172299270034051
2026-05-27,volatility,1.0,2.2088040683868506
2026-05-28,volatility,1.0,2.1778426411742084
2026-05-29,volatility,1.0,2.232567647523203
2026-06-01,volatility,1.0,2.262760978203505
2026-06-02,volatility,1.0,2.2737109703539558
2026-06-03,volatility,1.0,2.3187212275138656
2026-06-04,volatility,1.0,2.2797075134573133
2026-06-05,volatility,1.0,2.2494368241269056
2026-06-08,volatility,1.0,2.1711718300947678
2026-06-09,volatility,1.0,2.231145246537388
2026-06-10,volatility,1.0,2.15733511257521
2026-06-11,volatility,1.0,2.153538050575181
2026-06-12,volatility,1.0,2.2044240715266703
2026-06-15,volatility,1.0,2.2657095904926963
2026-06-16,volatility,1.0,2.286282000540171
2026-06-17,volatility,1.0,2.2896857811448235
2026-06-18,volatility,1.0,2.319022676705245
2026-06-22,volatility,1.0,2.3827217855545704
2026-06-23,volatility,1.0,2.350737227808272
2026-06-24,volatility,1.0,2.2979811238764842
2026-06-25,volatility,1.0,2.308544821864472
2026-06-26,volatility,1.0,2.2245233460883367
2026-06-29,volatility,1.0,2.245891302511737
2026-06-30,volatility,1.0,2.302089117741132
2026-07-01,volatility,1.0,2.346661674667862
2026-07-02,volatility,1.0,2.332945237372017
2026-07-03,volatility,1.0,2.33476491245773
2026-07-06,volatility,1.0,2.3235738607717886
2026-07-07,volatility,1.0,2.269808101684105
2026-07-08,volatility,1.0,2.282549819988618
2026-07-09,volatility,1.0,2.2635944552723863
2026-07-13,volatility,1.0,2.264887592449315
2026-07-14,volatility,1.0,2.2328176906438673
2026-07-15,volatility,1.0,2.2774181965022486
2026-07-16,volatility,1.0,2.2770882992911528
2026-07-17,volatility,1.0,2.129672158385463
2026-07-20,volatility,1.0,2.118613864124864
2026-07-21,volatility,1.0,2.207609750646831
2026-07-22,volatility,1.0,2.2372011811205037
2026-07-23,volatility,1.0,2.238450398547695
2026-07-24,volatility,1.0,2.178760963214173
2026-07-27,volatility,1.0,2.1777303463595388
2026-07-28,volatility,1.0,2.0763740448148704
2026-07-29,volatility,1.0,1.9983076878326815
2026-07-30,volatility,1.0,1.993023343398362
2026-07-31,volatility,1.0,2.152055259933477
2026-08-03,volatility,1.0,2.165363942280055
2026-08-04,volatility,1.0,2.1640787905121694
2026-08-05,volatility,1.0,2.2265117129400864
2026-08-06,volatility,1.0,2.215786310418975
2026-08-07,volatility,1.0,2.207262385353453
2026-08-10,volatility,1.0,2.2423407900159162
2026-08-11,volatility,1.0,2.251921284515463
2026-08-12,volatility,1.0,2.2717525487861177
2026-08-13,volatility,1.0,2.296877141076266
2026-08-14,volatility,1.0,2.286372834568037
2026-08-17,volatility,1.0,2.288681615957644
2026-08-18,volatility,1.0,2.2613021437889302
2026-08-19,volatility,1.0,2.231889386842598
2026-08-20,volatility,1.0,2.2425893358723847
2026-08-21,volatility,1.0,2.2570903396067217
2026-08-24,volatility,1.0,2.2340339682587556
2026-08-25,volatility,1.0,2.254353839745239
2026-08-26,volatility,1.0,2.2874513638769307
2026-08-27,volatility,1.0,2.2945683596866586
2026-08-28,volatility,1.0,2.3123473738332176
2026-08-31,volatility,1.0,2.3022168842858224
2026-09-01,volatility,1.0,2.343154582833714
2026-09-02,volatility,1.0,2.3040260785221665
2026-09-03,volatility,1.0,2.2887010803921872
2026-09-04,volatility,1.0,2.323311340449494
2026-09-07,volatility,1.0,2.3619976527352757
2026-09-08,volatility,1.0,2.350993259985718
2026-09-09,volatility,1.0,2.3548651851955267
2026-09-10,volatility,1.0,2.3427438333560553
2026-09-11,volatility,1.0,2.3050307427974106
2026-09-14,volatility,1.0,2.288943637191873
2026-09-15,volatility,1.0,2.271424148839217
2026-09-16,volatility,1.0,2.2882638792470735
2026-09-17,volatility,1.0,2.310178836189931
2026-09-18,volatility,1.0,2.35473492321051
2026-09-21,volatility,1.0,2.3815903529107656
2026-09-22,volatility,1.0,2.3856494361450236
2026-09-23,volatility,1.0,2.4034728691293856
2026-09-24,volatility,1.0,2.394453619122677
2023-11-06,combined,1.0,1.0036305358210964
2023-11-07,combined,1.0,1.0057759162303057
2023-11-08,combined,1.0,1.0091443865103455
2023-11-09,combined,1.0,1.0094349381701486
2023-11-10,combined,1.0,1.005638476855959
2023-11-13,combined,1.0,1.0150795973867364
2023-11-14,combined,1.0,1.0196862276444427
2023-11-15,combined,1.0,1.0325301782988463
2023-11-16,combined,1.0,1.0350860684182752
2023-11-17,combined,1.0,1.0373628601590967
2023-11-20,combined,1.0,1.0374544864086612
2023-11-21,combined,1.0,1.0498861189400248
2023-11-22,combined,1.0,1.0434698702534206
2023-11-23,combined,1.0,1.0425228647398304
2023-11-24,combined,1.0,1.0420930652928604
2023-11-27,combined,1.0,1.0330510011911072
2023-11-28,combined,1.0,1.045337960696843
2023-11-29,combined,1.0,1.0471047800223254
2023-11-30,combined,1.0,1.0509199282689916
2023-12-01,combined,1.0,1.0511911901920443
2023-12-04,combined,1.0,1.050174259382734
2023-12-05,combined,1.0,1.0445398478387946
2023-12-06,combined,1.0,1.0465116206172504
2023-12-07,combined,1.0,1.0415698311835058
2023-12-08,combined,1.0,1.0479143461615692
2023-12-11,combined,1.0,1.0499849788408706
2023-12-12,combined,1.0,1.0519314338398413
2023-12-13,combined,1.0,1.053034565660255
2023-12-14,combined,1.0,1.064137014768661
2023-12-15,combined,1.0,1.0653884364403436
2023-12-18,combined,1.0,1.0640719119071285
2023-12-19,combined,1.0,1.0595219452511262
2023-12-20,combined,1.0,1.0630573923149118
2023-12-21,combined,1.0,1.0575441444299363
2023-12-22,combined,1.0,1.0607323762322143
2023-12-25,combined,1.0,1.0612272785407169
2023-12-26,combined,1.0,1.070081870513427
2023-12-27,combined,1.0,1.0785072658434407
2023-12-28,combined,1.0,1.079644757507441
2023-12-29,combined,1.0,1.0808768894423735
2024-01-02,combined,1.0,1.0762322825154393
2024-01-03,combined,1.0,1.0584827106836983
2024-01-04,combined,1.0,1.0579004017555453
2024-01-05,combined,1.0,1.0560612459172487
2024-01-08,combined,1.0,1.059287454388754
2024-01-09,combined,1.0,1.05704683090434
2024-01-10,combined,1.0,1.0528356402500165
2024-01-11,combined,1.0,1.0576393875051413
2024-01-12,combined,1.0,1.0556808764207017
2024-01-15,combined,1.0,1.0577298081461588
2024-01-16,combined,1.0,1.0456767366985218
2024-01-17,combined,1.0,1.0345200352055055
2024-01-18,combined,1.0,1.038498543410277
2024-01-19,combined,0.0,1.0566534100924678
2024-01-22,combined,1.0,1.0582304538997598
2024-01-23,combined,1.0,1.061764205026753
2024-01-24,combined,1.0,1.061837861967373
2024-01-25,combined,1.0,1.0693692841457467
2024-01-26,combined,1.0,1.0689184323882435
2024-01-29,combined,1.0,1.0763197669053617
2024-01-30,combined,1.0,1.0712707024273918
2024-01-31,combined,1.0,1.0626534343824614
2024-02-01,combined,1.0,1.0673193639676912
2024-02-02,combined,1.0,1.0727735416190698
2024-02-05,combined,1.0,1.0749202850335855
2024-02-15,combined,1.0,1.1075016011061316
2024-02-16,combined,1.0,1.10528476479651
2024-02-19,combined,1.0,1.1069806564535223
2024-02-20,combined,1.0,1.1139519294786344
2024-02-21,combined,1.0,1.1093869811829642
2024-02-22,combined,1.0,1.119869433046815
2024-02-23,combined,1.0,1.122032214666143
2024-02-26,combined,1.0,1.1255285433152407
2024-02-27,combined,1.0,1.119966256283275
2024-02-29,combined,1.0,1.1266405255155654
2024-03-01,combined,1.0,1.1248086061214408
2024-03-04,combined,1.0,1.1467500583199406
2024-03-05,combined,1.0,1.1515977542263771
2024-03-06,combined,1.0,1.1582821215876236
2024-03-07,combined,1.0,1.1698100268022071
2024-03-08,combined,1.0,1.1752630164384144
2024-03-11,combined,1.0,1.1717441155010624
2024-03-12,combined,1.0,1.1829393764676854
2024-03-13,combined,1.0,1.1837686110572436
2024-03-14,combined,1.0,1.1843275721953341
2024-03-15,combined,1.0,1.169155430442828
2024-03-18,combined,1.0,1.1808781701455024
2024-03-19,combined,1.0,1.17953274296402
2024-03-20,combined,1.0,1.1752113377784634
2024-03-21,combined,1.0,1.1998412683095858
2024-03-22,combined,1.0,1.2015840865658638
2024-03-25,combined,1.0,1.1994349671210056
2024-03-26,combined,1.0,1.195528773237814
2024-03-27,combined,1.0,1.1999024510909069
2024-03-28,combined,1.0,1.1967203524546148
2024-03-29,combined,1.0,1.2055057246462821
2024-04-01,combined,1.0,1.2012217419386213
2024-04-02,combined,1.0,1.2157297832103782
2024-04-03,combined,1.0,1.2080688673783337
2024-04-08,combined,1.0,1.2128268681393384
2024-04-09,combined,1.0,1.235310055255945
2024-04-10,combined,1.0,1.2333694324736477
2024-04-11,combined,1.0,1.2327570106528494
2024-04-12,combined,1.0,1.2317679880227528
2024-04-15,combined,1.0,1.2147318504664972
2024-04-16,combined,1.0,1.1821915209173601
2024-04-17,combined,1.0,1.2006871351115422
2024-04-18,combined,1.0,1.2059066797665916
2024-04-19,combined,1.0,1.159925740577099
2024-04-22,combined,0.0,1.1551649812448668
2024-04-23,combined,0.0,1.1551649812448668
2024-04-24,combined,0.0,1.1551649812448668
2024-04-25,combined,0.0,1.1551649812448668
2024-04-26,combined,0.0,1.1551649812448668
2024-04-29,combined,0.0,1.1551649812448668
2024-04-30,combined,1.0,1.1477154892172774
2024-05-02,combined,1.0,1.1379155162020649
2024-05-03,combined,1.0,1.1439859174932978
2024-05-06,combined,1.0,1.1548454535073416
2024-05-07,combined,1.0,1.1621729252921424
2024-05-08,combined,1.0,1.1648164871447761
2024-05-09,combined,1.0,1.1569533255167
2024-05-10,combined,1.0,1.165285215757642
2024-05-13,combined,1.0,1.1736621219518006
2024-05-14,combined,1.0,1.180872552258239
2024-05-15,combined,1.0,1.189952270021989
2024-05-16,combined,1.0,1.1987894643377852
2024-05-17,combined,1.0,1.1962128637155611
2024-05-20,combined,1.0,1.1969533761459712
2024-05-21,combined,1.0,1.1949906805857355
2024-05-22,combined,1.0,1.2127202137600186
2024-05-23,combined,1.0,1.215848822508559
2024-05-24,combined,1.0,1.2134804206699608
2024-05-27,combined,1.0,1.2268968628266965
2024-05-28,combined,1.0,1.2299714524313772
2024-05-29,combined,1.0,1.2189476081880937
2024-05-30,combined,1.0,1.2021780402161506
2024-05-31,combined,1.0,1.1914721211424582
2024-06-03,combined,1.0,1.2118722257413044
2024-06-04,combined,1.0,1.2017357584757993
2024-06-05,combined,1.0,1.2089529411752205
2024-06-06,combined,1.0,1.2324636481413207
2024-06-07,combined,1.0,1.2299697643331315
2024-06-11,combined,1.0,1.2262413180079823
2024-06-12,combined,1.0,1.2406936897881107
2024-06-13,combined,1.0,1.255497186003327
2024-06-14,combined,1.0,1.2663392783354994
2024-06-17,combined,1.0,1.2658784275144463
2024-06-18,combined,1.0,1.280559255257148
2024-06-19,combined,1.0,1.3059994585179868
2024-06-20,combined,1.0,1.3170598782232585
2024-06-21,combined,1.0,1.3084668954536611
2024-06-24,combined,1.0,1.2837255648665074
2024-06-25,combined,1.0,1.2872294941249895
2024-06-26,combined,1.0,1.2934597020501406
2024-06-27,combined,1.0,1.28891815507002
2024-06-28,combined,1.0,1.2960233605858151
2024-07-01,combined,1.0,1.297504385446635
2024-07-02,combined,1.0,1.2874208119261592
2024-07-03,combined,1.0,1.3039112809881606
2024-07-04,combined,1.0,1.3236113875144917
2024-07-05,combined,1.0,1.3255279417226804
2024-07-08,combined,1.0,1.3436221041180165
2024-07-09,combined,1.0,1.3448561039355613
2024-07-10,combined,1.0,1.350876987678256
2024-07-11,combined,1.0,1.372425561783536
2024-07-12,combined,1.0,1.3458042524501819
2024-07-15,combined,1.0,1.3436901907472563
2024-07-16,combined,1.0,1.3503238541531093
2024-07-17,combined,1.0,1.3375263813530993
2024-07-18,combined,1.0,1.3166305385694572
2024-07-19,combined,1.0,1.2868519228173867
2024-07-22,combined,1.0,1.252399525722623
2024-07-23,combined,1.0,1.2869970992665098
2024-07-26,combined,1.0,1.2446466531799267
2024-07-29,combined,0.0,1.2547661623731556
2024-07-30,combined,0.0,1.2547661623731556
2024-07-31,combined,0.0,1.2547661623731556
2024-08-01,combined,0.0,1.2547661623731556
2024-08-02,combined,0.0,1.2547661623731556
2024-08-05,combined,0.0,1.2547661623731556
2024-08-06,combined,0.0,1.2547661623731556
2024-08-07,combined,0.0,1.2547661623731556
2024-08-08,combined,0.0,1.2547661623731556
2024-08-09,combined,0.0,1.2547661623731556
2024-08-12,combined,0.0,1.2547661623731556
2024-08-13,combined,0.0,1.2547661623731556
2024-08-14,combined,0.0,1.2547661623731556
2024-08-15,combined,0.0,1.2547661623731556
2024-08-16,combined,0.0,1.2547661623731556
2024-08-19,combined,1.0,1.2574854941204046
2024-08-20,combined,1.0,1.2585780263295718
2024-08-21,combined,1.0,1.247848540776675
2024-08-22,combined,1.0,1.242851061652461
2024-08-23,combined,1.0,1.2433684292420102
2024-08-26,combined,1.0,1.2479736741524554
2024-08-27,combined,1.0,1.2448806913394455
2024-08-28,combined,1.0,1.2552987462934269
2024-08-29,combined,1.0,1.245826205860476
2024-08-30,combined,1.0,1.2495431721437453
2024-09-02,combined,1.0,1.2476919837728961
2024-09-03,combined,1.0,1.2396739084073116
2024-09-04,combined,1.0,1.183590588336718
2024-09-05,combined,1.0,1.1889191378273463
2024-09-06,combined,1.0,1.2028061368578933
2024-09-09,combined,0.0,1.1843723739720153
2024-09-10,combined,0.0,1.1843723739720153
2024-09-11,combined,0.0,1.1843723739720153
2024-09-12,combined,0.0,1.1843723739720153
2024-09-13,combined,0.0,1.1843723739720153
2024-09-16,combined,0.0,1.1843723739720153
2024-09-18,combined,1.0,1.175882916148995
2024-09-19,combined,1.0,1.1956185200392775
2024-09-20,combined,1.0,1.201950077115305
2024-09-23,combined,1.0,1.208790415184849
2024-09-24,combined,1.0,1.216723167882262
2024-09-25,combined,1.0,1.2346129490423363
2024-09-26,combined,1.0,1.2398857209378273
2024-09-27,combined,1.0,1.23793195852989
2024-09-30,combined,1.0,1.2054822539061123
2024-10-01,combined,1.0,1.2144781310675892
2024-10-04,combined,1.0,1.209722276322227
2024-10-07,combined,1.0,1.2314105577995653
2024-10-08,combined,1.0,1.226465401810347
2024-10-09,combined,1.0,1.2290521572027548
2024-10-11,combined,1.0,1.2422088648559826
2024-10-14,combined,1.0,1.2462037177528338
2024-10-15,combined,1.0,1.2633845684667186
2024-10-16,combined,1.0,1.248139580616223
2024-10-17,combined,1.0,1.2504643517657008
2024-10-18,combined,1.0,1.2739740475034091
2024-10-21,combined,1.0,1.2769714075995393
2024-10-22,combined,1.0,1.2765862961865369
2024-10-23,combined,1.0,1.2657017458700244
2024-10-24,combined,1.0,1.2579864997593917
2024-10-25,combined,1.0,1.2664443057635464
2024-10-28,combined,1.0,1.2582875375540625
2024-10-29,combined,1.0,1.2435621789059002
2024-10-30,combined,1.0,1.2378039496658497
2024-11-01,combined,1.0,1.235615323537025
2024-11-04,combined,0.0,1.2375821482731988
2024-11-05,combined,0.0,1.2375821482731988
2024-11-06,combined,1.0,1.2419319172744212
2024-11-07,combined,1.0,1.2521723253757235
2024-11-08,combined,1.0,1.2599323337504411
2024-11-11,combined,1.0,1.2586351654655654
2024-11-12,combined,1.0,1.229328790692997
2024-11-13,combined,1.0,1.2228274367406762
2024-11-14,combined,1.0,1.2150791964906051
2024-11-15,combined,0.0,1.2166284642162273
2024-11-18,combined,0.0,1.2166284642162273
2024-11-19,combined,0.0,1.2166284642162273
2024-11-20,combined,0.0,1.2166284642162273
2024-11-21,combined,0.0,1.2166284642162273
2024-11-22,combined,0.0,1.2166284642162273
2024-11-25,combined,0.0,1.2166284642162273
2024-11-26,combined,0.0,1.2166284642162273
2024-11-27,combined,0.0,1.2166284642162273
2024-11-28,combined,0.0,1.2166284642162273
2024-11-29,combined,0.0,1.2166284642162273
2024-12-02,combined,0.0,1.2166284642162273
2024-12-03,combined,0.0,1.2166284642162273
2024-12-04,combined,1.0,1.222205907406288
2024-12-05,combined,1.0,1.2228686379068825
2024-12-06,combined,1.0,1.2189442852915455
2024-12-09,combined,1.0,1.2231477099892107
2024-12-10,combined,1.0,1.2153604952173547
2024-12-11,combined,1.0,1.203721980597475
2024-12-12,combined,1.0,1.2112464156307925
2024-12-13,combined,1.0,1.2098631430871247
2024-12-16,combined,1.0,1.2108837795916092
2024-12-17,combined,1.0,1.2097333298962865
2024-12-18,combined,1.0,1.217651408977935
2024-12-19,combined,1.0,1.2052261318208706
2024-12-20,combined,1.0,1.1830475218882033
2024-12-23,combined,1.0,1.2142809960514376
2024-12-24,combined,1.0,1.215106124430449
2024-12-25,combined,1.0,1.2203559380469755
2024-12-26,combined,1.0,1.2217649630050198
2024-12-27,combined,1.0,1.2232754209421406
2024-12-30,combined,1.0,1.2187829385320827
2024-12-31,combined,1.0,1.2106315110426118
2025-01-02,combined,1.0,1.199960551420032
2025-01-03,combined,1.0,1.2039674168732701
2025-01-06,combined,0.0,1.2144974324808469
2025-01-07,combined,1.0,1.2044511322245275
2025-01-08,combined,1.0,1.1920283824442897
2025-01-09,combined,1.0,1.175416506662074
2025-01-10,combined,1.0,1.1718889020163534
2025-01-13,combined,1.0,1.1452279108199608
2025-01-14,combined,0.0,1.1484390668708446
2025-01-15,combined,0.0,1.1484390668708446
2025-01-16,combined,0.0,1.1484390668708446
2025-01-17,combined,0.0,1.1484390668708446
2025-01-20,combined,1.0,1.1504241054735898
2025-01-21,combined,1.0,1.1520651795894623
2025-01-22,combined,1.0,1.163210045685205
2025-02-03,combined,1.0,1.1221362201939298
2025-02-04,combined,1.0,1.1270436201939407
2025-02-05,combined,1.0,1.1452205309043086
2025-02-06,combined,1.0,1.1528854694232173
2025-02-07,combined,1.0,1.1608792161033359
2025-02-10,combined,1.0,1.1496982552771144
2025-02-11,combined,1.0,1.1562205236297738
2025-02-12,combined,1.0,1.15155787556931
2025-02-13,combined,1.0,1.156979996314914
2025-02-14,combined,1.0,1.1447770107229474
2025-02-17,combined,1.0,1.1622171933728602
2025-02-18,combined,1.0,1.1701669341486967
2025-02-19,combined,1.0,1.167099870954735
2025-02-20,combined,1.0,1.1613336141486768
2025-02-21,combined,1.0,1.1733383259471923
2025-02-24,combined,1.0,1.1651828946524638
2025-02-25,combined,1.0,1.1513586128791333
2025-02-26,combined,1.0,1.1571352531008086
2025-02-27,combined,1.0,1.1398607106524075
2025-03-03,combined,1.0,1.125179055418118
2025-03-04,combined,1.0,1.1172990318614253
2025-03-05,combined,1.0,1.1308973507329922
2025-03-06,combined,1.0,1.1231607172014888
2025-03-07,combined,1.0,1.116270084818602
2025-03-10,combined,1.0,1.1104889945616623
2025-03-11,combined,1.0,1.0913014313978915
2025-03-12,combined,1.0,1.1015498626120201
2025-03-13,combined,1.0,1.0858916718613556
2025-03-14,combined,1.0,1.0862066354684092
2025-03-17,combined,1.0,1.0936520389142697
2025-03-18,combined,1.0,1.1012190766573593
2025-03-19,combined,1.0,1.0858496437505243
2025-03-20,combined,1.0,1.1064399569193357
2025-03-21,combined,1.0,1.098125313251811
2025-03-24,combined,1.0,1.0930591953273665
2025-03-25,combined,1.0,1.101294232808493
2025-03-26,combined,1.0,1.1006563944205823
2025-03-27,combined,1.0,1.0854011790855358
2025-03-28,combined,1.0,1.0681513590552707
2025-03-31,combined,1.0,1.0233053870047935
2025-04-01,combined,0.0,1.031599534304338
2025-04-02,combined,0.0,1.031599534304338
2025-04-07,combined,0.0,1.031599534304338
2025-04-08,combined,0.0,1.031599534304338
2025-04-09,combined,0.0,1.031599534304338
2025-04-10,combined,0.0,1.031599534304338
2025-04-11,combined,0.0,1.031599534304338
2025-04-14,combined,0.0,1.031599534304338
2025-04-15,combined,0.0,1.031599534304338
2025-04-16,combined,0.0,1.031599534304338
2025-04-17,combined,0.0,1.031599534304338
2025-04-18,combined,0.0,1.031599534304338
2025-04-21,combined,0.0,1.031599534304338
2025-04-22,combined,0.0,1.031599534304338
2025-04-23,combined,0.0,1.031599534304338
2025-04-24,combined,0.0,1.031599534304338
2025-04-25,combined,0.0,1.031599534304338
2025-04-28,combined,1.0,1.033785741031215
2025-04-29,combined,1.0,1.044013993801684
2025-04-30,combined,1.0,1.0441378350217883
2025-05-02,combined,1.0,1.072652791955946
2025-05-05,combined,1.0,1.059512722497769
2025-05-06,combined,1.0,1.0589760772106493
2025-05-07,combined,1.0,1.0602093293608572
2025-05-08,combined,1.0,1.0600498837899726
2025-05-09,combined,1.0,1.079226696723163
2025-05-12,combined,1.0,1.0902950057700076
2025-05-13,combined,1.0,1.1006460677504135
2025-05-14,combined,1.0,1.1240071659078865
2025-05-15,combined,1.0,1.1212919471570941
2025-05-16,combined,1.0,1.1271455088273694
2025-05-19,combined,1.0,1.110640570217935
2025-05-20,combined,1.0,1.110754091336364
2025-05-21,combined,1.0,1.1250928406041365
2025-05-22,combined,1.0,1.1182325530154278
2025-05-23,combined,1.0,1.1172665914986124
2025-05-26,combined,1.0,1.1112979606946565
2025-05-27,combined,1.0,1.1009763110040256
2025-05-28,combined,1.0,1.1020692097714484
2025-05-29,combined,1.0,1.101531532474161
2025-06-02,combined,1.0,1.0837505132925656
2025-06-03,combined,1.0,1.090160328443144
2025-06-04,combined,1.0,1.1155044341375413
2025-06-05,combined,1.0,1.1184116067794958
2025-06-06,combined,1.0,1.117701067779146
2025-06-09,combined,1.0,1.1243900416800432
2025-06-10,combined,1.0,1.1477057313901446
2025-06-11,combined,1.0,1.1594685832797424
2025-06-12,combined,1.0,1.1500628426128015
2025-06-13,combined,1.0,1.1389754413778572
2025-06-16,combined,1.0,1.1377860496597698
2025-06-17,combined,1.0,1.1461293358592304
2025-06-18,combined,1.0,1.1536186336450536
2025-06-19,combined,1.0,1.1353917860710816
2025-06-20,combined,1.0,1.137571391544922
2025-06-23,combined,1.0,1.1213832800569214
2025-06-24,combined,1.0,1.1449512962529858
2025-06-25,combined,1.0,1.1574308792039387
2025-06-26,combined,1.0,1.1606161785860447
2025-06-27,combined,1.0,1.1651436071910337
2025-06-30,combined,1.0,1.148421946446416
2025-07-01,combined,1.0,1.1637834177902187
2025-07-02,combined,1.0,1.1650228620014318
2025-07-03,combined,1.0,1.1720007987492398
2025-07-04,combined,1.0,1.1634624626281145
2025-07-07,combined,1.0,1.1573333542431063
2025-07-08,combined,1.0,1.1539045004614614
2025-07-09,combined,1.0,1.1624051682114716
2025-07-10,combined,1.0,1.1709832367240474
2025-07-11,combined,1.0,1.1739647140980645
2025-07-14,combined,1.0,1.1669439489283038
2025-07-15,combined,1.0,1.178346113264347
2025-07-16,combined,1.0,1.1890253544780298
2025-07-17,combined,1.0,1.1926569982575959
2025-07-18,combined,1.0,1.206581395443102
2025-07-21,combined,1.0,1.2043847618014973
2025-07-22,combined,1.0,1.1861883585274677
2025-07-23,combined,1.0,1.203255226673127
2025-07-24,combined,1.0,1.206096350664359
2025-07-25,combined,1.0,1.205613885911035
2025-07-28,combined,1.0,1.2081216706181523
2025-07-29,combined,1.0,1.1972102271167735
2025-07-30,combined,1.0,1.2106366793964425
2025-07-31,combined,1.0,1.2148060004732957
2025-08-01,combined,1.0,1.209225921497418
2025-08-04,combined,1.0,1.2063651893130025
2025-08-05,combined,1.0,1.2208984724973562
2025-08-06,combined,1.0,1.20989569609615
2025-08-07,combined,1.0,1.2386067349621401
2025-08-08,combined,1.0,1.239509227853652
2025-08-11,combined,1.0,1.2454040699306288
2025-08-12,combined,1.0,1.2465836575521247
2025-08-13,combined,1.0,1.257505421155179
2025-08-14,combined,1.0,1.2506982820900985
2025-08-15,combined,1.0,1.255671539087464
2025-08-18,combined,1.0,1.2633104783475801
2025-08-19,combined,1.0,1.2566529807567928
2025-08-20,combined,1.0,1.219084714627908
2025-08-21,combined,1.0,1.2364580897933262
2025-08-22,combined,1.0,1.2262587333075483
2025-08-25,combined,1.0,1.2527251500591432
2025-08-26,combined,1.0,1.2541555161513507
2025-08-27,combined,1.0,1.2652393053507087
2025-08-28,combined,1.0,1.2506131412512769
2025-08-29,combined,1.0,1.2504402795482141
2025-09-01,combined,1.0,1.242113505511434
2025-09-02,combined,1.0,1.2392780575761235
2025-09-03,combined,1.0,1.243587732035762
2025-09-04,combined,1.0,1.2476925524771443
2025-09-05,combined,1.0,1.2639327804786056
2025-09-08,combined,1.0,1.2666572873209059
2025-09-09,combined,1.0,1.2825399237993151
2025-09-10,combined,1.0,1.2999504513307643
2025-09-11,combined,1.0,1.301143455084438
2025-09-12,combined,1.0,1.3145043747184684
2025-09-15,combined,1.0,1.3084423469943505
2025-09-16,combined,1.0,1.3225024535168877
2025-09-17,combined,1.0,1.312626632218633
2025-09-18,combined,1.0,1.329712076547308
2025-09-19,combined,1.0,1.3198568954524041
2025-09-22,combined,1.0,1.335452117099154
2025-09-23,combined,1.0,1.354377635556549
2025-09-24,combined,1.0,1.3517645858123428
2025-09-25,combined,1.0,1.3428438899241446
2025-09-26,combined,1.0,1.3199575164437392
2025-09-30,combined,1.0,1.3323529905660376
2025-10-01,combined,1.0,1.3407313651111945
2025-10-02,combined,1.0,1.3611383341640904
2025-10-03,combined,1.0,1.380884300704678
2025-10-07,combined,1.0,1.4041504539267378
2025-10-08,combined,1.0,1.396499646549695
2025-10-09,combined,1.0,1.4087929516654072
2025-10-13,combined,1.0,1.3892621592447512
2025-10-14,combined,1.0,1.3825401610184926
2025-10-15,combined,1.0,1.4074405023408487
2025-10-16,combined,1.0,1.426644147538395
2025-10-17,combined,1.0,1.4088161718941767
2025-10-20,combined,1.0,1.4287473842598375
2025-10-21,combined,1.0,1.432038464684116
2025-10-22,combined,1.0,1.4266978120671072
2025-10-23,combined,1.0,1.4206786127649418
2025-10-27,combined,1.0,1.4444855393147915
2025-10-28,combined,1.0,1.4421882846818521
2025-10-29,combined,1.0,1.4600229683921595
2025-10-30,combined,1.0,1.4596509287267618
2025-10-31,combined,1.0,1.4568552131829016
2025-11-03,combined,1.0,1.4620792486509788
2025-11-04,combined,1.0,1.4508287898095638
2025-11-05,combined,1.0,1.4302143867129928
2025-11-06,combined,1.0,1.4396258034358553
2025-11-07,combined,1.0,1.4268268133380493
2025-11-10,combined,1.0,1.4380808842150508
2025-11-11,combined,1.0,1.4337175452267004
2025-11-12,combined,1.0,1.4420840516549307
2025-11-13,combined,1.0,1.4398378815252844
2025-11-14,combined,1.0,1.413724928256071
2025-11-17,combined,1.0,1.4162951495783245
2025-11-18,combined,1.0,1.3806293941932961
2025-11-19,combined,0.0,1.3767826650466728
2025-11-20,combined,0.0,1.3767826650466728
2025-11-21,combined,0.0,1.3767826650466728
2025-11-24,combined,0.0,1.3767826650466728
2025-11-25,combined,0.0,1.3767826650466728
2025-11-26,combined,0.0,1.3767826650466728
2025-11-27,combined,0.0,1.3767826650466728
2025-11-28,combined,1.0,1.3784189105742646
2025-12-01,combined,1.0,1.364251269613217
2025-12-02,combined,1.0,1.3753149523274368
2025-12-03,combined,1.0,1.3867293957951559
2025-12-04,combined,1.0,1.386862615028704
2025-12-05,combined,1.0,1.3961021422453506
2025-12-08,combined,1.0,1.4122126884327522
2025-12-09,combined,1.0,1.406166431233739
2025-12-10,combined,1.0,1.4170499935610268
2025-12-11,combined,1.0,1.39829053010431
2025-12-12,combined,1.0,1.4069358097286127
2025-12-15,combined,1.0,1.390416624768642
2025-12-16,combined,1.0,1.373937355683892
2025-12-17,combined,1.0,1.3733640639260387
2025-12-18,combined,1.0,1.370538019960433
2025-12-19,combined,0.0,1.379994303352186
2025-12-22,combined,1.0,1.386644040628954
2025-12-23,combined,1.0,1.394566485145273
2025-12-24,combined,1.0,1.3975964519561839
2025-12-26,combined,1.0,1.406662215114695
2025-12-29,combined,1.0,1.419217045891753
2025-12-30,combined,1.0,1.4141058549260548
2025-12-31,combined,1.0,1.4267395012924062
2026-01-02,combined,1.0,1.4457641067556133
2026-01-05,combined,1.0,1.4829665426945526
2026-01-06,combined,1.0,1.5061806893261542
2026-01-07,combined,1.0,1.499243439676007
2026-01-08,combined,1.0,1.495552899707328
2026-01-09,combined,1.0,1.4920263946838668
2026-01-12,combined,1.0,1.5057368590389442
2026-01-13,combined,1.0,1.5126297749201139
2026-01-14,combined,1.0,1.5241841403105745
2026-01-15,combined,1.0,1.5177212619884888
2026-01-16,combined,1.0,1.547184499656217
2026-01-19,combined,1.0,1.5585433038657426
2026-01-20,combined,1.0,1.5644889548830883
2026-01-21,combined,1.0,1.5391881655249349
2026-01-22,combined,1.0,1.5638037518536658
2026-01-23,combined,1.0,1.5744157783546333
2026-01-26,combined,1.0,1.5794900245128503
2026-01-27,combined,1.0,1.5919724434672444
2026-01-28,combined,1.0,1.6159077527408838
2026-01-29,combined,1.0,1.6027283084186732
2026-01-30,combined,1.0,1.5794520945105026
2026-02-02,combined,1.0,1.5577916001828536
2026-02-03,combined,1.0,1.585935169327345
2026-02-04,combined,1.0,1.5905877520828404
2026-02-05,combined,1.0,1.5665223970868665
2026-02-06,combined,1.0,1.5656184807971538
2026-02-09,combined,1.0,1.5962432632120984
2026-02-10,combined,1.0,1.6291660126523884
2026-02-11,combined,1.0,1.6554086483026016
2026-02-23,combined,1.0,1.6636621182939544
2026-02-24,combined,1.0,1.7093534857972614
2026-02-25,combined,1.0,1.744438737968798
2026-02-26,combined,1.0,1.744508686804296
2026-03-02,combined,1.0,1.7287751247915353
2026-03-03,combined,1.0,1.690774188413564
2026-03-04,combined,1.0,1.617142201908197
2026-03-05,combined,1.0,1.6587203808452378
2026-03-06,combined,1.0,1.6551047156863878
2026-03-09,combined,1.0,1.581751046730714
2026-03-10,combined,0.0,1.6088073365947932
2026-03-11,combined,0.0,1.6088073365947932
2026-03-12,combined,1.0,1.596064897231787
2026-03-13,combined,1.0,1.5874367384149894
2026-03-16,combined,1.0,1.584689168396266
2026-03-17,combined,1.0,1.6081706498605546
2026-03-18,combined,1.0,1.6325052515780192
2026-03-19,combined,1.0,1.601189322061726
2026-03-20,combined,1.0,1.5942597993367666
2026-03-23,combined,1.0,1.5552215868825356
2026-03-24,combined,0.0,1.5698281039795248
2026-03-25,combined,0.0,1.5698281039795248
2026-03-26,combined,0.0,1.5698281039795248
2026-03-27,combined,0.0,1.5698281039795248
2026-03-30,combined,0.0,1.5698281039795248
2026-03-31,combined,0.0,1.5698281039795248
2026-04-01,combined,0.0,1.5698281039795248
2026-04-02,combined,0.0,1.5698281039795248
2026-04-07,combined,0.0,1.5698281039795248
2026-04-08,combined,1.0,1.6331843311233254
2026-04-09,combined,1.0,1.637872267349088
2026-04-10,combined,1.0,1.6640261404578776
2026-04-13,combined,1.0,1.665880078756821
2026-04-14,combined,1.0,1.7052905973402657
2026-04-15,combined,1.0,1.7253061775256655
2026-04-16,combined,1.0,1.7445634565416546
2026-04-17,combined,1.0,1.7291681574590954
2026-04-20,combined,1.0,1.7364251090469012
2026-04-21,combined,1.0,1.7667905135575481
2026-04-22,combined,1.0,1.7796337110587945
2026-04-23,combined,1.0,1.7719135098098744
2026-04-24,combined,1.0,1.8291502136286235
2026-04-27,combined,1.0,1.8612972030428674
2026-04-28,combined,1.0,1.8568385425114502
2026-04-29,combined,1.0,1.84658550259816
2026-04-30,combined,1.0,1.8288791233096953
2026-05-04,combined,1.0,1.9124383682172952
2026-05-05,combined,1.0,1.9154523099779954
2026-05-06,combined,1.0,1.9328152455521852
2026-05-07,combined,1.0,1.970163222541012
2026-05-08,combined,1.0,1.9546664407740708
2026-05-11,combined,1.0,1.963410865411662
2026-05-12,combined,1.0,1.9684972151390725
2026-05-13,combined,1.0,1.9438867245219273
2026-05-14,combined,1.0,1.9616109572456073
2026-05-15,combined,1.0,1.9343896366418354
2026-05-18,combined,1.0,1.9212091031804672
2026-05-19,combined,1.0,1.8875572571084642
2026-05-20,combined,1.0,1.8802871503578686
2026-05-21,combined,1.0,1.9435912031863887
2026-05-22,combined,1.0,1.9858643791584452
2026-05-25,combined,1.0,2.0505328102992135
2026-05-26,combined,1.0,2.04494045663162
2026-05-27,combined,1.0,2.07930503063051
2026-05-28,combined,1.0,2.0501588278141756
2026-05-29,combined,1.0,2.1016753849553687
2026-06-01,combined,1.0,2.1300985236454806
2026-06-02,combined,1.0,2.140406533346144
2026-06-03,combined,1.0,2.1827779032118855
2026-06-04,combined,1.0,2.146051507664899
2026-06-05,combined,1.0,2.117555545752198
2026-06-08,combined,1.0,2.0438791168907904
2026-06-09,combined,1.0,2.100336377314216
2026-06-10,combined,1.0,2.0308536264194506
2026-06-11,combined,1.0,2.0272791807584363
2026-06-12,combined,1.0,2.0751818267502444
2026-06-15,combined,1.0,2.132874262994228
2026-06-16,combined,1.0,2.1522405419304795
2026-06-17,combined,1.0,2.155444763724396
2026-06-18,combined,1.0,2.183061678866361
2026-06-22,combined,1.0,2.2430261996551217
2026-06-23,combined,1.0,2.212916850991643
2026-06-24,combined,1.0,2.1632537623221504
2026-06-25,combined,1.0,2.1731981257371116
2026-06-26,combined,1.0,2.094102709460597
2026-06-29,combined,1.0,2.114217893021409
2026-06-30,combined,1.0,2.1671209103552482
2026-07-01,combined,1.0,2.209080241729308
2026-07-02,combined,1.0,2.196167979623413
2026-07-03,combined,1.0,2.1978809697496033
2026-07-06,combined,1.0,2.1873460334908073
2026-07-07,combined,1.0,2.136732484309718
2026-07-08,combined,1.0,2.148727173810992
2026-07-09,combined,1.0,2.130883135140472
2026-07-13,combined,1.0,2.1321004575258145
2026-07-14,combined,1.0,2.101910768403866
2026-07-15,combined,1.0,2.1438964101035065
2026-07-16,combined,1.0,2.143585854296208
2026-07-17,combined,1.0,2.0048125118488627
2026-07-20,combined,1.0,1.9944025496365745
2026-07-21,combined,0.0,1.9979104240661159
2026-07-22,combined,0.0,1.9979104240661159
2026-07-23,combined,0.0,1.9979104240661159
2026-07-24,combined,0.0,1.9979104240661159
2026-07-27,combined,0.0,1.9979104240661159
2026-07-28,combined,0.0,1.9979104240661159
2026-07-29,combined,0.0,1.9979104240661159
2026-07-30,combined,0.0,1.9979104240661159
2026-07-31,combined,0.0,1.9979104240661159
2026-08-03,combined,0.0,1.9979104240661159
2026-08-04,combined,0.0,1.9979104240661159
2026-08-05,combined,0.0,1.9979104240661159
2026-08-06,combined,1.0,1.9918211026725374
2026-08-07,combined,1.0,1.9841587510534884
2026-08-10,combined,1.0,2.0156915330398384
2026-08-11,combined,1.0,2.0243036591408554
2026-08-12,combined,1.0,2.0421304371479354
2026-08-13,combined,1.0,2.064715509040585
2026-08-14,combined,1.0,2.0552729471501854
2026-08-17,combined,1.0,2.057348363661089
2026-08-18,combined,1.0,2.0327363285612927
2026-08-19,combined,1.0,2.0062965271697926
2026-08-20,combined,1.0,2.01591495660716
2026-08-21,combined,1.0,2.0289502412427636
2026-08-24,combined,1.0,2.0082243405609197
2026-08-25,combined,1.0,2.0264903387937183
2026-08-26,combined,1.0,2.056242461867017
2026-08-27,combined,1.0,2.0626400925296813
2026-08-28,combined,1.0,2.0786220558604023
2026-08-31,combined,1.0,2.0695155266043885
2026-09-01,combined,1.0,2.1063153621657515
2026-09-02,combined,1.0,2.0711418527721417
2026-09-03,combined,1.0,2.0573658606874456
2026-09-04,combined,1.0,2.088477816757836
2026-09-07,combined,1.0,2.123253829603962
2026-09-08,combined,1.0,2.113361728728711
2026-09-09,combined,1.0,2.116842291048553
2026-09-10,combined,1.0,2.1059461300454587
2026-09-11,combined,1.0,2.0720449685171585
2026-09-14,combined,1.0,2.0575839005543495
2026-09-15,combined,1.0,2.041835230908382
2026-09-16,combined,1.0,2.056972850556976
2026-09-17,combined,0.0,2.0588245693804783
2026-09-18,combined,1.0,2.089144600171534
2026-09-21,combined,1.0,2.1129710085670403
2026-09-22,combined,1.0,2.1165722681979693
2026-09-23,combined,1.0,2.1323853979089904
2026-09-24,combined,1.0,2.1243834282336005
