date,open,high,low,close,eligible,above,pct60,ma20,atr14,atr_pct,atr_base,prior_low10,price,breadth,vol_trigger,volatility,combined
2023-01-03,14108.16,14237.94,14001.97,14224.12,0,0,,,,,,,False,False,False,False,False
2023-01-04,14186.95,14257.45,14177.97,14199.13,0,0,,,,,,,False,False,False,False,False
2023-01-05,14285.12,14357.6,14270.93,14301.05,0,0,,,,,,,False,False,False,False,False
2023-01-06,14278.52,14384.92,14278.52,14373.34,0,0,,,,,,,False,False,False,False,False
2023-01-09,14504.47,14752.21,14504.47,14752.21,0,0,,,,,,,False,False,False,False,False
2023-01-10,14796.27,14816.13,14728.56,14802.96,0,0,,,,,,,False,False,False,False,False
2023-01-11,14822.86,14842.74,14734.44,14751.44,0,0,,,,,,,False,False,False,False,False
2023-01-12,14780.58,14813.31,14700.73,14731.64,0,0,,,,,,,False,False,False,False,False
2023-01-13,14923.05,14962.31,14822.15,14824.13,0,0,,,,,,,False,False,False,False,False
2023-01-16,14895.26,14960.92,14895.26,14927.01,0,0,,,,,,,False,False,False,False,False
2023-01-17,14922.34,14945.23,14884.78,14932.93,0,0,,,,,,14001.97,False,False,False,False,False
2023-01-30,15291.53,15493.82,15291.53,15493.82,0,0,,,,,,14177.97,False,False,False,False,False
2023-01-31,15419.21,15441.98,15265.2,15265.2,0,0,,,,,,14270.93,False,False,False,False,False
2023-02-01,15346.35,15420.13,15291.68,15420.13,0,0,,,188.57071428571413,0.012228866701234953,,14278.52,False,False,False,False,False
2023-02-02,15508.83,15602.09,15496.52,15595.16,0,0,,,188.0985204081632,0.01206133956997961,,14504.47,False,False,False,False,False
2023-02-03,15591.95,15617.73,15504.03,15602.66,0,0,,,182.78434037900863,0.011714947347375937,,14700.73,False,False,False,False,False
2023-02-06,15514.8,15514.8,15392.82,15392.82,0,0,,,184.71688749479375,0.01200019798157802,,14700.73,False,False,False,False,False
2023-02-07,15376.12,15462.1,15363.65,15400.91,0,0,,,178.55496695945138,0.011593793286205255,,14700.73,False,False,False,False,False
2023-02-08,15538.71,15631.22,15520.05,15618.17,0,0,,,182.25175503377622,0.011669213168621946,,14822.15,False,False,False,False,False
2023-02-09,15590.0,15617.34,15553.84,15598.71,0,0,,15010.376999999999,173.82877253136363,0.011143791539900649,,14884.78,False,False,False,False,False
2023-02-10,15627.33,15628.3,15546.11,15586.65,0,0,,15078.5035,167.2831459219804,0.010732463096430625,,14884.78,False,False,False,False,False
2023-02-13,15564.76,15569.99,15465.56,15544.28,0,0,,15145.760999999999,163.9836354989818,0.010549451984844702,,15265.2,False,False,False,False,False
2023-02-14,15584.74,15669.63,15584.74,15654.48,0,0,,15213.4325,161.2240901061973,0.01029891060617774,,15265.2,False,False,False,False,False
2023-02-15,15497.67,15553.68,15388.85,15432.89,0,0,,15266.409999999998,168.68165509861174,0.0109300108468739,,15291.68,False,False,False,False,False
2023-02-16,15474.46,15585.48,15474.46,15550.5,0,0,,15306.324499999999,167.53225116299663,0.01077343179724103,,15363.65,False,False,False,False,False
2023-02-17,15503.75,15503.75,15418.43,15479.7,0,0,,15340.161499999998,164.99923322278255,0.010659071766428455,,15363.65,False,False,False,False,False
2023-02-20,15452.01,15575.32,15436.66,15551.23,0,0,,15380.151000000002,163.1178594211552,0.010489064814883145,,15363.65,False,False,False,False,False
2023-02-21,15535.64,15567.74,15496.73,15563.0,0,0,,15421.719000000001,156.5387266053584,0.010058390195036843,,15363.65,False,False,False,False,False
2023-02-22,15541.17,15541.17,15345.93,15418.77,0,0,,15451.450999999997,160.8623889906899,0.010432893738650353,,15388.85,False,False,False,False,False
2023-02-23,15463.46,15657.63,15463.46,15615.41,0,0,,15485.871000000003,166.43364691992628,0.010658295038037828,,15345.93,False,False,False,False,False
2023-02-24,15669.88,15717.96,15503.79,15503.79,0,0,,15514.413999999999,169.84338642564572,0.010954959169702743,,15345.93,False,False,False,False,False
2023-03-01,15435.38,15617.03,15387.38,15598.49,0,0,,15519.647500000001,174.11528739524258,0.011162316826516066,,15345.93,False,False,False,False,False
2023-03-02,15580.28,15618.06,15492.37,15598.72,0,0,,15536.323500000002,170.65633829558232,0.010940406539484158,,15345.93,False,False,False,False,False
2023-03-03,15621.36,15713.42,15606.85,15608.42,0,0,,15545.738000000001,166.65945698875504,0.010677535393637218,,15345.93,False,False,False,False,False
2023-03-06,15675.28,15818.88,15675.28,15763.51,0,0,,15554.155499999999,169.7880672038439,0.010770955656693459,,15345.93,False,False,False,False,False
2023-03-07,15763.87,15879.16,15749.04,15857.89,0,0,,15566.917000000001,166.95463383214067,0.010528174544793833,,15345.93,False,False,False,False,False
2023-03-08,15819.18,15821.49,15740.98,15818.2,0,0,,15588.185999999998,163.3800171298449,0.010328609900610998,,15345.93,False,False,False,False,False
2023-03-09,15827.98,15878.75,15770.66,15770.66,0,0,,15606.6735,159.43073019199886,0.0101093251767522,,15345.93,False,False,False,False,False
2023-03-10,15729.29,15729.29,15488.71,15526.2,0,0,,15602.075,168.18210660685614,0.010832148665279085,,15345.93,False,False,False,False,False
2023-03-13,15514.03,15571.17,15349.67,15560.49,0,0,,15600.164,171.99052756350926,0.01105302773649861,,15387.38,False,False,False,False,False
2023-03-14,15517.74,15517.74,15348.12,15360.42,0,0,,15588.852499999999,174.87477559468712,0.011384765233938077,,15349.67,True,False,False,False,False
2023-03-15,15425.99,15526.73,15387.59,15387.59,0,0,,15581.018000000002,174.2630059093523,0.011324905713588178,,15348.12,True,False,False,False,False
2023-03-16,15334.25,15334.25,15186.74,15221.12,0,0,,15559.35,176.16207691582716,0.011573529209140138,,15348.12,True,False,False,False,False
2023-03-17,15337.97,15452.96,15337.97,15452.96,0,0,,15560.353500000001,180.1390714218394,0.01165725345965041,,15186.74,True,False,False,False,False
2023-03-20,15454.75,15488.98,15399.07,15419.97,0,0,,15553.827000000001,173.69413774885086,0.011264233182610009,,15186.74,True,False,False,False,False
2023-03-21,15437.95,15547.97,15437.95,15513.45,0,0,,15555.514500000001,170.43027076679007,0.010985968354349939,,15186.74,True,False,False,False,False
2023-03-22,15535.17,15760.46,15535.17,15760.46,0,0,,15565.975999999999,175.90025142630495,0.011160857705060954,,15186.74,False,False,False,False,False
2023-03-23,15711.6,15882.75,15680.84,15863.95,0,0,,15581.0235,177.7580906101403,0.01120515953530743,,15186.74,False,False,False,False,False
2023-03-24,15869.84,15921.97,15845.99,15914.7,0,0,,15605.820000000002,170.48822699513025,0.010712625873885794,,15186.74,False,False,False,False,False
2023-03-27,15873.67,15902.06,15821.63,15830.31,0,0,,15616.564999999999,164.95835363833535,0.010420412085318314,,15186.74,False,False,False,False,False
2023-03-28,15790.7,15846.54,15685.59,15701.48,0,0,,15626.449499999999,164.6720426641686,0.010487676490634552,,15186.74,False,False,False,False,False
2023-03-29,15766.29,15811.2,15681.1,15769.76,0,0,,15635.013,162.20261104529942,0.01028567403976341,,15186.74,False,False,False,False,False
2023-03-30,15824.65,15885.21,15791.75,15849.43,0,0,,15647.548499999999,158.86313882777796,0.010023271425393719,,15186.74,False,False,False,False,False
2023-03-31,15874.19,15951.8,15857.19,15868.06,0,0,,15660.530499999999,154.82791462579374,0.009757205015975094,,15337.97,False,False,False,False,False
2023-04-06,15838.07,15838.07,15733.29,15810.77,0,0,,15662.8935,153.39520643823695,0.00970194408230826,,15399.07,False,False,False,False,False
2023-04-07,15856.19,15877.99,15811.19,15836.5,0,0,,15661.823999999999,147.2398345497914,0.009297498471871397,,15437.95,False,False,False,False,False
2023-04-10,15850.94,15919.76,15850.94,15876.17,0,0,,15664.7225,142.66984636766344,0.008986414630711528,,15535.17,False,False,False,False,False
2023-04-11,15886.46,15945.63,15838.1,15913.88,0,0,,15671.8835,140.15985734140168,0.008807396897639147,,15680.84,False,False,False,False,False
2023-04-12,15914.15,15944.32,15867.02,15932.97,0,0,,15692.222,135.6698675313015,0.008515039413951165,,15681.1,False,False,False,False,False
2023-04-13,15888.63,15913.2,15800.42,15804.76,1607,1270,79.0292470441817,15704.435499999998,135.4470198504942,0.008570014340647641,,15681.1,False,False,False,False,False
2023-04-14,15854.25,15973.82,15854.25,15929.43,1652,1343,81.2953995157385,15732.886000000002,137.8479470040303,0.008653664757874593,,15681.1,False,False,False,False,False
2023-04-17,15934.64,15963.55,15894.77,15963.55,1678,1376,82.00238379022646,15761.684,132.91452221802803,0.008326125593494431,,15681.1,False,False,False,False,False
2023-04-18,15967.89,15967.89,15851.71,15869.44,1688,1356,80.33175355450237,15794.1,131.7191992024546,0.008300179414173065,,15733.29,False,False,False,False,False
2023-04-19,15874.65,15915.39,15756.75,15770.47,1695,1336,78.82005899705014,15809.9755,133.64211354513637,0.008474199788917919,,15733.29,False,False,False,False,False
2023-04-20,15771.45,15804.38,15686.54,15707.52,1696,1206,71.10849056603774,15824.353,132.51339114905508,0.008436302557568292,,15733.29,False,False,False,False,False
2023-04-21,15776.54,15802.93,15592.96,15602.99,1707,1049,61.45284124194493,15828.829999999998,138.0460060669798,0.008847407199964866,,15686.54,True,False,False,False,False
2023-04-24,15555.1,15643.86,15529.39,15626.87,1709,1086,63.545933294324165,15822.1505,136.3620056336242,0.00872612401802947,,15592.96,True,False,False,False,False
2023-04-25,15606.83,15639.49,15353.22,15370.73,1721,902,52.411388727484024,15797.4895,147.0697195169368,0.00956816751819444,,15529.39,True,False,False,False,False
2023-04-26,15352.03,15398.4,15284.46,15374.63,1715,944,55.04373177842565,15770.485999999999,144.7033109800128,0.009411823958040797,,15353.22,True,False,False,False,False
2023-04-27,15374.39,15455.88,15306.69,15411.49,1715,940,54.81049562682215,15749.545000000002,145.02378876715463,0.009410108222316896,,15284.46,True,False,False,False,False
2023-04-28,15477.34,15580.63,15477.34,15579.18,1731,1027,59.32986712882726,15743.430000000002,146.7463752837864,0.009419390191511131,,15284.46,True,False,False,False,False
2023-05-02,15588.68,15651.23,15532.63,15636.48,1729,1054,60.96009253903991,15736.766,144.7359199063731,0.009256298086677635,,15284.46,True,False,False,False,False
2023-05-03,15629.51,15629.51,15530.79,15553.41,1726,1026,59.443800695249124,15721.965,141.94692562734636,0.009126418298453289,,15284.46,True,False,False,False,False
2023-05-04,15548.02,15622.41,15523.5,15609.03,1738,1048,60.29919447640967,15709.013500000001,138.87285951110732,0.008896956409918317,0.010508619679838488,15284.46,True,False,False,False,False
2023-05-05,15627.93,15673.62,15578.67,15626.07,1735,1059,61.03746397694525,15699.7785,135.73551240317116,0.008686477943793363,0.010488370652758847,15284.46,True,False,False,False,False
2023-05-08,15648.54,15757.8,15648.54,15699.57,1740,1052,60.45977011494252,15692.932,135.4494043743732,0.008627586894059722,0.010460285114642452,15284.46,False,False,False,False,False
2023-05-09,15702.26,15744.27,15635.9,15727.7,1735,942,54.29394812680115,15685.5085,133.51516120477515,0.008489172682895474,0.010426652911984333,15284.46,False,False,False,False,False
2023-05-10,15708.48,15711.39,15579.49,15641.76,1740,951,54.65517241379311,15671.9025,134.5647925472913,0.0086029188881105,0.010374510992964655,15284.46,False,False,False,False,False
2023-05-11,15666.49,15675.37,15501.58,15514.64,1740,780,44.827586206896555,15650.985999999999,137.36659307962768,0.008853998099835232,0.01031376025339437,15284.46,False,False,False,False,False
2023-05-12,15477.12,15545.99,15424.42,15502.36,1740,815,46.839080459770116,15635.866,136.23826500251138,0.008788227405537698,0.010292292322970575,15306.69,True,False,False,False,False
2023-05-15,15489.18,15510.09,15434.52,15475.05,1741,775,44.514646754738656,15613.146999999997,131.90481750233198,0.008523708647295614,0.010197499608257804,15424.42,True,True,False,False,True
2023-05-16,15550.57,15723.95,15550.57,15673.9,1749,848,48.484848484848484,15598.664499999999,140.2616162521655,0.00894873747134826,0.010083857685894522,15424.42,False,True,False,False,False
2023-05-17,15702.74,15961.97,15698.63,15925.29,1745,937,53.69627507163324,15601.456999999999,150.81935794843938,0.00947043086489724,0.010040830810215281,15424.42,False,False,False,False,False
2023-05-18,16060.26,16128.72,16015.62,16101.88,1750,966,55.2,15618.0275,154.57726095212215,0.009599951120746283,0.009890238220684407,15424.42,False,False,False,False,False
2023-05-19,16146.29,16189.81,16099.9,16174.92,1745,938,53.75358166189111,15641.397500000001,149.9581708841134,0.009271030143216374,0.009729574549141678,15424.42,False,False,False,False,False
2023-05-22,16168.74,16202.92,16131.55,16180.89,1741,1003,57.61056863871339,15670.2925,144.3447301066768,0.008920691637275626,0.009650947601527272,15424.42,False,False,False,False,False
2023-05-23,16186.15,16239.5,16121.45,16188.03,1745,1042,59.7134670487106,15698.3505,142.46653509905698,0.008800733325738646,0.009584059319470362,15424.42,False,False,False,False,False
2023-05-24,16186.62,16186.62,16070.16,16159.32,1747,1072,61.36233543216944,15737.780000000002,140.7096397348387,0.008707646097412435,0.00951929919154584,15424.42,False,False,False,False,False
2023-05-25,16163.95,16323.77,16163.95,16292.0,1748,1029,58.86727688787185,15783.648500000001,142.40537975377885,0.00874081633647059,0.009444910528204186,15424.42,False,False,False,False,False
2023-05-26,16509.14,16537.79,16457.74,16505.05,1754,986,56.21436716077537,15838.3265,149.78999548565184,0.009075403920960666,0.009415607074775964,15424.42,False,False,False,False,False
2023-05-29,16610.86,16683.76,16597.38,16636.3,1748,1064,60.86956521739131,15891.182499999999,151.8557100938195,0.009127973773845117,0.009410966090178847,15434.52,False,False,False,False,False
2023-05-30,16648.77,16681.19,16579.13,16622.74,1751,1044,59.62307252998287,15940.495499999999,148.2988736585465,0.00892144578201587,0.009353803347094146,15550.57,False,False,False,False,False
2023-05-31,16593.53,16636.65,16491.9,16578.96,1743,1076,61.73264486517499,15991.773000000001,148.04538268293604,0.008929714691569076,0.009284264307543887,15698.63,False,False,False,False,False
2023-06-01,16511.0,16555.5,16477.43,16512.65,1750,1104,63.08571428571429,16036.954000000002,144.72285534844053,0.008764362797518297,0.009263664114947005,16015.62,False,False,False,False,False
2023-06-02,16525.0,16752.2,16525.0,16706.91,1754,1153,65.73546180159636,16090.996,151.4962228235519,0.009067878071022823,0.009192135930261375,16070.16,False,False,False,False,False
2023-06-05,16714.48,16781.19,16703.6,16714.43,1758,1235,70.25028441410694,16141.738999999998,146.21720690758391,0.00874796250351247,0.009127196036149202,16070.16,False,False,False,False,False
2023-06-06,16712.98,16793.81,16699.83,16761.66,1753,1197,68.28294352538505,16193.437000000002,142.48597784275645,0.008500708035048822,0.009100911109706978,16070.16,False,False,False,False,False
2023-06-07,16771.76,16922.48,16771.76,16922.48,1756,1273,72.49430523917995,16257.473000000002,143.79555085398812,0.008497309546472391,0.009071640995991745,16070.16,False,False,False,False,False
2023-06-08,16864.18,16899.51,16694.21,16733.69,1756,1207,68.73576309794989,16318.425500000001,149.8294400787033,0.008953759755242466,0.009027146350867175,16163.95,False,False,False,False,False
2023-06-09,16775.92,16895.99,16775.92,16886.4,1764,1258,71.31519274376417,16387.627500000002,150.7201943587961,0.00892553737675266,0.008970087192976997,16457.74,False,False,False,False,False
2023-06-12,16899.49,16999.72,16899.49,16955.37,1763,1178,66.81792399319342,16461.6435,148.04875190459637,0.00873167332264624,0.008951248613295364,16477.43,False,False,False,False,False
2023-06-13,17135.84,17254.96,17129.23,17216.6,1760,1211,68.80681818181819,16538.7785,158.87312676855376,0.009227903695767677,0.008939226081458668,16477.43,False,False,False,False,False
2023-06-14,17190.7,17259.23,17182.18,17238.14,1756,1231,70.10250569476082,16604.421000000002,153.028617713657,0.008877327699720331,0.008939226081458668,16477.43,False,False,False,False,False
2023-06-15,17259.37,17346.32,17259.37,17334.98,1760,1231,69.94318181818183,16666.076,149.82514501982436,0.008642937287486017,0.008927626034160868,16477.43,False,False,False,False,False
2023-06-16,17342.86,17342.86,17250.79,17288.91,1765,1208,68.44192634560906,16721.775499999996,145.69977751840833,0.008427354733086605,0.008923491579384265,16525.0,False,False,False,False,False
2023-06-19,17274.07,17306.81,17210.87,17274.56,1760,1196,67.95454545454545,16776.459000000003,142.14550769566503,0.008228603663170872,0.00892106870964575,16694.21,False,False,False,False,False
2023-06-20,17233.8,17247.16,17121.59,17184.91,1756,1167,66.45785876993166,16826.303,142.91868571740332,0.008316522211486899,0.00890882402359697,16694.21,False,False,False,False,False
2023-06-21,17186.72,17246.77,17131.45,17202.4,1766,1216,68.85617214043035,16878.457000000002,140.94735102330307,0.008193470156681804,0.008887142054819323,16694.21,False,False,False,False,False
2023-06-26,17182.48,17182.48,17011.28,17059.24,1766,1162,65.79841449603624,16916.819,144.53111166449588,0.00847230660126101,0.008865662899777782,16694.21,False,False,False,False,False
2023-06-27,17022.15,17035.49,16887.9,16887.9,1763,1098,62.28020419739081,16935.961499999998,146.44603225988905,0.008671654395152094,0.008850702649900049,16775.92,False,False,False,False,False
2023-06-28,16906.23,17011.12,16903.71,16935.63,1763,1122,63.64152013613159,16950.928,144.78702995561108,0.008549255619992351,0.008827402048802006,16887.9,False,False,False,False,False
2023-06-29,16930.41,17077.44,16911.38,16942.3,1763,1163,65.96710153148044,16966.906,146.3065278159244,0.008635576504720398,0.008804065111688898,16887.9,True,False,False,False,False
2023-06-30,16870.27,16919.95,16792.34,16915.54,1765,1170,66.28895184135978,16983.735,146.56749011478686,0.008664665160839491,0.008794480365638173,16887.9,True,False,False,False,False
2023-07-03,16946.71,17103.73,16946.71,17084.2,1765,1219,69.06515580736544,17012.3125,149.54052653515913,0.008753147735051049,0.008776295101527998,16792.34,False,False,False,False,False
2023-07-04,17055.19,17154.1,17042.6,17140.77,1761,1201,68.19988642816581,17034.0055,146.82334606836204,0.008565738065930646,0.008758755266284673,16792.34,False,False,False,False,False
2023-07-05,17130.26,17153.17,17020.01,17056.43,1761,1203,68.31345826235093,17051.105499999998,145.84739277776472,0.008550874525194587,0.008750555119281758,16792.34,False,False,False,False,False
2023-07-06,17017.09,17017.09,16749.29,16762.17,1760,1138,64.6590909090909,17051.131,157.3682932936386,0.009388300756622718,0.00874438941999153,16792.34,False,False,False,False,False
2023-07-07,16736.94,16762.39,16593.84,16664.21,1759,1051,59.749857873791925,17038.2175,158.1669866298072,0.009491418232835953,0.00874438941999153,16749.29,False,False,False,False,False
2023-07-10,16667.43,16798.81,16635.83,16652.8,1761,1023,58.09199318568995,17034.173000000003,158.51077329910666,0.009518565844729215,0.00874438941999153,16593.84,True,False,False,False,False
2023-07-11,16675.69,16898.91,16675.69,16898.91,1766,1057,59.852774631936576,17034.7985,164.76786092059908,0.009750206428734106,0.008750555119281758,16593.84,True,False,False,False,False
2023-07-12,16903.25,16962.03,16864.01,16962.03,1760,987,56.07954545454545,17035.1315,160.00015656912774,0.009432842446872676,0.008758755266284673,16593.84,True,False,False,False,False
2023-07-13,16994.59,17223.86,16994.59,17061.4,1761,967,54.911981828506526,17027.3715,167.27371681419018,0.009804219865555592,0.008776295101527998,16593.84,False,False,False,False,False
2023-07-14,17152.81,17287.4,17128.07,17283.71,1763,1026,58.19625638116847,17029.65,171.46845132746233,0.009920812795832743,0.008794480365638173,16593.84,False,False,False,False,False
2023-07-17,17279.11,17346.66,17235.92,17334.29,1769,1063,60.0904465799887,17029.6155,167.13070480407228,0.009641623902915682,0.008824070262851756,16593.84,False,False,False,False,False
2023-07-18,17368.36,17401.59,17164.92,17227.91,1764,966,54.761904761904766,17026.565500000004,172.09779731806725,0.009989476223062881,0.008850702649900049,16593.84,False,False,False,False,False
2023-07-19,17265.38,17340.82,17082.54,17116.44,1767,915,51.782682512733444,17018.659499999998,178.2536689382052,0.010414178937805128,0.008865662899777782,16593.84,False,False,False,False,False
2023-07-20,17104.91,17214.41,17098.65,17164.89,1760,985,55.96590909090909,17017.658499999998,173.78983544261902,0.010124727594678383,0.008887142054819323,16593.84,False,False,False,False,False
2023-07-21,17106.29,17106.29,16859.13,17030.7,1766,952,53.907134767836915,17009.0735,183.21627576814612,0.01075800030346058,0.00890882402359697,16593.84,False,False,False,False,False
2023-07-24,17036.79,17098.73,16941.15,17033.61,1766,844,47.7916194790487,17007.791999999998,181.3851132132784,0.010648659515703271,0.00890882402359697,16635.83,False,False,False,False,False
2023-07-25,17061.88,17270.2,17061.88,17198.89,1762,875,49.659477866061295,17023.341500000002,185.32831941232993,0.010775597693358696,0.00890882402359697,16675.69,False,False,False,False,False
2023-07-26,17205.47,17247.02,17121.99,17162.55,1762,860,48.80817253121453,17034.6875,181.02129659716343,0.010547459241031398,0.00890882402359697,16859.13,False,True,False,False,False
2023-07-27,17189.3,17282.86,17189.3,17241.82,1766,967,54.75651189127972,17049.6635,176.68477541165183,0.010247455048924756,0.00890882402359697,16859.13,False,False,False,False,False
2023-07-28,17244.51,17328.21,17179.94,17292.93,1756,949,54.043280182232344,17068.533,174.65514859653385,0.01009980082013481,0.00890882402359697,16859.13,False,False,False,False,False
2023-07-31,17341.04,17463.76,17081.48,17145.43,1769,915,51.724137931034484,17071.5945,189.48549512535277,0.011051661878725279,0.00890882402359697,16859.13,False,False,False,False,False
2023-08-01,17141.97,17252.32,17095.86,17212.87,1761,941,53.43554798409994,17075.1995,187.1265311878275,0.010871314963037977,0.00892106870964575,16859.13,False,False,False,False,False
2023-08-02,17207.22,17212.55,16844.57,16893.73,1765,822,46.57223796033995,17067.0645,200.06749324583978,0.011842706924157056,0.008923491579384265,16859.13,False,False,False,False,False
2023-08-04,16847.24,16887.38,16748.51,16843.68,1753,848,48.374215630347976,17071.14,196.1498151568513,0.011645306438786019,0.008927626034160868,16844.57,False,False,False,False,False
2023-08-07,16870.81,17032.32,16868.74,16996.0,1766,866,49.037372593431485,17087.7295,195.61339978850472,0.011509378664892017,0.008939226081458668,16748.51,True,True,False,False,True
2023-08-08,17006.46,17043.56,16812.59,16877.07,1759,799,45.42353610005685,17098.943,198.13887123218302,0.011740122617977114,0.008951248613295364,16748.51,True,True,False,False,True
2023-08-09,16836.64,16956.73,16798.5,16870.94,1763,768,43.56211003970505,17097.5445,195.28823757274134,0.011575421261218483,0.009010818913132644,16748.51,True,True,False,False,True
2023-08-10,16827.11,16827.11,16601.17,16634.7,1760,639,36.30681818181819,17081.177999999996,200.6083634604027,0.012059632182149524,0.009071640995991745,16748.51,True,True,False,False,True
2023-08-11,16644.65,16766.84,16601.25,16601.25,1763,619,35.11060692002269,17058.1705,198.10705178465966,0.01193326115712128,0.009101688847402891,16601.17,True,True,False,False,True
2023-08-14,16585.41,16585.41,16307.28,16393.66,1763,488,27.680090754395913,17013.667999999998,204.9544052286125,0.012502052941723355,0.009177938734806396,16601.17,True,True,False,False,True
2023-08-15,16438.63,16546.01,16437.63,16454.8,1758,525,29.86348122866894,16969.6935,201.19694771228293,0.012227249660420238,0.009177938734806396,16307.28,True,True,False,False,True
2023-08-16,16422.2,16446.78,16304.44,16446.78,1759,497,28.254690164866403,16930.637,197.56573716140548,0.012012426575986637,0.009177938734806396,16307.28,True,True,False,False,True
2023-08-17,16411.63,16550.11,16264.65,16516.66,1755,549,31.28205128205128,16900.648,203.8438987927337,0.01234171429288571,0.009177938734806396,16304.44,True,True,False,False,True
2023-08-18,16508.46,16583.95,16344.29,16381.31,1755,514,29.287749287749286,16861.469,206.40219173610987,0.012599858725346745,0.009308102226195197,16264.65,True,True,False,False,True
2023-08-21,16414.14,16485.25,16347.77,16381.49,1755,512,29.17378917378917,16829.0085,201.47917804067342,0.012299197328245075,0.009410571601747696,16264.65,True,True,False,False,True
2023-08-22,16429.69,16535.07,16407.83,16437.61,1756,491,27.961275626423692,16799.2085,198.0578081806253,0.012049063591399558,0.009462130339854314,16264.65,True,True,False,False,True
2023-08-23,16440.39,16588.51,16440.39,16576.9,1750,513,29.314285714285717,16768.109,194.68939331058047,0.011744620122615233,0.009504992038782585,16264.65,True,True,False,False,True
2023-08-24,16651.03,16822.36,16651.03,16770.87,1758,520,29.579067121729235,16748.525,198.31586521696752,0.011825019525937983,0.00958009487382245,16264.65,False,True,False,False,False
2023-08-25,16708.53,16708.53,16481.58,16481.58,1753,523,29.834569309754706,16710.513,204.81401770146962,0.012426843646147372,0.009695915165824895,16264.65,False,True,False,False,False
2023-08-28,16498.86,16582.96,16498.86,16509.26,1747,500,28.620492272467086,16671.3295,197.42587357993588,0.011958493208050263,0.009777213147144848,16264.65,False,True,False,False,False
2023-08-29,16528.49,16627.7,16495.76,16623.65,1746,532,30.469644902634595,16645.2405,192.7483111813692,0.011594824913985146,0.009862516330694168,16264.65,True,True,False,False,True
2023-08-30,16666.33,16780.42,16666.33,16719.82,1749,598,34.19096626643797,16620.588,190.17843181127117,0.011374430574687478,0.009955144509447813,16264.65,False,True,False,False,False
2023-08-31,16707.35,16712.22,16630.67,16634.51,1761,641,36.39977285633163,16607.627,182.96211525332333,0.010998948286022452,0.010044638521598846,16264.65,False,True,False,False,False
2023-09-01,16640.92,16730.13,16619.23,16644.94,1755,685,39.03133903133903,16597.69,177.81482130665748,0.010682815396550393,0.010112264207406596,16344.29,False,True,False,False,False
2023-09-04,16649.67,16789.69,16648.51,16789.69,1747,725,41.49971379507728,16587.374499999998,175.45304835618194,0.010450046924998731,0.01018609132180157,16347.77,False,True,False,False,False
2023-09-05,16784.12,16791.61,16727.44,16791.61,1760,768,43.63636363636363,16583.101499999997,167.50425918788338,0.009975473417253222,0.010330816993364942,16407.83,False,True,False,False,False
2023-09-06,16796.37,16841.19,16732.69,16738.16,1760,752,42.72727272727273,16576.4625,163.2896692458917,0.009755532821163837,0.010330816993364942,16440.39,False,True,False,False,False
2023-09-07,16715.45,16715.45,16609.94,16619.14,1755,732,41.70940170940171,16575.6845,160.78469287118523,0.009674669860846303,0.010330816993364942,16481.58,False,True,False,False,False
2023-09-08,16609.93,16609.93,16505.64,16576.02,1754,733,41.79019384264539,16574.423,157.4072148089577,0.00949608016936259,0.010330816993364942,16481.58,False,True,False,False,False
2023-09-11,16579.83,16600.03,16398.3,16432.95,1762,645,36.6061293984109,16576.3875,160.57312803688924,0.009771412195429867,0.010330816993364942,16495.76,False,True,False,False,False
2023-09-12,16433.82,16579.86,16422.91,16572.71,1751,677,38.66362078812107,16582.283000000003,160.31433317711148,0.009673392775056794,0.010330816993364942,16398.3,False,True,False,False,False
2023-09-13,16578.13,16653.3,16542.72,16581.51,1754,713,40.64994298745724,16589.0195,156.76188080731768,0.009454017203940877,0.010330816993364942,16398.3,True,True,False,False,True
2023-09-14,16581.62,16807.56,16581.62,16807.56,1755,831,47.350427350427346,16603.5645,161.71103217822377,0.009621327080089184,0.010330816993364942,16398.3,False,True,False,False,False
2023-09-15,16809.74,16920.92,16787.74,16920.92,1749,811,46.36935391652373,16630.545000000002,159.6731013083504,0.009436431429753844,0.010330816993364942,16398.3,False,True,False,False,False
2023-09-18,16893.97,16893.97,16698.24,16698.24,1750,821,46.91428571428571,16646.3825,164.1735940720394,0.009831790300776572,0.010330816993364942,16398.3,False,True,False,False,False
2023-09-19,16706.48,16762.52,16636.32,16636.32,1755,790,45.01424501424501,16656.318000000003,161.4611944954652,0.009705343158551002,0.010330816993364942,16398.3,False,True,False,False,False
2023-09-20,16626.61,16665.27,16522.38,16534.75,1756,746,42.48291571753987,16654.2105,160.13468060293192,0.009684735517799296,0.010330816993364942,16398.3,False,True,False,False,False
2023-09-21,16475.42,16475.42,16300.54,16316.67,1757,627,35.685828116107,16631.500500000002,165.42577484557958,0.010138451954080065,0.010330816993364942,16398.3,True,True,False,False,True
2023-09-22,16267.32,16360.96,16202.43,16344.48,1752,663,37.84246575342466,16624.6455,164.93321949946667,0.010091065576847148,0.010330816993364942,16300.54,True,True,False,False,True
2023-09-25,16345.78,16498.38,16345.78,16452.23,1752,726,41.43835616438356,16621.794,164.14513239236203,0.009977074985723032,0.010330816993364942,16202.43,True,True,False,False,True
2023-09-26,16440.26,16440.26,16276.07,16276.07,1756,643,36.617312072892936,16604.415,165.00333722147903,0.010137787391027381,0.010330816993364942,16202.43,True,True,False,False,True
2023-09-27,16273.84,16324.22,16212.86,16310.36,1748,634,36.2700228832952,16583.942000000003,161.17167027708757,0.009881551987637769,0.010330816993364942,16202.43,True,True,False,False,True
2023-09-28,16330.71,16411.28,16311.41,16353.74,1745,679,38.911174785100286,16569.9035,156.86797954300977,0.009592177663519767,0.010330816993364942,16202.43,True,True,False,False,True
2023-10-02,16382.96,16575.31,16382.96,16557.31,1747,743,42.53005151688609,16565.522,161.48955243279488,0.009753368900672564,0.010330816993364942,16202.43,True,True,False,False,True
2023-10-03,16520.24,16571.66,16453.8,16454.34,1742,709,40.70034443168771,16548.754500000003,158.37315583045242,0.009625008103056849,0.010330816993364942,16202.43,True,True,False,False,True
2023-10-04,16419.48,16419.48,16203.34,16273.38,1742,650,37.3134328358209,16522.843,164.9893589854201,0.01013860421039883,0.010330816993364942,16202.43,True,True,False,False,True
2023-10-05,16313.89,16477.61,16313.89,16453.52,1749,713,40.76615208690681,16508.610999999997,167.79226191503307,0.01019795532597481,0.010330816993364942,16202.43,True,True,False,False,True
2023-10-06,16482.93,16539.13,16482.93,16520.57,1752,749,42.75114155251142,16503.682500000003,161.9221003496736,0.00980124174587642,0.010330816993364942,16202.43,False,True,False,False,False
2023-10-11,16567.43,16729.5,16567.43,16672.03,1754,699,39.85176738882554,16508.483,165.27980746755406,0.009913598252135707,0.010330816993364942,16202.43,False,True,False,False,False
2023-10-12,16698.85,16825.91,16684.43,16825.91,1755,779,44.387464387464384,16528.131,164.46553550558596,0.009774540307512994,0.010330816993364942,16203.34,False,True,False,False,False
2023-10-13,16815.91,16815.91,16726.43,16782.57,1750,750,42.857142857142854,16538.624000000003,159.82371154090123,0.00952319647949636,0.010330816993364942,16203.34,False,True,False,False,False
2023-10-16,16712.93,16712.93,16614.1,16652.24,1746,701,40.148911798396334,16542.1605,160.44130357369409,0.00963481811298024,0.010330816993364942,16203.34,False,True,False,False,False
2023-10-17,16678.28,16770.64,16618.3,16642.55,1756,672,38.26879271070615,16533.91,159.86263903271598,0.009605657728696383,0.010330816993364942,16203.34,False,True,False,False,False
2023-10-18,16608.02,16612.25,16398.76,16440.91,1754,590,33.63740022805017,16509.9095,165.85745053037917,0.010088094304413757,0.010222705187449783,16203.34,False,True,False,False,False
2023-10-19,16416.54,16479.35,16382.4,16452.73,1749,595,34.01943967981704,16497.634,160.93548977820913,0.009781689104374115,0.010222705187449783,16203.34,False,True,False,False,False
2023-10-20,16434.43,16462.56,16271.82,16440.72,1751,542,30.953740719588808,16487.854,163.06438336548004,0.00991832373311388,0.010168279768186819,16203.34,True,True,False,False,True
2023-10-23,16391.41,16391.41,16245.84,16251.36,1748,537,30.720823798627002,16473.6845,165.33692741080296,0.010173728685525577,0.010138528082239447,16271.82,True,True,False,False,True
2023-10-24,16257.8,16318.77,16163.0,16309.76,1752,590,33.67579908675799,16473.339,164.65357545288848,0.010095401492902929,0.010138528082239447,16245.84,True,True,False,False,True
2023-10-25,16320.71,16459.34,16320.71,16358.89,1757,675,38.41775754126352,16474.0595,163.57689149196787,0.009999265933811395,0.010138119672553722,16163.0,True,True,False,False,True
2023-10-26,16305.16,16305.16,16073.74,16073.74,1749,570,32.59005145797599,16455.135,172.2606849568273,0.010716901290976917,0.010118794105581096,16163.0,True,True,False,False,True
2023-10-27,16112.75,16200.3,16112.75,16134.61,1744,618,35.435779816513765,16448.062,168.9963503170539,0.010474151548568815,0.010138119672553722,16073.74,True,True,False,False,True
2023-10-30,16142.06,16203.33,16101.24,16149.68,1745,664,38.05157593123209,16440.028,164.2173252944072,0.010168456916447088,0.010138119672553722,16073.74,True,True,False,False,True
2023-10-31,16176.58,16215.35,15975.91,16001.27,1750,552,31.542857142857144,16422.404499999997,169.59037348766387,0.010598557082510568,0.010138119672553722,16073.74,True,True,False,False,True
2023-11-01,16027.72,16099.03,15978.26,16038.56,1740,579,33.275862068965516,16396.467,166.10320395283074,0.010356491103492505,0.010138119672553722,15975.91,True,True,False,False,True
2023-11-02,16094.26,16396.95,16094.26,16396.95,1752,683,38.98401826484018,16393.597499999996,179.83797509905722,0.01096776992666668,0.010138119672553722,15975.91,False,True,False,False,False
2023-11-03,16412.54,16520.1,16412.54,16507.65,1750,746,42.628571428571426,16405.311,175.78883402055297,0.010648931496642644,0.010138119672553722,15975.91,False,True,False,False,False
2023-11-06,16572.56,16720.56,16572.56,16649.36,1757,885,50.369948776323284,16415.103,178.44034587622772,0.010717549856344492,0.010138119672553722,15975.91,False,False,False,False,False
2023-11-07,16650.14,16684.95,16608.1,16684.95,1750,898,51.31428571428571,16423.322,171.18389259935446,0.010259778578860257,0.010138119672553722,15975.91,False,False,False,False,False
2023-11-08,16691.32,16775.23,16665.4,16740.83,1755,924,52.649572649572654,16426.762000000002,166.80147169940045,0.009963751600093928,0.010138119672553722,15975.91,False,False,False,False,False
2023-11-09,16741.16,16759.43,16680.91,16745.65,1757,866,49.28856004553216,16422.749,160.49565229230046,0.009584319049562152,0.010116594441965155,15975.91,False,False,False,False,False
2023-11-10,16725.94,16725.94,16651.23,16682.67,1754,817,46.57924743443558,16417.754,155.77596284285056,0.009337591814910357,0.010093233534875038,15975.91,False,False,False,False,False
2023-11-13,16711.53,16961.02,16711.53,16839.29,1760,794,45.11363636363636,16427.1065,164.53125121121852,0.009770676270271401,0.010089579940630453,15975.91,False,True,False,False,False
2023-11-14,16884.52,16946.38,16884.52,16915.71,1756,833,47.4373576309795,16440.7645,160.4283046961315,0.009483982918608294,0.010043680119112577,15975.91,False,True,False,False,False
2023-11-15,17039.62,17143.88,17034.95,17128.78,1761,960,54.5144804088586,16475.158,165.26699721783652,0.009648497862535249,0.009988170459767213,15978.26,False,False,False,False,False
2023-11-16,17136.52,17194.32,17089.4,17171.18,1760,1001,56.875,16511.0805,160.95649741656234,0.009373642196783352,0.009976274201488127,16094.26,False,False,False,False,False
2023-11-17,17155.86,17253.47,17147.56,17208.95,1763,1063,60.29495178672717,16549.492000000002,157.02460474395073,0.009124589515568975,0.009969612508673575,16412.54,False,False,False,False,False
2023-11-20,17197.82,17219.76,17151.82,17210.47,1762,1129,64.07491486946651,16597.447500000002,150.66141869081133,0.00875405603047513,0.009941037666603904,16572.56,False,False,False,False,False
2023-11-21,17239.94,17421.17,17239.94,17416.7,1762,1196,67.87741203178207,16652.794499999996,154.94988878432463,0.008896627305076428,0.009915960992624793,16608.1,False,False,False,False,False
2023-11-22,17325.6,17344.53,17264.95,17310.26,1762,1218,69.12599318955732,16700.363,154.72132529973,0.008938128329657095,0.009897575119886738,16651.23,False,False,False,False,False
2023-11-23,17291.33,17343.61,17228.45,17294.55,1757,1244,70.80250426863974,16761.4035,151.89551634974927,0.008782854503282785,0.009856671144207171,16651.23,False,False,False,False,False
2023-11-24,17304.65,17336.13,17268.38,17287.42,1756,1228,69.93166287015946,16819.044,145.8851223247672,0.008438802454314595,0.009816516023326496,16651.23,False,False,False,False,False
2023-11-27,17291.23,17351.93,17133.76,17137.42,1755,1191,67.86324786324786,16868.431,151.04832787299824,0.008813947949749627,0.009791465425125268,16711.53,False,False,False,False,False
2023-11-28,17150.3,17360.38,17145.2,17341.25,1766,1301,73.66930917327294,16935.43,156.18487588206997,0.009006552346691846,0.009778114705943555,16884.52,False,False,False,False,False
2023-11-29,17352.11,17441.79,17323.27,17370.56,1761,1300,73.82169222032935,17002.03,153.4945276047793,0.008836475485233596,0.00977297625147143,17034.95,False,False,False,False,False
2023-11-30,17389.2,17433.85,17313.3,17433.85,1767,1351,76.45727221279004,17053.875,151.14134706158075,0.008669418806607878,0.009771044232850634,17089.4,False,False,False,False,False
2023-12-01,17422.35,17450.13,17355.89,17438.35,1767,1393,78.83418222976798,17100.41,147.0769651286108,0.008434110172614428,0.009763104545717619,17133.76,False,False,False,False,False
2023-12-04,17450.64,17516.61,17398.1,17421.48,1767,1425,80.64516129032258,17139.016,145.03646761942446,0.008325151917025675,0.009754450860918201,17133.76,False,False,False,False,False
2023-12-05,17401.59,17401.59,17252.57,17328.01,1759,1362,77.43035815804434,17171.169,146.7417199323227,0.008468469254826302,0.009729356029611783,17133.76,False,False,False,False,False
2023-12-06,17340.82,17439.85,17337.47,17360.72,1765,1379,78.13031161473087,17202.1635,144.2487399371568,0.008308914603608423,0.009729356029611783,17133.76,False,False,False,False,False
2023-12-07,17356.92,17387.94,17273.71,17278.74,1763,1366,77.48156551332956,17228.818000000003,142.10454422735987,0.008224242290083644,0.009729356029611783,17133.76,False,False,False,False,False
2023-12-08,17309.36,17465.35,17309.36,17383.99,1761,1385,78.64849517319705,17263.884,145.2835053539768,0.008357316436213826,0.00969503933817515,17133.76,False,False,False,False,False
2023-12-11,17416.96,17451.82,17372.82,17418.34,1759,1356,77.0892552586697,17292.836499999998,140.5489692572642,0.008069022034089596,0.00969503933817515,17133.76,False,False,False,False,False
2023-12-12,17429.61,17528.72,17404.88,17450.63,1767,1330,75.26881720430107,17319.582499999997,139.35547145317392,0.00798569859387162,0.00969503933817515,17145.2,False,False,False,False,False
2023-12-13,17447.51,17507.92,17438.69,17468.93,1761,1321,75.01419647927314,17336.59,134.34650920651862,0.007690597489744284,0.00969503933817515,17252.57,False,False,False,False,False
2023-12-14,17482.38,17668.35,17482.38,17653.11,1768,1365,77.20588235294117,17360.686500000003,138.99461569176717,0.007873661677277667,0.00969503933817515,17252.57,False,False,False,False,False
2023-12-15,17693.33,17743.54,17642.79,17673.87,1766,1394,78.93544733861835,17383.932500000003,136.2628574280695,0.007709848348328324,0.009666616690167273,17252.57,False,False,False,False,False
2023-12-18,17637.86,17665.91,17586.88,17652.03,1764,1366,77.43764172335601,17406.010499999997,132.74336761177867,0.007520005779039503,0.009641657987757745,17252.57,False,False,False,False,False
2023-12-19,17669.84,17669.84,17497.32,17576.55,1761,1253,71.15275411697898,17414.003,135.58455563950878,0.007713945890377167,0.009629913108018544,17252.57,False,False,False,False,False
2023-12-20,17608.35,17657.65,17597.48,17635.2,1763,1319,74.81565513329552,17430.25,131.69280166525832,0.007467610328505393,0.009615332915876615,17273.71,False,False,False,False,False
2023-12-21,17531.45,17552.9,17442.76,17543.74,1764,1269,71.93877551020408,17442.7095,136.0318872605972,0.007753870455250543,0.009598917696108076,17273.71,False,False,False,False,False
2023-12-22,17586.16,17618.17,17567.55,17596.63,1762,1253,71.11237230419978,17458.17,131.63175245626857,0.007480509191604788,0.00958824835654096,17309.36,False,False,False,False,False
2023-12-25,17596.27,17663.35,17595.27,17604.84,1767,1219,68.98698358800226,17481.541,127.09234156653497,0.007219170498938643,0.009553757764529255,17372.82,False,False,False,False,False
2023-12-26,17619.09,17751.73,17619.09,17751.73,1764,1310,74.26303854875283,17502.065,128.50646002606814,0.007239095007983342,0.009503589699052326,17404.88,False,False,False,False,False
2023-12-27,17766.73,17897.16,17766.73,17891.5,1763,1339,75.95008508224616,17528.112,129.71528430992043,0.0072501067160338955,0.009428812557695822,17438.69,False,False,False,False,False
2023-12-28,17900.76,17928.14,17841.76,17910.37,1761,1333,75.69562748438388,17551.938000000002,126.61990685921191,0.007069642160335712,0.009355617005846854,17442.76,False,False,False,False,False
2023-12-29,17893.63,17945.7,17864.23,17930.81,1770,1353,76.4406779661017,17576.560999999998,123.39491351212543,0.0068817255613173875,0.009231090665239666,17442.76,False,False,False,False,False
2024-01-02,17939.79,17956.74,17784.97,17853.76,1763,1343,76.17697107203631,17598.175,126.85027683268792,0.007104961466530744,0.00906557093113041,17442.76,False,False,False,False,False
2024-01-03,17829.28,17829.28,17518.19,17559.31,1756,1246,70.95671981776765,17609.739999999998,141.75882848749592,0.008073143448546436,0.00897234033817447,17442.76,False,False,False,False,False
2024-01-04,17574.39,17609.89,17515.73,17549.65,1762,1197,67.93416572077186,17619.186500000003,138.3589121669605,0.007883855926868084,0.008917377817366762,17442.76,False,False,False,False,False
2024-01-05,17559.4,17606.79,17495.39,17519.14,1769,1226,69.3046919163369,17631.2065,136.43327558360627,0.007787669690613026,0.008866551395155013,17442.76,True,False,False,False,False
2024-01-08,17534.52,17688.11,17534.52,17572.66,1769,1202,67.9479932165065,17640.64,138.7573273276345,0.00789620508947618,0.00882521171749161,17495.39,True,False,False,False,False
2024-01-09,17585.4,17694.26,17517.55,17535.49,1768,1065,60.23755656108597,17646.4975,141.46823251851768,0.008067538033925351,0.008798401226516206,17495.39,True,False,False,False,False
2024-01-10,17495.67,17499.43,17439.27,17465.63,1765,976,55.297450424929174,17647.2475,138.2362159100522,0.007914756920308755,0.008768455266878958,17495.39,True,False,False,False,False
2024-01-11,17477.88,17574.92,17476.87,17545.32,1770,1030,58.19209039548022,17651.067000000003,136.168629059334,0.00776096583358605,0.008711737418541504,17439.27,True,False,False,False,False
2024-01-12,17536.05,17570.63,17469.87,17512.83,1767,977,55.291454442558006,17644.053,133.6394412693817,0.0076309449283400626,0.00856894403071709,17439.27,True,False,False,False,False
2024-01-15,17541.26,17632.77,17532.98,17546.82,1774,1032,58.173618940248026,17637.7005,132.66090975014006,0.00756039611451762,0.008453635854570448,17439.27,True,False,False,False,False
2024-01-16,17523.78,17523.78,17337.58,17346.87,1767,873,49.40577249575552,17622.4425,138.13084476798707,0.00796286850411556,0.008436456313464511,17439.27,True,False,False,False,False
2024-01-17,17341.58,17361.05,17151.58,17161.79,1778,707,39.76377952755906,17601.7045,143.22649871313067,0.00834566200338838,0.008395713304414127,17337.58,True,False,False,False,False
2024-01-18,17169.1,17300.29,17169.1,17227.79,1768,706,39.93212669683258,17581.334,142.88889166219275,0.008294092954592129,0.008351489219801103,17151.58,True,True,False,False,True
2024-01-19,17546.51,17682.97,17499.85,17681.52,1776,756,42.567567567567565,17588.223,165.19539940060758,0.009342827958264199,0.008335406960207029,17151.58,False,True,False,False,False
2024-01-22,17770.78,17869.07,17765.13,17815.1,1769,827,46.749576031656304,17599.146500000003,166.79215658627842,0.009362403611895439,0.008335406960207029,17151.58,False,True,False,False,False
2024-01-23,17840.28,17893.73,17801.89,17874.59,1770,861,48.644067796610166,17612.634,161.43843111582996,0.009031727783173207,0.008335406960207029,17151.58,False,True,False,False,False
2024-01-24,17883.62,17944.98,17856.34,17875.83,1771,895,50.53642010163749,17618.839,156.2385431789849,0.008740211961010196,0.008335406960207029,17151.58,False,False,False,False,False
2024-01-25,17894.83,18014.26,17894.83,18002.62,1773,866,48.84376762549351,17624.395,154.96650438048573,0.008607997301530874,0.008335406960207029,17151.58,False,False,False,False,False
2024-01-26,17985.44,18029.85,17943.65,17995.03,1771,850,47.99548277809148,17628.628,150.05461121045082,0.008338669688822459,0.008335406960207029,17151.58,False,False,False,False,False
2024-01-29,18001.24,18119.63,17995.11,18119.63,1775,909,51.2112676056338,17638.069,148.23642469541878,0.008180985190945884,0.008331910802924067,17151.58,False,False,False,False,False
2024-01-30,18083.45,18138.74,18034.63,18034.63,1773,837,47.20812182741117,17647.1125,145.0845372171746,0.008044774814741118,0.008317033260317049,17151.58,False,False,False,False,False
2024-01-31,17970.41,17996.33,17874.95,17889.56,1773,834,47.03891708967851,17663.625,146.12707027309074,0.008168287552801228,0.008301503779100276,17151.58,False,False,False,False,False
2024-02-01,17871.27,17968.11,17832.95,17968.11,1780,868,48.764044943820224,17684.548000000003,145.3437081107271,0.008088981429361635,0.008259167622337887,17169.1,False,True,False,False,False
2024-02-02,18016.35,18059.93,17985.89,18059.93,1784,853,47.813901345291484,17711.5875,141.52058610281802,0.007836164708435636,0.008202613740514765,17499.85,False,True,False,False,False
2024-02-05,18047.4,18115.8,17992.17,18096.07,1782,779,43.714927048260385,17737.758,140.24268709547394,0.007749897469200437,0.008174636371873555,17765.13,False,True,False,False,False
2024-02-15,18664.45,18725.47,18550.86,18644.57,1783,849,47.61637689287717,17793.212,175.18249516008305,0.00939589892178168,0.008128634491081432,17801.89,False,True,False,False,False
2024-02-16,18639.66,18715.69,18585.14,18607.25,1785,968,54.2296918767507,17850.292999999998,171.99445979150565,0.0092434110248159,0.008128634491081432,17832.95,False,False,False,False,False
2024-02-19,18561.04,18663.74,18561.04,18635.8,1789,1123,62.77249860257127,17904.817000000003,167.04485552068385,0.008963653587218358,0.008128634491081432,17832.95,False,False,False,False,False
2024-02-20,18610.21,18756.33,18610.21,18753.16,1780,1088,61.12359550561798,17966.8335,165.55022298349235,0.008827857437546117,0.008128634491081432,17832.95,False,False,False,False,False
2024-02-21,18673.49,18729.03,18645.27,18676.31,1783,1131,63.43241727425687,18023.307999999997,161.43163562752855,0.008643657961745576,0.008128634491081432,17832.95,False,False,False,False,False
2024-02-22,18826.85,18881.77,18758.15,18852.78,1784,1130,63.34080717488789,18098.6035,164.57651879699074,0.00872956236676982,0.008128634491081432,17832.95,False,False,False,False,False
2024-02-23,18950.07,19012.38,18889.19,18889.19,1786,1062,59.46248600223964,18184.9735,164.22105316863443,0.008693917164718786,0.008128634491081432,17832.95,False,False,False,False,False
2024-02-26,18899.39,18974.08,18854.71,18948.05,1786,1098,61.47816349384099,18270.986500000003,161.01740651373214,0.008497835213319161,0.008128634491081432,17832.95,False,False,False,False,False
2024-02-27,18964.49,19023.01,18752.53,18854.41,1781,1036,58.169567658618746,18329.631,168.83616319132267,0.00895473065406569,0.008128634491081432,17985.89,False,False,False,False,False
2024-02-29,18796.54,19019.69,18794.62,18966.77,1785,1108,62.07282913165266,18387.214500000002,172.8528658205139,0.00911345821246917,0.008128634491081432,17992.17,False,False,False,False,False
2024-03-01,19021.35,19041.92,18923.46,18935.93,1788,1110,62.08053691275168,18440.2815,168.96766111904859,0.008923124510866305,0.008128634491081432,18550.86,False,False,False,False,False
2024-03-04,18952.69,19333.39,18952.69,19305.31,1787,1135,63.514269725797426,18511.7555,185.2885424676879,0.009597801976124077,0.008128634491081432,18561.04,False,False,False,False,False
2024-03-05,19398.97,19453.85,19332.73,19386.92,1790,1135,63.40782122905028,18580.9705,182.66364657713856,0.00942200445337055,0.008128634491081432,18561.04,False,False,False,False,False
2024-03-06,19283.61,19532.3,19246.3,19499.45,1788,1158,64.76510067114094,18656.1915,190.0448146787715,0.009746162824016651,0.008128634491081432,18610.21,False,False,False,False,False
2024-03-07,19678.36,19794.57,19630.79,19693.52,1792,1077,60.10044642857143,18734.886000000002,197.55018505885917,0.010031227787559521,0.008128634491081432,18645.27,False,False,False,False,False
2024-03-08,19966.49,20065.5,19638.13,19785.32,1793,935,52.14723926380368,18822.4205,213.96588612608343,0.010814375816316514,0.008128634491081432,18752.53,False,False,False,False,False
2024-03-11,19671.9,19828.7,19649.67,19726.08,1794,989,55.12820512820513,18914.2465,211.4704656885062,0.01072034918688894,0.008128634491081432,18752.53,False,False,False,False,False
2024-03-12,19672.76,19917.06,19664.71,19914.55,1792,1081,60.32366071428571,19011.5685,214.39043242504164,0.010765517293890229,0.008128634491081432,18752.53,False,False,False,False,False
2024-03-13,20024.83,20112.81,19866.73,19928.51,1790,966,53.96648044692738,19104.997499999998,216.65397296611022,0.01087155903607998,0.008128634491081432,18752.53,False,False,False,False,False
2024-03-14,19920.63,19995.51,19775.5,19937.92,1791,960,53.60134003350083,19197.09,216.89368918281653,0.010878451171577404,0.008128634491081432,18794.62,False,False,False,False,False
2024-03-15,19845.45,19888.13,19682.5,19682.5,1795,909,50.64066852367688,19248.986500000003,219.64556852690095,0.011159434448210387,0.008128634491081432,18923.46,False,False,False,False,False
2024-03-18,19706.11,19879.86,19706.11,19879.85,1795,952,53.03621169916435,19312.6165,218.0537422035509,0.010968580859692148,0.008174636371873555,18952.69,False,False,False,False,False
2024-03-19,19798.12,19921.25,19762.16,19857.2,1800,966,53.666666666666664,19373.6865,213.84204633186872,0.010768992926085687,0.008237539072769006,19246.3,False,False,False,False,False
2024-03-20,19879.25,19994.42,19728.43,19784.45,1796,944,52.56124721603563,19425.251,217.56690016530652,0.010996863706866075,0.008316381321707294,19246.3,False,False,False,False,False
2024-03-21,19843.8,20199.3,19843.8,20199.09,1798,995,55.339265850945495,19501.39,231.6585501534988,0.011468761719141744,0.00834216584610542,19630.79,False,False,False,False,False
2024-03-22,20232.06,20296.1,20084.31,20228.43,1799,1018,56.5869927737632,19570.172499999997,230.23936799967723,0.011381969238328295,0.00842174860835377,19638.13,False,False,False,False,False
2024-03-25,20228.64,20285.38,20172.8,20192.25,1803,1053,58.402662229617306,19635.3255,221.83512742827182,0.01098615198545342,0.008552916257425018,19649.67,False,False,False,False,False
2024-03-26,20208.88,20397.07,19977.4,20126.49,1798,992,55.172413793103445,19694.2475,235.96618975482372,0.011724160037583488,0.008625827631638225,19664.71,False,False,False,False,False
2024-03-27,20158.07,20255.1,20108.96,20200.12,1796,1054,58.68596881959911,19761.533000000003,229.55003334376485,0.011363795529123831,0.00866878756323218,19682.5,False,False,False,False,False
2024-03-28,20213.34,20222.2,20065.93,20146.55,1800,1047,58.166666666666664,19820.522,224.31574524778168,0.011134201401618722,0.008711739765744304,19682.5,False,False,False,False,False
2024-03-29,20156.34,20335.92,20156.34,20294.45,1797,1030,57.31775180856984,19888.448,221.81962058722576,0.01093006317427798,0.00873488716389001,19682.5,False,False,False,False,False
2024-04-01,20319.73,20387.23,20217.58,20222.33,1802,1090,60.48834628190899,19934.299,218.09321911670946,0.010784772037480817,0.008784034699278156,19706.11,False,False,False,False,False
2024-04-02,20359.81,20466.57,20359.81,20466.57,1798,1094,60.84538375973304,19988.2815,219.96084632265865,0.010747323382601905,0.008875490974206212,19728.43,False,False,False,False,False
2024-04-03,20388.84,20403.73,20269.66,20337.6,1794,1068,59.53177257525084,20030.189000000002,218.3143572996116,0.010734519181201893,0.008938927582465998,19728.43,False,False,False,False,False
2024-04-08,20395.05,20487.83,20379.83,20417.7,1801,1108,61.521377012770685,20066.397999999997,213.45118892106817,0.010454222998725036,0.008959192120642024,19843.8,False,False,False,False,False
2024-04-09,20521.56,20820.81,20521.56,20796.2,1799,1156,64.25792106725959,20116.942,226.9982468552776,0.01091537140704925,0.008997690685195781,19977.4,False,False,False,False,False
2024-04-10,20789.42,20883.69,20763.53,20763.53,1794,1197,66.72240802675586,20168.8145,219.36694350847208,0.010565011994996616,0.009072592997821188,19977.4,False,False,False,False,False
2024-04-11,20713.25,20770.83,20651.88,20753.22,1795,1141,63.56545961002785,20210.748,212.19430468643841,0.010224644883369348,0.009178434618642536,19977.4,False,False,False,False,False
2024-04-12,20772.79,20825.04,20713.87,20736.57,1798,1126,62.62513904338154,20251.151,204.97828292312153,0.009884869239373798,0.009293119491540049,20065.93,False,False,False,False,False
2024-04-15,20586.53,20623.77,20449.77,20449.77,1793,1030,57.445621862799776,20276.7435,210.82269128575564,0.010309294006033106,0.009352615785079819,20065.93,False,False,False,False,False
2024-04-16,20365.11,20365.11,19844.54,19901.96,1796,792,44.097995545657014,20287.7165,238.99464190820163,0.01200859824400218,0.00937915126683856,20156.34,False,False,False,False,False
2024-04-17,19986.62,20264.99,19986.62,20213.33,1799,903,50.19455252918288,20304.3905,247.85431034333027,0.012261923707935815,0.009408951687576116,19844.54,False,False,False,False,False
2024-04-18,20126.57,20363.09,20057.81,20301.2,1798,943,52.44716351501668,20326.5905,251.9561453188066,0.01241089912511608,0.009509903214747314,19844.54,True,False,False,False,False
2024-04-19,19992.06,19992.06,19291.88,19527.12,1798,779,43.325917686318135,20313.724,306.0535635103203,0.01567325665588783,0.009671982400070365,19844.54,True,False,True,True,True
2024-04-22,19466.44,19695.49,19395.31,19411.22,1800,771,42.833333333333336,20274.330500000004,305.63402325958316,0.015745224836954255,0.009815516031695224,19291.88,True,False,False,True,True
2024-04-23,19564.38,19709.0,19509.74,19599.28,1796,815,45.37861915367483,20242.873,305.0730215981843,0.015565521876221185,0.009958048513466659,19291.88,True,True,False,True,True
2024-04-24,19770.46,20165.77,19770.46,20131.74,1794,901,50.222965440356745,20239.8475,323.74566291259987,0.016081355258541975,0.010127936335464435,19291.88,True,False,False,True,True
2024-04-25,20003.0,20003.0,19848.57,19857.42,1792,871,48.604910714285715,20226.394,320.8474012759857,0.016157557289717683,0.010266969444701228,19291.88,True,False,False,True,True
2024-04-26,20094.17,20226.29,20087.61,20120.51,1799,914,50.80600333518621,20222.4135,324.27758689912974,0.016116767760813704,0.01038175850237907,19291.88,True,False,False,True,True
2024-04-29,20235.93,20495.52,20235.93,20495.52,1800,1004,55.77777777777778,20239.862,327.9013306920492,0.015998683160615063,0.010509617496860826,19291.88,False,False,False,False,False
2024-04-30,20508.48,20559.97,20396.6,20396.6,1796,1004,55.90200445434298,20244.9695,316.14909278547447,0.015500087896290288,0.010642680590942779,19291.88,False,False,False,False,False
2024-05-02,20360.67,20360.67,20222.44,20222.44,1800,1011,56.166666666666664,20244.975,306.00701472936913,0.015132052053529106,0.010727434184045417,19291.88,False,False,False,False,False
2024-05-03,20381.98,20521.49,20272.34,20330.32,1796,1008,56.12472160356348,20238.1625,305.51008510584296,0.015027313151285516,0.010740921281901898,19291.88,False,False,False,False,False
2024-05-06,20479.8,20639.9,20479.8,20523.31,1802,1038,57.60266370699223,20247.447999999997,305.8007933125686,0.01490016928617112,0.010756420338246066,19291.88,False,False,False,False,False
2024-05-07,20634.62,20689.19,20493.8,20653.53,1798,1016,56.50723025583982,20259.239500000003,297.9143080759565,0.014424377240886015,0.010767255109987958,19395.31,False,False,False,False,False
2024-05-08,20604.18,20700.51,20547.48,20700.51,1802,1039,57.65815760266371,20254.455,287.56542892767385,0.013891707447192068,0.010776882481783252,19509.74,False,False,False,False,False
2024-05-09,20710.05,20754.61,20560.77,20560.77,1800,996,55.333333333333336,20244.317,280.87075543284,0.013660517355762453,0.010799573926898665,19770.46,False,False,False,False,False
2024-05-10,20582.12,20765.82,20574.01,20708.84,1807,1001,55.39568345323741,20242.098,275.4549871876371,0.013301323839849893,0.010842967426198247,19848.57,False,False,False,False,False
2024-05-13,20905.16,20933.28,20816.42,20857.71,1801,993,55.136035535813434,20248.155,271.8110595313772,0.013031682746158482,0.010875005103828692,20087.61,False,False,False,False,False
2024-05-14,20835.95,20994.53,20816.77,20985.85,1803,999,55.40765391014975,20274.959,265.0931267077073,0.012631993781891481,0.010896911289313327,20222.44,False,False,False,False,False
2024-05-15,20984.7,21308.32,20984.7,21147.21,1805,1010,55.95567867036011,20337.2215,269.2736176571567,0.0127332928389682,0.010922717290663615,20222.44,False,False,False,False,False
2024-05-16,21319.02,21515.52,21249.88,21304.26,1805,1048,58.060941828254855,20391.768,276.3476449673599,0.012971473544134362,0.010949322016985064,20222.44,False,False,False,False,False
2024-05-17,21346.75,21346.75,21218.34,21258.47,1805,1090,60.387811634349035,20439.6315,265.7806703268342,0.01250234237585462,0.010977366422572785,20272.34,False,False,False,False,False
2024-05-20,21278.38,21338.35,21102.18,21271.63,1800,1106,61.44444444444444,20526.857,263.66562244634594,0.012395177165376886,0.010991507846159747,20479.8,False,False,False,False,False
2024-05-21,21239.26,21307.08,21131.62,21236.75,1798,1112,61.846496106785324,20618.1335,257.36522084303573,0.01211886097651645,0.011065532554242398,20493.8,False,False,False,False,False
2024-05-22,21248.99,21567.48,21248.99,21551.83,1805,1160,64.26592797783933,20715.761,262.6055622113903,0.0121848382346831,0.011146817924914555,20547.48,False,False,False,False,False
2024-05-23,21668.84,21668.84,21475.99,21607.43,1805,1042,57.72853185595568,20789.5455,257.6230220534338,0.011922890508192495,0.01126161498866711,20560.77,False,False,False,False,False
2024-05-24,21442.67,21608.72,21381.25,21565.34,1800,1057,58.72222222222222,20874.941499999997,255.46923476390288,0.011846288292412866,0.011372882383726062,20574.01,False,False,False,False,False
2024-05-27,21699.98,21871.34,21699.98,21803.77,1805,1112,61.60664819944598,20959.1045,259.0785751379098,0.011882283437126231,0.01142536547873502,20816.42,False,False,False,False,False
2024-05-28,21812.2,21937.4,21812.2,21858.41,1804,1246,69.06873614190687,21027.249,250.11796262805916,0.011442642105627041,0.011596460878362615,20816.77,False,False,False,False,False
2024-05-29,21846.41,21906.1,21662.5,21662.5,1803,1248,69.21797004991681,21090.544,249.652393868912,0.011524634454421789,0.011596460878362615,20984.7,False,False,False,False,False
2024-05-30,21481.39,21558.36,21364.24,21364.48,1800,1179,65.5,21147.646,253.12436573541817,0.01184790670006563,0.011624397246002638,21102.18,False,False,False,False,False
2024-05-31,21400.83,21539.03,21174.22,21174.22,1804,1211,67.12860310421286,21189.841,261.101911040031,0.012331122990128136,0.011785224164998177,21102.18,False,False,False,False,False
2024-06-03,21388.71,21612.54,21372.08,21536.76,1805,1258,69.69529085872577,21240.5135,273.76034596574306,0.01271130597015257,0.011847097496239248,21102.18,False,False,False,False,False
2024-06-04,21513.85,21529.98,21308.97,21356.62,1803,1239,68.71880199667221,21275.667999999998,270.47674982533266,0.012664773256504665,0.01186509506859593,21131.62,False,False,False,False,False
2024-06-05,21385.0,21510.86,21264.63,21484.88,1805,1213,67.202216066482,21314.8865,268.74483912352315,0.0125085566744391,0.011902586972659362,21174.22,False,False,False,False,False
2024-06-06,21856.13,21970.63,21847.68,21902.7,1805,1141,63.21329639889197,21381.983,284.24520775755724,0.012977633248757333,0.011965744376097338,21174.22,False,False,False,False,False
2024-06-07,21823.62,21920.85,21823.62,21858.38,1802,1245,69.08990011098778,21439.46,270.8869786320174,0.012392820448359732,0.012063729610259314,21174.22,False,False,False,False,False
2024-06-11,21984.42,22003.71,21792.12,21792.12,1809,1154,63.79215035931453,21486.180500000002,266.6514801583019,0.012236142245834821,0.012151849605599774,21174.22,False,False,False,False,False
2024-06-12,21841.81,22094.94,21841.81,22048.96,1806,1126,62.347729789590254,21539.336,269.2349458612803,0.012210777554192141,0.01221049024025896,21174.22,False,False,False,False,False
2024-06-13,22217.64,22440.1,22211.08,22312.04,1810,1157,63.92265193370166,21597.577500000003,277.9424497283317,0.012457061287463258,0.012223459900013481,21174.22,False,False,False,False,False
2024-06-14,22311.93,22504.72,22252.02,22504.72,1809,1213,67.05362078496407,21657.6005,276.1394176048795,0.012270288970708344,0.01224903297688532,21174.22,False,False,False,False,False
2024-06-17,22468.11,22567.34,22431.26,22496.53,1808,1243,68.75,21719.5035,266.1351734902454,0.01183005439017686,0.01226610633932208,21174.22,False,False,False,False,False
2024-06-18,22690.34,22787.67,22642.94,22757.43,1809,1260,69.65174129353234,21793.7935,267.9212325266564,0.011772912518094373,0.01226610633932208,21264.63,False,False,False,False,False
2024-06-19,22858.45,23275.3,22858.45,23209.54,1808,1230,68.03097345132744,21892.432999999997,285.77471591760946,0.01231281257265803,0.01226610633932208,21264.63,False,False,False,False,False
2024-06-20,23196.69,23406.1,23180.7,23406.1,1808,1311,72.51106194690266,21985.146500000003,281.46223620920864,0.01202516592722447,0.012291550771683188,21264.63,False,False,False,False,False
2024-06-21,23193.9,23351.17,23151.15,23253.39,1810,1328,73.37016574585635,22067.444499999998,279.56850505140784,0.012022698843110954,0.012291550771683188,21792.12,False,False,False,False,False
2024-06-24,23124.31,23131.68,22813.7,22813.7,1811,1251,69.07785753727222,22129.8625,291.0057546905929,0.012755745656802398,0.012291550771683188,21792.12,False,False,False,False,False
2024-06-25,22695.15,22875.97,22503.0,22875.97,1807,1254,69.39679026009962,22183.4725,296.8603436412649,0.012976951081911057,0.012321967781393082,21792.12,False,False,False,False,False
2024-06-26,22938.57,23074.74,22893.75,22986.69,1815,1273,70.13774104683196,22239.8865,289.8538905240317,0.012609640210227386,0.012361971719243935,21841.81,False,False,False,False,False
2024-06-27,22859.93,22922.56,22765.16,22905.98,1810,1201,66.35359116022099,22302.0605,284.97361262945793,0.012441013771489276,0.012393998806868308,22211.08,False,False,False,False,False
2024-06-28,22896.72,23142.4,22896.72,23032.25,1816,1259,69.32819383259911,22385.449,282.1669260130681,0.012250949256501997,0.012403038145246483,22252.02,False,False,False,False,False
2024-07-01,23042.7,23187.88,23015.17,23058.57,1814,1270,70.01102535832415,22479.6665,274.34857415499204,0.011897900613741097,0.012403038145246483,22431.26,False,False,False,False,False
2024-07-02,23012.74,23041.9,22833.78,22879.37,1816,1232,67.84140969162996,22546.797,270.8086760010641,0.011836369445533864,0.012403038145246483,22503.0,False,False,False,False,False
2024-07-03,23009.82,23172.43,22994.28,23172.43,1816,1298,71.47577092511013,22637.5875,272.39805628670246,0.01175526504068423,0.012403038145246483,22503.0,False,False,False,False,False
2024-07-04,23360.88,23571.82,23360.88,23522.53,1821,1350,74.13509060955519,22739.469999999998,281.4689094090808,0.011965928384790277,0.012403038145246483,22503.0,False,False,False,False,False
2024-07-05,23532.01,23628.86,23491.79,23556.59,1816,1413,77.80837004405286,22822.1645,271.15470159414645,0.011510779004692379,0.012403038145246483,22503.0,False,False,False,False,False
2024-07-08,23550.64,24011.64,23505.86,23878.15,1817,1358,74.73858007705009,22923.153,287.91365148027876,0.012057619684953764,0.012403038145246483,22503.0,False,False,False,False,False
2024-07-09,23888.2,24126.66,23607.92,23900.08,1819,1285,70.64321055525014,23028.551,304.40124780311606,0.012736411250636652,0.012403038145246483,22503.0,False,False,False,False,False
2024-07-10,23744.88,24040.61,23682.49,24007.08,1814,1303,71.83020948180815,23126.457000000002,308.23830153146486,0.012839474918710016,0.012425956448302678,22765.16,False,False,False,False,False
2024-07-11,24242.03,24416.67,24151.8,24390.03,1813,1296,71.48372862658577,23230.3565,315.47770856493145,0.012934699488476704,0.012449037529476268,22765.16,False,False,False,False,False
2024-07-12,23955.67,24045.73,23774.22,23916.93,1817,1289,70.9411117226197,23300.967,336.9300150960076,0.014087511026540931,0.012479701831658939,22833.78,False,False,False,False,False
2024-07-15,23927.91,24018.31,23759.51,23879.36,1812,1266,69.86754966887418,23370.1085,331.34929973200724,0.013875970701560143,0.01250544952514686,22833.78,False,False,False,False,False
2024-07-16,23880.33,24174.18,23861.77,23997.25,1816,1282,70.59471365638767,23432.0995,329.99649260829244,0.013751429543314023,0.012559098442333244,22833.78,False,False,False,False,False
2024-07-17,23827.27,23993.68,23650.94,23769.82,1817,1308,71.98679141441937,23460.1135,331.16174313627164,0.013932025700500535,0.012559098442333244,22994.28,False,False,False,False,False
2024-07-18,23373.01,23450.91,23148.74,23398.47,1818,1254,68.97689768976898,23459.731999999996,351.8701900551092,0.0150381708742114,0.012559098442333244,23360.88,False,False,False,False,False
2024-07-19,23228.04,23235.82,22865.84,22869.26,1815,1017,56.03305785123966,23440.5255,364.7816050511729,0.01595073933529869,0.012559098442333244,23148.74,False,False,False,False,False
2024-07-22,22818.86,22818.86,22130.88,22256.99,1813,787,43.40871483728627,23412.69,391.4672046903747,0.017588506113826473,0.012559098442333244,22865.84,True,False,False,False,False
2024-07-23,22514.75,22871.84,22514.75,22871.84,1818,881,48.45984598459846,23412.4835,407.4231186410621,0.017813307483834362,0.012559098442333244,22130.88,True,False,False,False,False
2024-07-26,22206.93,22206.93,21889.61,22119.21,1808,774,42.809734513274336,23369.1095,448.4807530238433,0.020275622548176147,0.012559098442333244,22130.88,True,True,True,True,True
2024-07-29,22321.37,22471.4,22128.14,22164.49,1813,675,37.23110865968009,23332.035,441.60284209356894,0.019923889162059172,0.012559098442333244,21889.61,True,True,False,True,True
2024-07-30,22040.04,22276.39,21833.85,22223.57,1810,731,40.38674033149171,23291.601000000002,441.66978194402833,0.019873934833333634,0.012559098442333244,21889.61,True,True,False,True,True
2024-07-31,22088.78,22315.31,22046.29,22199.35,1807,728,40.28776978417266,23248.64,429.33765466231205,0.019340100257994583,0.012559098442333244,21833.85,True,True,False,True,True
2024-08-01,22546.4,22652.21,22465.06,22642.1,1813,896,49.42084942084942,23236.7765,431.0178221864326,0.0190361239543343,0.012559098442333244,21833.85,True,True,False,True,True
2024-08-02,22141.2,22141.2,21636.22,21638.09,1811,664,36.66482606294865,23160.0595,472.07940631597296,0.021817055309224287,0.012559098442333244,21833.85,True,True,True,True,True
2024-08-05,20982.92,20982.92,19783.5,19830.88,1818,228,12.541254125412541,22975.477000000003,570.8301630076892,0.028784913377908047,0.012559098442333244,21636.22,True,True,True,True,True
2024-08-06,20344.39,20751.5,19662.74,20501.02,1815,214,11.790633608815428,22822.698500000002,607.8251513642826,0.029648532188363438,0.012559098442333244,19783.5,True,True,False,True,True
2024-08-07,20638.28,21306.23,20638.28,21295.28,1819,371,20.39582188015393,22693.555,621.9240691239767,0.029204784775028865,0.012559098442333244,19662.74,True,True,False,True,True
2024-08-08,21047.16,21074.19,20723.26,20870.1,1809,334,18.463239358761747,22542.056,618.3594927579785,0.029628966452387797,0.012559098442333244,19662.74,True,True,False,True,True
2024-08-09,21212.0,21613.76,21212.0,21469.0,1811,427,23.578133627829928,22415.152,627.3095289895515,0.02921931757369004,0.012559098442333244,19662.74,True,True,False,True,True
2024-08-12,21598.93,21897.98,21598.93,21773.26,1816,490,26.982378854625548,22284.313499999997,613.1431340617263,0.0281603735068486,0.012559098442333244,19662.74,True,True,False,True,True
2024-08-13,21816.07,21866.63,21698.47,21796.57,1814,526,28.996692392502755,22178.2955,581.3586244858886,0.026672023372754917,0.012559098442333244,19662.74,True,True,False,True,True
2024-08-14,21952.03,22155.29,21942.22,22027.25,1819,562,30.896096756459595,22085.69,565.4558655940396,0.025670742629880696,0.012559098442333244,19662.74,True,True,False,True,True
2024-08-15,22005.69,22089.04,21895.17,21895.17,1813,575,31.715388858246,21980.586,538.9140180516084,0.0246133744589153,0.012637206733366026,19662.74,True,True,False,True,True
2024-08-16,22114.72,22374.94,22114.72,22349.33,1819,637,35.01924134139637,21909.5615,534.6894453336364,0.023924182305851513,0.012688039613328619,19662.74,False,True,False,False,False
2024-08-19,22338.83,22485.91,22307.17,22409.63,1814,652,35.942668136714445,21860.1195,509.2644849526625,0.022725251820429986,0.012723858610394611,19662.74,False,True,False,False,False
2024-08-20,22464.07,22545.89,22369.25,22429.1,1822,679,37.26673984632272,21838.1115,485.5055931703294,0.021646236058082108,0.012746078453719525,19662.74,False,True,False,False,False
2024-08-21,22316.78,22358.88,22165.82,22237.89,1814,680,37.48621830209482,21837.1565,469.6323365153058,0.021118565498583985,0.012797610287756207,20638.28,False,True,False,False,False
2024-08-22,22254.59,22315.92,22096.26,22148.83,1807,677,37.46541228555617,21801.006,451.77716962135537,0.02039733790097966,0.01288708720359336,20723.26,False,True,False,False,False
2024-08-23,22042.59,22159.27,21935.98,22158.05,1805,690,38.227146814404435,21802.947999999997,435.4566575055443,0.019652300518572,0.01295582528519388,21212.0,False,True,False,False,False
2024-08-26,22250.49,22449.45,22164.53,22240.12,1816,730,40.198237885462554,21806.729499999998,425.1668962551484,0.0191171134083426,0.012977292165334196,21598.93,False,True,False,False,False
2024-08-27,22179.21,22205.11,22059.51,22185.0,1810,750,41.43646408839779,21804.801,407.69854652263786,0.018377216431040698,0.013364531396035679,21698.47,False,True,False,False,False
2024-08-28,22210.57,22370.66,22108.86,22370.66,1813,799,44.07060121345835,21813.3665,397.27722177102083,0.017758851181459145,0.013813700122437083,21895.17,False,True,False,False,False
2024-08-29,22136.31,22273.62,22010.89,22201.85,1809,793,43.83637368711996,21791.354,394.59813450166223,0.017773209642514578,0.013903998201030339,21895.17,False,True,False,False,False
2024-08-30,22230.07,22342.25,22230.07,22268.09,1815,864,47.603305785123965,21822.854,376.44112489440073,0.016904957941808244,0.014009768363520733,21935.98,False,True,False,False,False
2024-09-02,22341.9,22439.31,22178.04,22235.1,1806,817,45.23809523809524,21943.065,368.21461597337213,0.016560061163357582,0.014562840950376165,21935.98,False,True,False,False,False
2024-09-03,22240.11,22303.5,22092.21,22092.21,1803,752,41.70826400443705,22022.624499999998,357.0057148324171,0.01615980089055903,0.015494455104755046,21935.98,False,True,False,False,False
2024-09-04,21574.65,21574.65,20922.17,21092.75,1811,486,26.836002208724462,22012.498,415.0795923443874,0.019678780260724057,0.01605527011292886,21935.98,False,True,False,False,False
2024-09-05,21271.09,21488.81,21150.99,21187.71,1811,516,28.492545554942023,22028.3785,413.72105003407404,0.019526463692115574,0.016359931026958305,20922.17,False,True,False,False,False
2024-09-06,21255.45,21461.71,21125.14,21435.19,1806,542,30.011074197120706,22026.688000000002,408.2102607459259,0.01904393013292282,0.016732509552582913,20922.17,True,True,False,False,True
2024-09-09,21127.81,21163.91,20922.51,21144.44,1801,521,28.92837312604109,21995.247,415.6723849783598,0.019658708624033544,0.01724673202781736,20922.17,True,True,False,False,True
2024-09-10,21252.57,21324.43,20977.0,21064.08,1810,460,25.41436464088398,21958.6225,410.79792890847693,0.019502296274438613,0.01767367864764281,20922.17,True,True,False,False,True
2024-09-11,21089.18,21134.05,21031.0,21031.0,1807,445,24.62645268400664,21908.81,388.8159339864428,0.01848775303059497,0.017766030411986863,20922.17,True,True,False,False,True
2024-09-12,21373.64,21706.85,21373.64,21653.25,1814,510,28.114663726571116,21896.714,409.3183672731254,0.01890332246998143,0.01779325856317447,20922.17,True,True,False,False,True
2024-09-13,21754.36,21796.39,21643.22,21759.65,1811,568,31.363887355052455,21867.23,391.02205532504485,0.01797005261229132,0.01809526195743753,20922.17,True,True,False,False,True
2024-09-16,21800.0,21854.74,21736.7,21850.08,1813,651,35.907335907335906,21839.2525,371.5233370875417,0.01700329413382201,0.01817363452166601,20922.17,False,True,False,False,False
2024-09-18,21813.54,21859.16,21584.63,21678.84,1816,646,35.5726872246696,21801.739500000003,364.5952415812886,0.016818023546522256,0.01817363452166601,20922.17,False,True,False,False,False
2024-09-19,21675.4,22042.69,21656.66,22042.69,1810,730,40.331491712707184,21791.9795,366.12629575405356,0.016609873647637996,0.01817363452166601,20922.17,False,True,False,False,False
2024-09-20,22246.24,22354.54,22136.53,22159.42,1816,745,41.02422907488987,21792.509,362.24941748590703,0.016347423239683488,0.01817363452166601,20922.51,False,True,False,False,False
2024-09-23,22170.94,22307.46,22170.94,22285.53,1814,768,42.33737596471885,21798.882999999998,346.9487448083423,0.01556834164627641,0.01817363452166601,20922.51,False,True,False,False,False
2024-09-24,22273.79,22431.78,22154.55,22431.78,1806,762,42.19269102990033,21808.466,341.96883446488926,0.015244837211531553,0.01817363452166601,20922.51,False,True,False,False,False
2024-09-25,22569.29,22785.32,22569.29,22761.6,1813,868,47.87644787644788,21837.296,342.7953462888258,0.015060248237770007,0.01817363452166601,20977.0,False,True,False,False,False
2024-09-26,22841.42,22961.77,22769.24,22858.81,1812,862,47.57174392935982,21861.703499999996,332.6078215539098,0.01455053091363504,0.01817363452166601,21031.0,False,True,False,False,False
2024-09-27,22978.97,23079.21,22806.83,22822.79,1814,948,52.260198456449835,21892.750500000002,328.3058343000589,0.014385000006574958,0.01817363452166601,21373.64,False,False,False,False,False
2024-09-30,22643.91,22691.23,22224.54,22224.54,1815,889,48.980716253443525,21890.572999999997,347.5875604214833,0.015639808986889416,0.01817363452166601,21584.63,False,False,False,False,False
2024-10-01,22329.65,22446.86,22311.33,22390.39,1809,899,49.69596462133776,21898.3375,338.6398775342345,0.015124340287696394,0.01817363452166601,21584.63,False,False,False,False,False
2024-10-04,22459.1,22493.05,22193.5,22302.71,1808,826,45.6858407079646,21908.8625,335.84774342464624,0.015058606932729084,0.01817363452166601,21584.63,False,True,False,False,False
2024-10-07,22479.24,22719.07,22479.24,22702.56,1811,931,51.40806184428492,21989.353,341.59861889431437,0.01504670041150929,0.01817363452166601,21656.66,False,False,False,False,False
2024-10-08,22691.32,22691.32,22418.38,22611.39,1809,851,47.042564953012715,22060.537,337.497288973292,0.014925985928918655,0.01817363452166601,22136.53,False,False,False,False,False
2024-10-09,22637.17,22885.95,22637.17,22659.08,1808,752,41.5929203539823,22121.7315,333.00176833234264,0.014696173380929085,0.01817363452166601,22154.55,False,False,False,False,False
2024-10-11,22726.19,23011.11,22726.19,22901.64,1807,695,38.46153846153847,22209.591500000002,334.3609277371752,0.014599868294898321,0.01817363452166601,22154.55,False,True,False,False,False
2024-10-14,22947.32,23015.55,22799.14,22975.29,1801,745,41.3659078289839,22305.152,325.9358614702341,0.014186365502687195,0.01817363452166601,22193.5,False,True,False,False,False
2024-10-15,23083.7,23353.91,23082.06,23292.04,1809,756,41.7910447761194,22418.204,329.6990142223602,0.014155008072386968,0.01817363452166601,22193.5,False,True,False,False,False
2024-10-16,22990.64,23258.52,22866.73,23010.98,1803,774,42.92845257903494,22486.0905,336.5283703493346,0.014624686577856944,0.01817363452166601,22193.5,False,True,False,False,False
2024-10-17,23114.21,23191.79,22950.7,23053.84,1802,857,47.55826859045505,22550.8,329.7113438958107,0.014301797179810857,0.01817363452166601,22193.5,False,True,False,False,False
2024-10-18,23620.57,23713.7,23378.36,23487.27,1811,812,44.83710657095527,22632.6595,353.2933907603957,0.015041909543356708,0.01817363452166601,22193.5,False,True,False,False,False
2024-10-21,23602.98,23678.51,23480.06,23542.53,1810,915,50.552486187845304,22725.844,342.2331485632244,0.014536804182185364,0.01817363452166601,22193.5,False,False,False,False,False
2024-10-22,23428.11,23535.43,23269.86,23535.43,1807,917,50.74709463198672,22800.481,337.26435223727964,0.01433006969650776,0.01817363452166601,22418.38,False,False,False,False,False
2024-10-23,23402.24,23486.45,23318.84,23334.76,1805,934,51.745152354570635,22859.248,328.6447556489025,0.0140839141113473,0.01817363452166601,22418.38,False,False,False,False,False
2024-10-24,23446.64,23446.64,23150.77,23192.52,1812,882,48.675496688741724,22904.5975,326.3037016739808,0.014069350880110519,0.01817363452166601,22637.17,False,False,False,False,False
2024-10-25,23255.07,23388.53,23222.77,23348.45,1809,900,49.75124378109453,22950.431,316.99700869726774,0.01357679026647455,0.017871631127402948,22726.19,False,False,False,False,False
2024-10-28,23455.69,23547.12,23164.42,23198.07,1811,852,47.04583103257868,22972.254500000003,321.6900795046058,0.013867105302493087,0.017766030411986863,22799.14,False,True,False,False,False
2024-10-29,23048.45,23056.57,22711.1,22926.59,1807,742,41.062534587714445,22975.6435,333.49578811141976,0.014546244692796433,0.01738107265764058,22866.73,False,True,False,False,False
2024-10-30,22985.13,23116.33,22801.45,22820.43,1806,728,40.310077519379846,22975.5255,332.16608896060416,0.014555645487863469,0.016954126037815126,22711.1,False,True,False,False,False
2024-11-01,22438.93,22828.98,22231.94,22780.08,1803,792,43.92678868552412,23003.302499999998,351.0856540348468,0.01541195878306164,0.01686149074416525,22711.1,True,True,False,False,True
2024-11-04,22839.18,23020.99,22792.77,22965.39,1807,722,39.9557277255119,23032.052499999998,343.2159644609292,0.014944922096290513,0.016713948597080128,22231.94,True,True,False,False,True
2024-11-05,22870.11,23178.8,22849.83,23106.79,1801,721,40.033314825097165,23072.2565,342.1983955708626,0.014809430283084003,0.016584967405497787,22231.94,False,True,False,False,False
2024-11-06,23112.95,23439.39,23035.3,23217.38,1806,720,39.8671096345515,23097.997499999998,346.61922445865815,0.014929299708178018,0.016453742201520537,22231.94,False,True,False,False,False
2024-11-07,23180.01,23518.63,23132.94,23408.82,1812,825,45.52980132450331,23137.869,349.40999414018273,0.014926424917624328,0.01625361206512126,22231.94,False,True,False,False,False
2024-11-08,23608.11,23699.7,23509.13,23553.89,1815,740,40.77134986225895,23182.6095,345.22928027302686,0.014656996371853094,0.015899804938724223,22231.94,False,True,False,False,False
2024-11-11,23477.75,23563.8,23306.66,23529.64,1815,723,39.83471074380166,23214.0095,338.93718882495347,0.014404690799559767,0.015604075316582913,22231.94,False,True,False,False,False
2024-11-12,23276.76,23276.76,22981.77,22981.77,1816,592,32.59911894273127,23214.3335,353.86096105174244,0.015397463339496585,0.015490150214669025,22231.94,False,True,False,False,False
2024-11-13,22894.91,23046.47,22860.23,22860.23,1817,583,32.085855806274076,23192.743,341.8880352623324,0.014955581604486587,0.015404711061279112,22231.94,False,True,False,False,False
2024-11-14,22821.04,22893.82,22619.71,22715.38,1811,490,27.056874654886805,23177.963,337.0467470293087,0.014837821204369403,0.015321150275514069,22231.94,True,True,False,False,True
2024-11-15,22767.11,22940.8,22690.77,22742.77,1810,519,28.67403314917127,23162.4095,330.83126509864366,0.014546656590144633,0.015184588749613974,22231.94,True,True,False,False,True
2024-11-18,22693.96,22781.77,22503.69,22546.54,1815,463,25.509641873278238,23115.373,327.0633175915978,0.014506142299066632,0.0150922942627332,22619.71,True,True,False,False,True
2024-11-19,22614.74,22906.69,22578.75,22848.8,1815,528,29.09090909090909,23080.6865,329.42665204934065,0.014417678479803782,0.015059427585249545,22503.69,True,True,False,False,True
2024-11-20,22872.91,22977.56,22622.47,22688.36,1813,523,28.84721456150028,23038.333,331.2597483315306,0.014600427194011846,0.015052653672119186,22503.69,True,True,False,False,True
2024-11-21,22671.66,22708.57,22490.28,22555.66,1812,560,30.90507726269316,22999.378,323.1904805935642,0.014328575647689502,0.015044304977432999,22503.69,True,True,False,False,True
2024-11-22,22799.53,23019.04,22799.53,22904.32,1811,616,34.01435670900055,22984.968,333.204017694024,0.014547649425698908,0.014998745573921647,22490.28,True,True,False,False,True
2024-11-25,22996.05,23172.43,22948.37,22948.37,1815,706,38.89807162534436,22964.964,328.55444500159376,0.014317114679674146,0.014950251850388549,22490.28,True,True,False,False,True
2024-11-26,22789.6,22832.11,22645.13,22678.76,1808,679,37.55530973451327,22938.998499999998,326.7462703586226,0.014407589760578737,0.014937110902234266,22490.28,True,True,False,False,True
2024-11-27,22665.58,22743.99,22334.78,22334.78,1809,551,30.458817025981205,22909.408000000003,332.6365367615784,0.014893208563575662,0.014927862312901174,22490.28,True,True,False,False,True
2024-11-28,22380.45,22413.25,22124.31,22298.9,1802,473,26.248612652608212,22883.3315,329.5153555643227,0.014777202263982648,0.014926205423271492,22334.78,True,True,False,False,True
2024-11-29,22202.28,22429.86,22055.38,22262.5,1807,552,30.54786939679026,22857.452500000003,332.72711588115675,0.014945631257996934,0.014909597246247158,22124.31,True,True,False,False,True
2024-12-02,22456.5,22802.53,22456.5,22736.93,1811,561,30.97736057426836,22846.0295,347.53446474678833,0.015285021537506969,0.014909597246247158,22055.38,True,True,False,False,True
2024-12-03,22972.3,23144.78,22972.3,23027.46,1817,610,33.57182168409466,22842.063000000002,351.8427172648748,0.015279267329739138,0.014909597246247158,22055.38,False,True,False,False,False
2024-12-04,23126.08,23255.33,23034.7,23255.33,1810,677,37.40331491712708,22843.9605,342.9875231745268,0.01474877041841706,0.014909597246247158,22055.38,False,True,False,False,False
2024-12-05,23308.29,23387.17,23225.31,23267.94,1816,687,37.830396475770925,22836.9165,330.04984294777466,0.014184747035954823,0.014865514883972532,22055.38,False,True,False,False,False
2024-12-06,23278.68,23361.12,23137.62,23193.27,1811,688,37.99006073992269,22818.8855,322.4391398800764,0.013902271645183125,0.014823625743726702,22055.38,False,True,False,False,False
2024-12-09,23287.79,23325.99,23172.22,23273.25,1810,642,35.469613259668506,22806.066,310.3913441743567,0.013336828512320225,0.014793316273533325,22055.38,False,True,False,False,False
2024-12-10,23228.26,23329.01,23071.43,23125.08,1815,604,33.27823691460055,22813.2315,306.6191053047596,0.013259158684197398,0.014762986341199854,22055.38,False,True,False,False,False
2024-12-11,23108.36,23108.36,22880.57,22903.63,1813,589,32.48758963044677,22815.4015,302.18274064013406,0.013193661469388654,0.014722471899673073,22055.38,False,True,False,False,False
2024-12-12,23050.64,23189.29,23030.48,23046.8,1813,571,31.494760066188636,22831.9725,301.00254488012445,0.013060491906907877,0.01467658487639109,22055.38,False,True,False,False,False
2024-12-13,23002.37,23097.52,22920.84,23020.48,1818,494,27.17271727172717,22845.858,292.1223631029727,0.012689672982621246,0.014640841474855018,22055.38,False,True,False,False,False
2024-12-16,23207.21,23264.4,22959.91,23039.9,1813,417,23.000551571980143,22870.526,293.00576573847474,0.012717319334653133,0.014612556885934394,22456.5,False,True,False,False,False
2024-12-17,23131.57,23223.51,23018.01,23018.01,1803,457,25.346644481419855,22878.9865,286.75535390001227,0.012457869029512642,0.014600147744455083,22880.57,False,True,False,False,False
2024-12-18,23014.43,23211.17,22934.59,23168.67,1810,473,26.13259668508287,22903.002,286.0285429071541,0.012345488235067188,0.014577756891380895,22880.57,False,True,False,False,False
2024-12-19,22947.56,22947.56,22743.3,22932.25,1809,443,24.488667772249862,22921.8315,295.9815041280716,0.012906779933415675,0.014553088200749255,22880.57,False,True,False,False,False
2024-12-20,22798.39,22845.59,22510.25,22510.25,1815,422,23.25068870523416,22902.128,304.9828252617808,0.013548620084707225,0.014549090169666974,22743.3,False,True,False,False,False
2024-12-23,22811.56,23132.25,22811.56,23104.54,1817,489,26.912493120528342,22909.9365,327.6269091716536,0.014180196150698243,0.014547153007921771,22510.25,False,True,False,False,False
2024-12-24,23260.74,23326.25,23120.24,23120.24,1824,496,27.192982456140353,22932.0105,320.06141565939254,0.013843343133955034,0.014546450641470532,22510.25,False,True,False,False,False
2024-12-25,23226.35,23296.36,23159.36,23220.13,1815,557,30.68870523415978,22976.278,309.77988596943584,0.013341005669194609,0.014541524437490898,22510.25,False,True,False,False,False
2024-12-26,23276.08,23320.62,23241.94,23246.94,1816,580,31.938325991189426,23023.68,294.8306084001903,0.012682555570762874,0.014521473240625998,22510.25,False,True,False,False,False
2024-12-27,23251.28,23335.66,23204.35,23275.68,1816,558,30.726872246696036,23074.339,283.1505649430339,0.01216508239256743,0.014521473240625998,22510.25,False,True,False,False,False
2024-12-30,23274.26,23331.67,23159.7,23190.2,1819,537,29.521715228147333,23097.0025,275.2090960185313,0.011867474019996865,0.014461910389435208,22510.25,False,True,False,False,False
2024-12-31,23094.07,23123.96,22972.99,23035.1,1815,550,30.303030303030305,23097.3845,271.066303445779,0.011767533175275081,0.01441263412019126,22510.25,False,True,False,False,False
2025-01-02,22975.71,23038.08,22713.63,22832.06,1829,532,29.086932750136686,23076.220999999998,274.8794246282234,0.012039186329583198,0.014406140280069252,22510.25,False,True,False,False,False
2025-01-03,23018.56,23092.07,22905.4,22908.3,1825,495,27.123287671232877,23058.239,273.81732286906447,0.011952756113245613,0.014367380248033763,22510.25,True,True,False,False,True
2025-01-06,23131.79,23553.29,23131.79,23547.71,1824,553,30.317982456140353,23075.961,300.3296569498457,0.012754091881964136,0.014329322672098632,22510.25,False,True,False,False,False
2025-01-07,23824.72,23943.95,23651.27,23651.27,1824,548,30.043859649122805,23094.862,307.1803957391425,0.012987902795035637,0.014322845163681824,22713.63,False,True,False,False,False
2025-01-08,23522.29,23671.28,23388.63,23407.33,1823,572,31.37685134393856,23108.974500000004,305.4282246149179,0.013048400847722396,0.0143094559297425,22713.63,False,True,False,False,False
2025-01-09,23406.72,23463.96,23081.13,23081.13,1829,459,25.095680699835977,23117.849500000004,310.95692285670935,0.013472343982149458,0.0143094559297425,22713.63,False,True,False,False,False
2025-01-10,23067.46,23202.25,22989.67,23011.86,1824,430,23.574561403508774,23116.1025,303.929999795516,0.01320753732186429,0.0143094559297425,22713.63,False,True,False,False,False
2025-01-13,23070.32,23070.32,22458.22,22488.33,1831,325,17.74986346258875,23089.495000000003,325.9421426672647,0.014493834920924082,0.01424327210788284,22713.63,True,True,False,False,True
2025-01-14,22573.96,22797.52,22542.93,22797.52,1824,377,20.668859649122805,23077.375999999997,324.7455610481743,0.014244775793515008,0.014250930857814485,22458.22,True,True,False,False,True
2025-01-15,22757.46,22777.34,22509.65,22514.57,1821,355,19.494783086216362,23052.204,322.111592401876,0.014306806321500967,0.014214761414734916,22458.22,True,True,False,False,True
2025-01-16,22817.52,23147.69,22817.52,23025.1,1827,418,22.87903667214012,23045.0255,344.3264786588848,0.014954396665329784,0.014214761414734916,22458.22,True,True,False,False,True
2025-01-17,23190.12,23209.88,22905.53,23148.08,1822,418,22.941822173435785,23055.817,341.471015897536,0.014751591315458387,0.014214761414734916,22458.22,False,True,False,False,False
2025-01-20,23203.47,23346.64,23176.43,23266.82,1822,471,25.850713501646545,23093.6455,331.26308619056897,0.014237574631624303,0.014275791057507987,22458.22,False,True,False,False,False
2025-01-21,23266.49,23377.64,23174.02,23300.01,1819,490,26.937877954920285,23103.419,322.14572289124254,0.013825990756709657,0.014275791057507987,22458.22,False,True,False,False,False
2025-01-22,23472.67,23642.08,23472.67,23525.41,1827,554,30.32293377120963,23123.677499999998,323.5688855418683,0.013754016849945159,0.014275791057507987,22458.22,False,True,False,False,False
2025-02-03,22796.71,22796.71,22502.2,22694.71,1823,498,27.317608337904552,23097.4065,373.5432508603062,0.016459485530341926,0.014275791057507987,22458.22,False,True,False,False,False
2025-02-04,22836.27,22934.31,22720.62,22793.96,1821,506,27.786930258099947,23074.7575,363.97587579885595,0.015968084343346043,0.014275791057507987,22458.22,False,True,False,False,False
2025-02-05,22916.38,23249.33,22916.38,23161.58,1828,630,34.46389496717725,23069.052499999998,370.50402752750927,0.01599649192876778,0.014275791057507987,22458.22,False,True,False,False,False
2025-02-06,23226.5,23348.42,23216.65,23316.6,1822,738,40.50493962678375,23075.3725,357.3851684184012,0.015327499224518206,0.014275791057507987,22502.2,False,True,False,False,False
2025-02-07,23289.97,23478.27,23254.17,23478.27,1833,808,44.08074195308238,23097.531,347.8647992456584,0.014816457909618485,0.014275791057507987,22502.2,False,True,False,False,False
2025-02-10,23421.77,23448.16,23163.85,23252.14,1833,820,44.735406437534095,23118.535,345.4758850138258,0.014857810292464513,0.014275791057507987,22502.2,False,True,False,False,False
2025-02-11,23321.92,23485.51,23289.76,23384.05,1825,836,45.80821917808219,23142.3225,337.4683217985525,0.014431560050485374,0.014275791057507987,22502.2,False,True,False,False,False
2025-02-12,23449.31,23528.61,23289.75,23289.75,1825,821,44.986301369863014,23129.4245,330.4248702415131,0.014187566214386719,0.014275791057507987,22502.2,False,True,False,False,False
2025-02-13,23263.28,23413.1,23206.45,23399.41,1835,988,53.84196185286103,23116.8315,321.5838080814048,0.013743244298954752,0.014241175212569655,22502.2,False,False,False,False,False
2025-02-14,23198.39,23276.24,23142.95,23152.61,1835,1031,56.18528610354223,23104.0955,316.93210750416154,0.01368882849510969,0.01421257042300551,22502.2,False,False,False,False,False
2025-02-17,23258.17,23510.68,23242.84,23505.33,1837,1093,59.49918345127926,23125.3055,319.8705283967214,0.0136084253399855,0.014186156625170771,22502.2,False,False,False,False,False
2025-02-18,23550.5,23666.11,23454.09,23666.11,1833,1136,61.97490452809602,23158.018,312.16691922552707,0.013190461771094914,0.014182471593326532,22720.62,False,False,False,False,False
2025-02-19,23589.44,23683.46,23550.99,23604.08,1839,1226,66.66666666666666,23213.8055,299.3314249951321,0.0126813425897189,0.014041233897940684,22916.38,False,False,False,False,False
2025-02-20,23530.97,23576.71,23400.75,23487.46,1836,1234,67.21132897603485,23248.302499999998,292.4741803526228,0.012452354590603787,0.01387280738956908,23142.95,False,False,False,False,False
2025-02-21,23526.13,23732.58,23488.42,23730.25,1840,1325,72.01086956521739,23309.086499999998,289.0917388988642,0.012182414382438627,0.013834666945332346,23142.95,False,False,False,False,False
2025-02-24,23573.8,23605.22,23461.43,23565.31,1837,1324,72.07403375068046,23336.097,287.6437575489453,0.012206236945278687,0.013790003803327407,23142.95,False,False,False,False,False
2025-02-25,23376.42,23376.42,23209.53,23285.72,1831,1254,68.48716548334244,23342.979,292.5106320097351,0.012561803199975569,0.013748630574449954,23142.95,False,False,False,False,False
2025-02-26,23221.84,23431.24,23156.02,23402.55,1831,1277,69.74330966684872,23349.7655,291.27558686618266,0.012446318322840147,0.01371603639703222,23142.95,False,False,False,False,False
2025-02-27,23446.46,23487.73,23053.18,23053.18,1839,1210,65.79662860250136,23337.424,301.5094735185981,0.013078866929360639,0.013648626917547594,23142.95,False,False,False,False,False
2025-03-03,22734.05,22775.02,22611.1,22756.25,1836,1088,59.25925925925925,23298.966,311.550225410127,0.013690754206432386,0.013578522712346362,23053.18,False,False,False,False,False
2025-03-04,22508.8,22700.94,22359.5,22596.88,1836,1117,60.83877995642701,23294.0745,317.63592359511796,0.014056627445696837,0.013578522712346362,22611.1,True,False,False,False,False
2025-03-05,22778.86,22948.3,22757.22,22871.9,1837,1195,65.05171475231354,23297.9715,320.0490719097523,0.013993112592733978,0.013578522712346362,22359.5,True,False,False,False,False
2025-03-06,22930.11,22979.97,22715.43,22715.43,1840,1127,61.25000000000001,23275.664,316.08413820191294,0.013914952884533241,0.013578522712346362,22359.5,True,False,False,False,False
2025-03-07,22696.23,22747.11,22542.08,22576.07,1834,1052,57.36095965103599,23238.6375,308.1516997589191,0.013649483712573495,0.013578522712346362,22359.5,True,False,False,False,False
2025-03-10,22548.98,22641.25,22407.57,22459.15,1840,1018,55.326086956521735,23187.6815,302.83229263328207,0.013483693400386125,0.013578522712346362,22359.5,True,False,False,False,False
2025-03-11,22126.06,22140.39,21769.57,22071.09,1842,902,48.9685124864278,23128.629,330.45712887376203,0.01497239732490611,0.013516156742546675,22359.5,True,False,False,False,False
2025-03-12,22171.1,22391.47,22153.61,22278.36,1848,941,50.91991341991342,23073.3445,329.7373339542077,0.014800790271555344,0.013516156742546675,21769.57,True,False,False,False,False
2025-03-13,22403.34,22552.43,21961.68,21961.68,1840,846,45.97826086956522,23006.941,348.38109581462146,0.015863135052264738,0.013516156742546675,21769.57,True,False,False,False,False
2025-03-14,21986.81,22074.03,21895.9,21968.05,1842,901,48.914223669924,22935.373,336.220303256434,0.015304968044793872,0.013516156742546675,21769.57,True,False,False,False,False
2025-03-17,22137.53,22306.83,22110.08,22118.63,1849,929,50.24337479718767,22883.674000000003,336.4031387381175,0.015209040466706911,0.013578522712346362,21769.57,True,False,False,False,False
2025-03-18,22204.62,22327.1,22186.42,22271.67,1846,986,53.412784398699884,22821.991,327.26505739968036,0.014694230715509002,0.013628954526279498,21769.57,True,False,False,False,False
2025-03-19,22245.42,22247.66,21942.69,21960.83,1845,929,50.35230352303523,22736.727000000003,327.38755329970314,0.01490779507421637,0.013669156103841593,21769.57,True,False,False,False,False
2025-03-20,22171.0,22377.26,22171.0,22377.26,1857,1024,55.14270328486807,22675.386,333.7477280640098,0.014914593121052791,0.013689791350771037,21769.57,True,False,False,False,False
2025-03-21,22362.38,22366.95,22200.23,22209.1,1857,999,53.79644588045234,22611.468,322.5536046308661,0.014523488328246806,0.013716999252693568,21769.57,True,False,False,False,False
2025-03-24,22348.38,22380.73,22106.64,22106.64,1847,936,50.67677314564158,22530.2875,319.09191858580425,0.014434211557514134,0.013748630574449954,21769.57,True,False,False,False,False
2025-03-25,22269.37,22414.02,22228.68,22273.19,1850,905,48.91891891891892,22465.6815,318.25535297253253,0.014288718992319132,0.013790003803327407,21769.57,True,False,False,False,False
2025-03-26,22327.61,22398.12,22235.89,22260.29,1843,945,51.27509495387954,22414.41,307.1106849030659,0.013796346988429435,0.013834666945332346,21895.9,True,False,False,False,False
2025-03-27,22093.2,22093.2,21919.4,21951.76,1843,855,46.391752577319586,22341.8705,309.5234931242754,0.01410016750931476,0.013834666945332346,21895.9,True,False,False,False,False
2025-03-28,21836.16,21836.16,21525.05,21602.89,1852,644,34.77321814254859,22269.356,317.89395790111274,0.014715344007265358,0.013879148009244138,21895.9,True,False,False,False,False
2025-03-31,21254.63,21254.63,20695.9,20695.9,1853,357,19.26605504587156,22166.3385,359.9722466224617,0.017393408676233537,0.013879148009244138,21525.05,True,True,False,False,True
2025-04-01,20884.53,21315.52,20884.53,21280.17,1848,450,24.350649350649352,22100.503,378.5185147208572,0.017787382089563063,0.01395403273863361,20695.9,True,True,False,False,True
2025-04-02,21313.77,21390.52,21235.99,21298.22,1845,497,26.93766937669377,22021.819,362.5193350979388,0.017021109515158485,0.014024870019215409,20695.9,True,True,False,False,True
2025-04-07,20153.57,20153.57,19212.02,19232.35,1860,90,4.838709677419355,21847.665,485.63938259094317,0.02525117224837023,0.014078397477505798,20695.9,True,True,True,True,True
2025-04-08,19064.47,19064.47,18180.48,18459.95,1856,63,3.394396551724138,21641.859,526.08442669159,0.028498691854072736,0.01414386686185074,19212.02,True,True,True,True,True
2025-04-09,18337.44,18371.52,17306.97,17391.76,1856,34,1.8318965517241377,21388.489500000003,570.862681927905,0.032823744228755745,0.01421257042300551,18180.48,True,True,True,True,True
2025-04-10,18256.47,19024.47,18256.47,19000.03,1861,109,5.857066093498119,21234.9365,646.7089189330547,0.034037257779753756,0.014241175212569655,17306.97,True,True,False,True,True
2025-04-11,18772.5,19528.77,18418.2,19528.77,1845,97,5.257452574525745,21097.457000000002,679.8418532949794,0.034812323218255906,0.01426674739291707,17306.97,True,True,False,True,True
2025-04-14,19686.68,20023.63,19508.93,19513.09,1851,106,5.726634251755808,20975.027500000004,668.0460066310524,0.034235787701027996,0.01429776265691005,17306.97,True,True,False,True,True
2025-04-15,19609.9,19895.43,19576.15,19857.67,1855,152,8.194070080862534,20869.5085,647.6384347288343,0.032614019405541254,0.01436918318599317,17306.97,True,True,False,True,True
2025-04-16,19737.09,19737.09,19453.14,19468.0,1848,140,7.575757575757576,20736.977,630.2735465339175,0.03237484829124294,0.014432885803999755,17306.97,True,True,False,True,True
2025-04-17,19389.52,19478.0,19196.47,19338.73,1832,143,7.8056768558951966,20590.329999999998,605.3632932100662,0.0313031565780207,0.01446402323921911,17306.97,True,True,False,True,True
2025-04-18,19423.98,19499.28,19376.35,19395.03,1833,168,9.165302782324058,20462.04,573.5909151236328,0.029574118478993477,0.014508661624585445,17306.97,True,True,False,True,True
2025-04-21,19321.14,19359.96,19080.6,19106.2,1840,137,7.445652173913044,20298.487,555.0794211862305,0.029052319204563467,0.014608859521877904,17306.97,True,True,False,True,True
2025-04-22,18990.86,19059.65,18793.43,18793.43,1833,128,6.983087834151664,20127.703499999996,537.7716053872141,0.028614872611716653,0.014704787361387181,17306.97,True,True,False,True,True
2025-04-23,19163.61,19639.14,19163.61,19639.14,1854,162,8.737864077669903,20004.328499999996,559.767205002413,0.028502633262068144,0.014733467661361872,17306.97,True,True,False,True,True
2025-04-24,19752.59,19752.59,19433.37,19478.81,1834,180,9.814612868047982,19864.6095,542.585261787955,0.02785515448777184,0.014776190793506866,18256.47,True,True,False,True,True
2025-04-25,19861.24,20012.27,19861.24,19872.73,1858,207,11.141011840688913,19745.2315,541.9334573745297,0.02727020682988848,0.014776190793506866,18418.2,False,True,False,False,False
2025-04-28,19972.07,20073.75,19972.07,20034.41,1847,235,12.723335138061723,19649.363999999998,517.5824961334919,0.025834676246193018,0.014808624090586914,18793.43,False,True,False,False,False
2025-04-29,20018.32,20232.63,20007.3,20232.63,1856,282,15.193965517241379,19580.851000000002,496.70731783824255,0.02454981472197349,0.0148371341010415,18793.43,False,True,False,False,False
2025-04-30,20215.39,20331.89,20185.31,20235.03,1849,267,14.440237966468361,19557.807500000003,471.69822370693936,0.023310972294428987,0.014882802683340442,18793.43,False,True,False,False,False
2025-05-02,20534.08,20787.64,20534.08,20787.64,1858,341,18.353067814854683,19533.181,477.47763629930085,0.02296930465888869,0.01491119409763458,18793.43,False,True,False,False,False
2025-05-05,20839.04,20885.54,20320.8,20532.99,1854,327,17.637540453074433,19494.919499999996,483.7106622779223,0.023557731352224994,0.01491119409763458,18793.43,False,True,False,False,False
2025-05-06,20353.88,20623.85,20349.56,20522.59,1847,368,19.924201407688145,19559.4315,468.75204354378485,0.02284078391391071,0.01491119409763458,18793.43,False,True,False,False,False
2025-05-07,20575.15,20685.28,20418.03,20546.49,1850,361,19.513513513513516,19663.7585,454.3590404335145,0.02211370606042757,0.01491119409763458,18793.43,False,True,False,False,False
2025-05-08,20559.65,20747.28,20543.4,20543.4,1855,427,23.0188679245283,19821.3405,436.467680402549,0.02124612675616251,0.01491119409763458,19163.61,False,True,False,False,False
2025-05-09,20690.8,20915.04,20643.56,20915.04,1850,464,25.08108108108108,19917.091,431.83713180236686,0.020647205637778693,0.014943495222979452,19433.37,False,True,False,False,False
2025-05-12,20996.95,21176.13,20996.95,21129.54,1861,512,27.512090274046212,19997.129500000003,419.64090810219784,0.01986039015057582,0.015090718895806512,19861.24,False,True,False,False,False
2025-05-13,21474.02,21626.28,21330.14,21330.14,1856,549,29.57974137931034,20087.981999999996,425.1479860948979,0.019931795388820603,0.01525700425575039,19972.07,False,True,False,False,False
2025-05-14,21552.42,21782.87,21552.42,21782.87,1861,649,34.87372380440623,20184.242,427.1181299452623,0.01960798232488475,0.015584051548529305,20007.3,False,True,False,False,False
2025-05-15,21776.65,21821.01,21674.32,21730.25,1851,637,34.413830361966504,20297.354499999998,407.08754923488635,0.018733679973073774,0.016442122283711613,20185.31,False,True,False,False,False
2025-05-16,21731.88,21854.5,21697.85,21843.69,1856,675,36.36853448275862,20422.6025,389.199152860966,0.017817463663921528,0.01720725909569601,20320.8,False,True,False,False,False
2025-05-19,21786.33,21786.33,21496.69,21523.83,1851,616,33.27930848190167,20529.0425,386.1849276566113,0.017942203021330837,0.017590395382898298,20320.8,False,True,False,False,False
2025-05-20,21631.61,21746.56,21517.1,21526.03,1854,645,34.78964401294498,20650.034000000003,374.9902899668536,0.017420318097059868,0.017802422876742295,20349.56,False,True,False,False,False
2025-05-21,21603.58,21879.24,21603.58,21803.91,1856,747,40.247844827586206,20800.557999999997,373.43455496922144,0.017126953604615934,0.017802422876742295,20418.03,False,True,False,False,False
2025-05-22,21733.82,21733.82,21585.31,21670.96,1846,722,39.11159263271939,20902.149,362.37494389999125,0.016721683944781,0.017802422876742295,20543.4,False,True,False,False,False
2025-05-23,21766.24,21798.88,21559.78,21652.24,1848,748,40.476190476190474,21010.8205,353.56959076427773,0.016329469411214624,0.017802422876742295,20643.56,False,True,False,False,False
2025-05-26,21577.64,21688.45,21536.57,21536.57,1848,773,41.82900432900433,21094.0125,339.16319142397225,0.015748245492386775,0.017802422876742295,20996.95,False,True,False,False,False
2025-05-27,21491.65,21558.47,21310.0,21336.54,1855,711,38.328840970350406,21159.119,332.6851063222601,0.015592270645674512,0.017802422876742295,21330.14,False,True,False,False,False
2025-05-28,21539.15,21634.37,21305.73,21357.72,1847,708,38.33243096913914,21215.3735,332.39617015638436,0.0155632797019712,0.017802422876742295,21310.0,False,True,False,False,False
2025-05-29,21531.29,21605.26,21347.3,21347.3,1846,708,38.353196099674975,21270.987,327.0793008594997,0.015321811229499736,0.017802422876742295,21305.73,False,True,False,False,False
2025-06-02,21253.97,21256.1,20940.98,21002.71,1840,584,31.73913043478261,21281.7405,332.73935079810684,0.015842686529410104,0.017802422876742295,21305.73,False,True,False,False,False
2025-06-03,21126.7,21303.21,21110.63,21126.93,1850,605,32.7027027027027,21311.4375,330.4365400268135,0.015640537457492096,0.017802422876742295,20940.98,False,True,False,False,False
2025-06-04,21341.44,21618.09,21341.44,21618.09,1852,718,38.76889848812095,21366.2125,341.9167871677554,0.01581623479075882,0.017802422876742295,20940.98,False,True,False,False,False
2025-06-05,21695.93,21738.93,21626.74,21674.43,1850,719,38.86486486486487,21422.6095,326.12558808434426,0.015046558921473102,0.017802422876742295,20940.98,False,True,False,False,False
2025-06-06,21637.77,21702.46,21606.7,21660.66,1853,762,41.12250404749055,21478.4725,309.6709032211767,0.014296466646038333,0.017802422876742295,20940.98,False,True,False,False,False
2025-06-09,21773.45,21866.27,21717.52,21790.29,1848,735,39.77272727272727,21522.235,302.23798156252127,0.013870305606879085,0.017802422876742295,20940.98,False,True,False,False,False
2025-06-10,21921.24,22294.86,21921.24,22242.14,1864,826,44.31330472103004,21577.864999999998,316.69026859376976,0.014238300298162396,0.017802422876742295,20940.98,False,True,False,False,False
2025-06-11,22376.37,22470.1,22294.6,22470.1,1867,857,45.902517407605785,21634.863,310.3523922656433,0.013811793995827491,0.017802422876742295,20940.98,False,True,False,False,False
2025-06-12,22362.67,22390.17,22253.64,22287.82,1859,882,47.44486282947821,21660.110500000003,303.6457928180972,0.013623844450381294,0.017802422876742295,20940.98,False,True,False,False,False
2025-06-13,22215.5,22228.01,21984.36,22072.95,1857,778,41.895530425417334,21677.2455,303.6325219025188,0.013755865070256527,0.017802422876742295,20940.98,False,True,False,False,False
2025-06-16,22058.57,22094.6,21936.38,22049.9,1859,812,43.67939752555137,21687.556,293.2459131951959,0.013299194699077813,0.017802422876742295,20940.98,False,True,False,False,False
2025-06-17,22172.59,22331.69,22118.46,22211.59,1859,854,45.938676707907476,21721.944,292.4276336812531,0.013165542569498766,0.017802422876742295,21110.63,False,True,False,False,False
2025-06-18,22135.83,22370.25,22104.68,22356.73,1864,899,48.22961373390558,21763.479,290.5092312754493,0.012994263082098736,0.017802422876742295,21341.44,False,True,False,False,False
2025-06-19,22238.1,22249.4,21973.04,22003.5,1862,755,40.54779806659506,21773.4585,297.16500047005997,0.013505351442727746,0.017802422876742295,21606.7,False,True,False,False,False
2025-06-20,21960.51,22089.48,21779.55,22045.74,1862,696,37.379162191192265,21792.1975,298.0767861507699,0.013520833782434606,0.017802422876742295,21606.7,False,True,False,False,False
2025-06-23,21750.7,21801.32,21551.58,21732.02,1853,646,34.862385321100916,21796.1865,312.0827299971435,0.01436050261306328,0.017802422876742295,21717.52,False,True,False,False,False
2025-06-24,22001.48,22201.05,22001.48,22188.76,1869,861,46.06741573033708,21828.796,323.2932492830617,0.014570135928418791,0.017802422876742295,21551.58,False,True,False,False,False
2025-06-25,22341.87,22444.51,22284.52,22430.61,1859,904,48.628294782140934,21883.499499999998,318.4687314771287,0.014197952328408755,0.017802422876742295,21551.58,False,True,False,False,False
2025-06-26,22425.39,22587.67,22391.27,22492.34,1861,1000,53.73455131649651,21940.230499999998,309.74953637161934,0.01377133443526193,0.017802422876742295,21551.58,False,False,False,False,False
2025-06-27,22503.85,22580.08,22388.59,22580.08,1858,1033,55.59741657696448,22001.8695,301.30242663078945,0.013343727153791724,0.017802422876742295,21551.58,False,False,False,False,False
2025-06-30,22508.33,22558.95,22256.02,22256.02,1853,941,50.78251484079871,22064.535,302.9279675857332,0.013611057484030532,0.017802422876742295,21551.58,False,False,False,False,False
2025-07-01,22419.74,22730.76,22401.58,22553.72,1859,1025,55.137170521785904,22135.8745,315.20025561532356,0.013975532888380432,0.0176188908804907,21551.58,False,False,False,False,False
2025-07-02,22463.55,22577.74,22396.26,22577.74,1852,1051,56.74946004319654,22183.857,305.6488087856578,0.013537617528842914,0.0176188908804907,21551.58,False,False,False,False,False
2025-07-03,22707.41,22816.2,22700.86,22712.97,1864,1138,61.05150214592274,22235.784,300.84960815811075,0.013245718554557627,0.017273635850837903,21551.58,False,False,False,False,False
2025-07-04,22756.55,22842.75,22500.97,22547.5,1858,937,50.43057050592034,22280.125999999997,303.7732075753885,0.013472589314797138,0.016924318774698466,21551.58,False,False,False,False,False
2025-07-07,22550.14,22550.5,22294.11,22428.72,1837,828,45.07348938486663,22312.0475,300.388692748575,0.013393037710068832,0.01652557667799781,21551.58,False,False,False,False,False
2025-07-08,22375.65,22375.65,22190.46,22362.27,1844,729,39.53362255965293,22318.054,295.9509289808198,0.013234386713907836,0.016086077970312362,22001.48,False,False,False,False,False
2025-07-09,22253.17,22527.01,22211.1,22527.01,1844,754,40.88937093275488,22320.8995,297.3765769107613,0.013200889816747155,0.015829460660084463,22190.46,False,True,False,False,False
2025-07-10,22566.51,22699.29,22513.35,22693.25,1850,765,41.351351351351354,22341.171,289.4168214171356,0.012753432030103031,0.015782240141572798,22190.46,False,True,False,False,False
2025-07-11,22602.81,22770.01,22601.95,22751.03,1854,833,44.929881337648325,22375.075,280.7484770301972,0.012340033705295857,0.015694391474939437,22190.46,False,True,False,False,False
2025-07-14,22679.18,22735.23,22525.66,22614.97,1835,770,41.96185286103542,22403.3285,276.79287152804017,0.012239364966128196,0.015616404051583304,22190.46,False,True,False,False,False
2025-07-15,22618.43,22888.23,22588.26,22835.94,1855,796,42.911051212938006,22434.546,278.44838070460884,0.012193427584089329,0.015577775173822856,22190.46,False,True,False,False,False
2025-07-16,22967.51,23106.43,22923.12,23042.9,1857,839,45.180398492191706,22468.8545,277.87992493999405,0.012059242757638753,0.015442545465735468,22190.46,False,True,False,False,False
2025-07-17,23042.97,23159.54,22923.37,23113.28,1862,934,50.161117078410314,22524.3435,274.9006445871375,0.011893623258453041,0.015184185075486419,22190.46,False,False,False,False,False
2025-07-18,23345.72,23468.21,23276.02,23383.13,1859,903,48.574502420656266,22591.213,280.6170271166277,0.012000832528264081,0.014808347424945946,22190.46,False,False,False,False,False
2025-07-21,23314.29,23403.83,23243.79,23340.56,1851,896,48.406266882766076,22671.640000000003,272.0043823225829,0.011653721346984943,0.014465319270741035,22190.46,False,False,False,False,False
2025-07-22,23301.66,23486.08,22985.9,22987.92,1857,698,37.58750673128702,22711.598,288.30264072811275,0.012541484428696148,0.014328484629550806,22190.46,False,True,False,False,False
2025-07-23,23063.57,23318.67,23063.57,23318.67,1861,876,47.07146695325094,22756.001,291.334594961819,0.012493619703088514,0.014267383472100364,22211.1,False,True,False,False,False
2025-07-24,23373.67,23455.09,23295.31,23373.73,1858,866,46.60925726587728,22800.070499999998,281.93783817883184,0.012062167149994111,0.014218126313285576,22513.35,False,True,False,False,False
2025-07-25,23454.59,23485.56,23308.45,23364.38,1855,870,46.900269541778975,22839.285499999998,274.4501354517725,0.011746519079546406,0.014086742608394594,22525.66,False,True,False,False,False
2025-07-28,23477.1,23564.44,23350.73,23412.98,1851,885,47.811993517017825,22897.133500000004,270.11155434807443,0.011536829329204332,0.01392291924762976,22525.66,False,True,False,False,False
2025-07-29,23414.36,23422.17,23094.67,23201.52,1852,793,42.81857451403888,22929.5235,274.2107290374977,0.011818653650170234,0.013841049801353287,22588.26,False,True,False,False,False
2025-07-30,23288.72,23461.72,23264.64,23461.72,1842,863,46.85124864277959,22973.7225,273.2099626776765,0.01164492469766396,0.01379156421554471,22923.12,False,True,False,False,False
2025-07-31,23523.59,23631.11,23454.44,23542.52,1848,793,42.91125541125541,23015.2,266.3142510578426,0.01131205372482821,0.013763599752759228,22923.37,False,True,False,False,False
2025-08-01,23318.37,23484.21,23168.27,23434.38,1859,851,45.77729962345347,23059.544,274.02394741085385,0.011693245027641177,0.01368985476031891,22985.9,False,True,False,False,False
2025-08-04,23260.18,23378.94,23151.65,23378.94,1851,933,50.405186385737444,23107.055,274.6458083100785,0.011747573170985447,0.013617450967205912,22985.9,False,False,False,False,False
2025-08-05,23498.4,23671.84,23498.4,23660.59,1867,1048,56.1328334226031,23171.970999999998,275.949679145073,0.011662840155087974,0.013574337506436723,22985.9,False,False,False,False,False
2025-08-06,23443.36,23557.49,23433.53,23447.36,1865,1045,56.03217158176944,23217.9885,272.4575592061393,0.011619967416636214,0.013529225655638761,23063.57,False,False,False,False,False
2025-08-07,23717.35,24050.54,23717.35,24003.77,1868,1024,54.81798715203426,23283.5145,296.0805906914151,0.012334753694582772,0.013513092612581176,23094.67,False,False,False,False,False
2025-08-08,24026.65,24131.46,23967.99,24021.26,1865,1018,54.58445040214477,23347.026,286.6084056420281,0.01193144762772761,0.013488970378762441,23094.67,False,False,False,False,False
2025-08-11,23980.39,24249.05,23887.25,24135.5,1861,976,52.44492208490059,23423.0525,291.9792338104546,0.012097500934741547,0.013432813512432985,23094.67,False,False,False,False,False
2025-08-12,24182.84,24263.92,24065.43,24158.36,1866,997,53.429796355841376,23489.1735,285.30143139542196,0.011809635728394724,0.013368382431930278,23094.67,False,False,False,False,False
2025-08-13,24232.04,24406.94,24172.19,24370.02,1871,1030,55.05077498663816,23555.5295,282.67847201003457,0.011599435372233366,0.01332146092643477,23151.65,False,False,False,False,False
2025-08-14,24258.5,24389.51,24198.88,24238.1,1873,1054,56.27335824879872,23611.770500000002,276.1035811521748,0.011391304646493529,0.013272456626817721,23151.65,False,False,False,False,False
2025-08-15,24266.23,24385.56,24164.43,24334.48,1874,1083,57.79082177161152,23659.338,272.17689678416235,0.011184824856917524,0.013240052634232731,23151.65,False,False,False,False,False
2025-08-18,24272.55,24515.65,24257.3,24482.52,1871,1111,59.38001068947087,23716.435999999998,271.18926129957947,0.011076852435924874,0.013217638265327496,23151.65,False,False,False,False,False
2025-08-19,24493.92,24551.42,24324.29,24353.5,1875,1070,57.06666666666666,23784.715,268.0421712067522,0.011006310025530302,0.01318321619312296,23433.53,False,False,False,False,False
2025-08-20,24309.27,24309.27,23620.24,23625.44,1868,951,50.91006423982869,23800.0535,301.2720161205555,0.01275201715271993,0.013079902825798751,23433.53,False,False,False,False,False
2025-08-21,23739.83,24011.5,23739.83,23962.13,1881,1053,55.980861244019145,23829.4735,307.3283006833731,0.01282558356387237,0.012873847556100885,23620.24,False,False,False,False,False
2025-08-22,24033.02,24071.65,23764.47,23764.47,1867,1030,55.16871987145152,23849.478,307.3177077774179,0.012931814081164778,0.0127895077969877,23620.24,False,False,False,False,False
2025-08-25,24108.81,24362.02,24108.75,24277.38,1879,1076,57.264502394890904,23892.697999999997,328.0485857933166,0.013512520123395383,0.0127895077969877,23620.24,False,False,False,False,False
2025-08-26,24237.36,24382.42,24113.03,24305.1,1876,1066,56.823027718550115,23947.877,323.85868680807965,0.01332472142916835,0.0127895077969877,23620.24,False,False,False,False,False
2025-08-27,24449.81,24539.88,24410.08,24519.9,1878,1124,59.850905218317365,24000.786,317.4959234646456,0.012948499931265853,0.0127895077969877,23620.24,False,False,False,False,False
2025-08-28,24468.12,24502.37,24236.45,24236.45,1874,1157,61.73959445037354,24035.482500000002,315.06407178859956,0.012999596549354363,0.0127895077969877,23620.24,False,False,False,False,False
2025-08-29,24438.03,24570.15,24233.1,24233.1,1870,1143,61.12299465240641,24075.4185,316.6344952322712,0.013066198514934995,0.0127895077969877,23620.24,False,False,False,False,False
2025-09-01,24143.37,24312.83,23885.41,24071.73,1874,1043,55.65635005336179,24110.058,324.5477455728234,0.013482526830137401,0.0127895077969877,23620.24,False,False,False,False,False
2025-09-02,24113.9,24295.03,23890.33,24016.78,1864,998,53.54077253218884,24127.8675,330.2729066033358,0.013751756338832093,0.0127895077969877,23620.24,False,False,False,False,False
2025-09-03,24036.88,24103.23,23925.49,24100.3,1875,1065,56.8,24160.514499999997,319.37769898881163,0.013252021717107739,0.0127895077969877,23620.24,True,False,False,False,False
2025-09-04,24235.27,24389.35,24168.16,24179.85,1872,1175,62.76709401709402,24169.3185,317.211434775325,0.01311883385444182,0.0127895077969877,23739.83,False,False,False,False,False
2025-09-05,24244.26,24494.58,24244.26,24494.58,1872,1185,63.30128205128205,24192.9845,317.0341894342306,0.012943034313477944,0.0127895077969877,23764.47,False,False,False,False,False
2025-09-08,24610.85,24729.96,24547.38,24547.38,1872,1202,64.20940170940172,24213.578499999996,311.2017473317854,0.012677595219195913,0.0127895077969877,23885.41,False,False,False,False,False
2025-09-09,24650.46,24880.07,24650.46,24855.18,1874,1166,62.21985058697972,24248.4195,312.736622522372,0.012582351949266591,0.01275272459141148,23885.41,False,False,False,False,False
2025-09-10,25032.88,25272.23,25032.88,25192.59,1874,1153,61.52614727854856,24289.548,320.18757805648823,0.012709593497789955,0.012714806185957921,23885.41,False,False,False,False,False
2025-09-11,25509.3,25541.44,25174.13,25215.71,1876,1012,53.94456289978679,24338.4285,323.5534653381675,0.01283142395507275,0.012693594358492934,23885.41,False,False,False,False,False
2025-09-12,25349.7,25492.28,25349.7,25474.64,1880,1067,56.75531914893617,24395.436500000003,320.1975035282984,0.012569265101618645,0.012693594358492934,23885.41,False,False,False,False,False
2025-09-15,25494.1,25519.94,25284.17,25357.16,1866,1018,54.555198285101824,24439.1685,314.1669675619914,0.012389674851678634,0.012629973584231253,23885.41,False,False,False,False,False
2025-09-16,25335.46,25664.81,25335.46,25629.64,1867,1052,56.347080878414566,24502.9755,315.25146987899217,0.012300269136788194,0.012575808525442617,23890.33,False,False,False,False,False
2025-09-17,25543.91,25632.07,25422.96,25438.25,1870,1051,56.20320855614973,24593.616,307.66993631620704,0.012094776028862326,0.012555374765157397,23925.49,False,False,False,False,False
2025-09-18,25543.17,25769.36,25475.25,25769.36,1868,1105,59.1541755888651,24683.9775,309.34422657933516,0.012004342621599261,0.012517552065892331,24168.16,False,False,False,False,False
2025-09-19,25794.66,25864.01,25578.37,25578.37,1872,1129,60.309829059829056,24774.6725,307.6510675379541,0.012027782362126831,0.012441647277383575,24244.26,False,False,False,False,False
2025-09-22,25599.6,25887.69,25599.6,25880.6,1868,1106,59.20770877944326,24854.8335,307.7702769995288,0.011891929746587359,0.012364854278487245,24547.38,False,False,False,False,False
2025-09-23,26121.0,26307.3,26041.69,26247.37,1878,1057,56.28328008519702,24951.946999999996,316.2652572138482,0.012049407510689574,0.012337393699939313,24650.46,False,False,False,False,False
2025-09-24,26389.16,26394.03,26045.47,26196.73,1865,1052,56.40750670241287,25035.788500000002,318.572024555716,0.01216075535212662,0.012317511415685482,25032.88,False,False,False,False,False
2025-09-25,26067.97,26247.85,26023.85,26023.85,1855,1068,57.57412398921833,25125.158499999998,311.81687994459344,0.01198196577157467,0.012269817051458194,25174.13,False,False,False,False,False
2025-09-26,25998.28,25998.28,25469.04,25580.32,1861,894,48.03868887694788,25192.519500000002,329.17353137712234,0.012868233523940372,0.012216396275108763,25284.17,False,False,False,False,False
2025-09-30,25738.31,25975.84,25738.31,25820.54,1858,994,53.498385360602796,25279.96,333.91256485018505,0.012932051957479783,0.012216396275108763,25284.17,False,False,False,False,False
2025-10-01,26078.29,26325.79,25982.91,25982.91,1864,966,51.824034334763944,25378.2665,346.15095307517186,0.013322255015899754,0.012216396275108763,25335.46,False,False,False,False,False
2025-10-02,26392.31,26489.79,26330.25,26378.39,1860,921,49.516129032258064,25492.171000000002,357.6315992840882,0.013557749327540013,0.012216396275108763,25422.96,False,False,False,False,False
2025-10-03,26435.1,26761.06,26410.03,26761.06,1867,900,48.205677557579,25621.2315,359.4200564780821,0.013430710759517076,0.012216396275108763,25469.04,False,False,False,False,False
2025-10-07,27029.28,27301.42,27017.08,27211.95,1870,924,49.411764705882355,25757.1,372.3443381582188,0.01368311856218385,0.012216396275108763,25469.04,False,True,False,False,False
2025-10-08,26999.82,27110.43,26883.99,27063.68,1860,904,48.60215053763441,25882.915,369.1740282897745,0.013640939749870473,0.012216396275108763,25469.04,False,True,False,False,False
2025-10-09,27301.61,27463.12,27253.07,27301.92,1871,899,48.04917156600748,26005.252,371.3358834119334,0.013601090451218576,0.012246848360438762,25469.04,False,True,False,False,False
2025-10-13,26762.6,26965.72,26470.44,26923.42,1863,795,42.673107890499196,26091.7935,404.203320311081,0.01501307487351462,0.012317511415685482,25469.04,False,True,False,False,False
2025-10-14,27282.1,27507.16,26764.06,26793.15,1867,693,37.11837171933583,26170.6655,428.4102260031465,0.015989543073626895,0.012362214273130702,25469.04,False,True,False,False,False
2025-10-15,26911.05,27275.71,26773.15,27275.71,1863,715,38.37895866881374,26260.719,433.706638431493,0.015900837720869337,0.012441647277383575,25469.04,False,True,False,False,False
2025-10-16,27337.32,27732.78,27337.32,27647.87,1872,773,41.29273504273504,26375.2545,435.3754499721006,0.015747160630171533,0.012517552065892331,25738.31,False,True,False,False,False
2025-10-17,27399.91,27513.09,27302.37,27302.37,1858,766,41.227125941872984,26458.890999999996,428.95577497409346,0.015711301801788397,0.012555374765157397,25982.91,False,True,False,False,False
2025-10-20,27480.44,27768.27,27412.45,27688.63,1865,753,40.37533512064343,26571.409999999996,431.59464819022975,0.015587432393376984,0.012575808525442617,26330.25,False,True,False,False,False
2025-10-21,27742.55,27969.05,27742.55,27752.41,1872,787,42.04059829059829,26670.5625,420.79645903378463,0.015162519544565125,0.012629973584231253,26410.03,False,True,False,False,False
2025-10-22,27614.11,27725.83,27490.89,27648.91,1859,840,45.18558364712211,26774.089500000002,409.41956910280004,0.014807801432418133,0.012693594358492934,26470.44,False,True,False,False,False
2025-10-23,27457.07,27586.85,27371.67,27532.26,1866,811,43.461950696677384,26856.672500000004,399.978171309743,0.01452761855763904,0.012730805325254942,26470.44,False,True,False,False,False
2025-10-27,28029.88,28196.33,27993.63,27993.63,1870,792,42.35294117647059,26943.985500000003,418.8418733590473,0.014962042198851928,0.01278880035829615,26470.44,False,True,False,False,False
2025-10-28,28041.01,28087.93,27885.62,27949.11,1870,724,38.71657754010695,27031.604499999998,403.37531097625833,0.01443249216079719,0.01282850375947256,26470.44,False,True,False,False,False
2025-10-29,28157.91,28395.31,28139.65,28294.74,1868,712,38.11563169164882,27145.148999999998,406.43421733509706,0.01436430295295511,0.01284982873950656,26764.06,False,True,False,False,False
2025-10-30,28350.24,28527.68,28116.6,28287.53,1865,689,36.943699731903486,27280.509499999996,406.76605895401883,0.014379695185617792,0.012900023802552575,26773.15,False,True,False,False,False
2025-10-31,28280.47,28489.76,28233.35,28233.35,1869,669,35.79454253611557,27401.15,396.0263404573032,0.014026898701617174,0.01293193301932228,27302.37,False,True,False,False,False
2025-11-03,28253.53,28494.99,28150.45,28334.59,1863,674,36.178207192699944,27518.733999999997,392.34874471035306,0.01384698859981221,0.012937543135478864,27302.37,False,True,False,False,False
2025-11-04,28364.76,28554.61,28033.62,28116.56,1851,591,31.92868719611021,27605.642499999998,401.5374058024708,0.014281171160428971,0.012945767122371898,27371.67,False,True,False,False,False
2025-11-05,27785.91,27799.09,27373.05,27717.06,1853,572,30.868861305990286,27653.442500000005,425.96401967372304,0.015368297347327711,0.012974048240310107,27371.67,False,True,False,False,False
2025-11-06,27906.44,28061.53,27879.7,27899.45,1861,642,34.49758194519076,27687.817499999997,420.14301826845696,0.015059186409354197,0.013032897532144679,27371.67,False,True,False,False,False
2025-11-07,27818.54,27818.54,27621.48,27651.41,1855,614,33.099730458221025,27717.204000000005,409.987802677853,0.014827012534907008,0.013092516184688407,27371.67,False,True,False,False,False
2025-11-10,27805.47,27976.89,27680.51,27869.51,1854,578,31.175836030204962,27745.5835,403.9515310580063,0.014494389426222647,0.013185427785774778,27373.05,False,True,False,False,False
2025-11-11,28031.54,28187.7,27784.95,27784.95,1867,579,31.012319228709156,27788.659999999996,403.86570741100587,0.014535412423308513,0.013287138366503746,27373.05,False,True,False,False,False
2025-11-12,27853.47,28071.76,27799.92,27947.09,1861,644,34.60505104782375,27846.357,395.50458545307674,0.01415190581391754,0.013323488222534052,27373.05,False,True,False,False,False
2025-11-13,27867.59,28038.24,27811.81,27903.56,1864,669,35.89055793991417,27877.749499999998,383.42782934928556,0.013741179596771362,0.013377716094342712,27373.05,False,True,False,False,False
2025-11-14,27816.45,27816.45,27383.34,27397.5,1862,621,33.35123523093448,27865.231,393.1986986814795,0.014351626925138408,0.013456618794827239,27373.05,False,True,False,False,False
2025-11-17,27600.74,27723.77,27447.31,27447.31,1869,567,30.337078651685395,27872.477999999996,388.4180773470881,0.014151407819093678,0.013497523476766391,27373.05,False,True,False,False,False
2025-11-18,27310.4,27310.4,26756.12,26756.12,1860,435,23.387096774193548,27825.852499999997,410.04464325086775,0.015325265518724979,0.013535134725467697,27373.05,True,True,False,False,True
2025-11-19,26708.28,26902.97,26580.12,26580.12,1861,423,22.729715206878023,27767.238,403.81645444723455,0.01519242405403868,0.013579419889379295,26756.12,True,True,False,False,True
2025-11-20,27212.91,27493.63,27183.03,27426.36,1856,487,26.239224137931032,27756.1105,440.22313627243227,0.016051095962877765,0.013621015100544524,26580.12,True,True,False,False,True
2025-11-21,26821.97,26821.97,26395.98,26434.94,1855,405,21.83288409703504,27701.2445,482.3771979672586,0.018247712987707127,0.01366202915602716,26580.12,True,True,False,False,True
2025-11-24,26596.03,26764.13,26482.33,26504.24,1861,468,25.14777001612036,27626.775,471.43525525531174,0.01778716368608614,0.013712149079477605,26395.98,True,True,False,False,True
2025-11-25,26995.9,27118.02,26793.71,26912.17,1862,500,26.852846401718583,27574.928000000004,481.60273702278937,0.017895351323315413,0.013746467967801728,26395.98,True,True,False,False,True
2025-11-26,27063.17,27409.54,27063.17,27409.54,1870,583,31.176470588235293,27530.667999999998,482.7289700925903,0.017611713662199012,0.013799372469322151,26395.98,True,True,False,False,True
2025-11-27,27517.24,27659.06,27436.59,27554.53,1855,623,33.58490566037736,27494.018,466.0711865145482,0.01691450322377294,0.01393694365071469,26395.98,False,True,False,False,False
2025-11-28,27566.12,27796.9,27566.12,27626.48,1861,665,35.73347662547018,27463.6745,450.09253033493775,0.01629206943247702,0.014089153260355425,26395.98,False,True,False,False,False
2025-12-01,27674.16,27697.06,27342.53,27342.53,1855,639,34.44743935309973,27414.071500000002,443.26663531101383,0.016211617407424033,0.014151656816505608,26395.98,False,True,False,False,False
2025-12-02,27550.35,27741.89,27477.1,27564.27,1861,689,37.02310585706609,27386.457000000002,440.1304470745129,0.01596742620336083,0.014216538487173256,26395.98,False,True,False,False,False
2025-12-03,27605.63,27847.67,27605.63,27793.04,1860,729,39.19354838709677,27390.256,428.935415140619,0.015433195330220048,0.01431639904278369,26395.98,False,True,False,False,False
2025-12-04,27773.42,27880.23,27636.63,27795.71,1858,760,40.90419806243272,27385.069,415.69717120200323,0.014955443527148731,0.014357964939046758,26395.98,False,True,False,False,False
2025-12-05,27796.43,27980.89,27738.5,27980.89,1858,735,39.55866523143165,27401.542999999998,403.3180875447173,0.014414055004852143,0.014371999069286451,26395.98,False,True,False,False,False
2025-12-08,28034.0,28303.78,28026.39,28303.78,1859,740,39.80634749865519,27423.2565,397.57322414866604,0.014046647626170994,0.014396875095234967,26482.33,False,True,False,False,False
2025-12-09,28364.04,28390.24,28157.27,28182.6,1858,746,40.15069967707212,27443.139000000003,385.81585099519,0.013689860090807448,0.014396875095234967,26793.71,False,True,False,False,False
2025-12-10,28190.76,28417.09,28190.76,28400.73,1865,740,39.67828418230563,27465.821000000004,375.00686163839083,0.01320412755722796,0.014396875095234967,27063.17,False,True,False,False,False
2025-12-11,28385.23,28568.02,27984.19,28024.75,1863,705,37.84219001610306,27471.8805,389.9228000927916,0.013913515734941135,0.014396875095234967,27342.53,False,True,False,False,False
2025-12-12,28097.54,28272.06,28071.34,28198.02,1863,745,39.98926462694578,27511.9065,379.7361715147352,0.013466767223894982,0.014396875095234967,27342.53,False,True,False,False,False
2025-12-15,28119.79,28119.79,27684.87,27866.94,1863,773,41.4922168545357,27532.888,389.26573069225424,0.01396872892008431,0.014396875095234967,27342.53,False,True,False,False,False
2025-12-16,27721.1,27740.66,27355.67,27536.66,1873,702,37.47997864388681,27571.914999999997,397.9803213570932,0.014452744862924305,0.014396875095234967,27477.1,False,True,False,False,False
2025-12-17,27596.18,27780.69,27469.6,27525.17,1866,698,37.40621650589496,27619.1675,391.7738698315866,0.014233295192421577,0.014423273582824667,27355.67,False,True,False,False,False
2025-12-18,27447.45,27569.44,27350.77,27468.53,1859,685,36.84776761699838,27621.276,379.4093077007588,0.013812508630813474,0.014423273582824667,27355.67,True,True,False,False,True
2025-12-19,27685.74,27869.78,27672.05,27696.35,1867,757,40.54633101231923,27684.346500000003,380.9693571507046,0.013755218906126786,0.014423273582824667,27350.77,False,True,False,False,False
2025-12-22,27986.66,28168.75,27986.66,28149.64,1863,835,44.82018250134192,27766.616499999996,387.50011735422584,0.01376572195432076,0.014423273582824667,27350.77,False,True,False,False,False
2025-12-23,28253.14,28350.37,28212.84,28310.47,1865,829,44.45040214477211,27836.5315,374.1593946860668,0.013216290463777773,0.014423273582824667,27350.77,False,True,False,False,False
2025-12-24,28383.61,28486.38,28280.59,28371.98,1865,825,44.23592493297587,27884.653499999997,362.1330093513478,0.012763755273736547,0.014423273582824667,27350.77,False,True,False,False,False
2025-12-26,28443.48,28590.91,28404.34,28556.02,1864,829,44.47424892703863,27934.727999999996,351.9042229691087,0.012323293756241544,0.014423273582824667,27350.77,False,True,False,False,False
2025-12-29,28662.79,28841.64,28595.35,28810.89,1871,887,47.40780331373597,27993.9485,347.1696356141723,0.012049944851206343,0.014423273582824667,27350.77,False,True,False,False,False
2025-12-30,28723.82,28833.03,28553.64,28707.13,1864,840,45.06437768240343,28062.178499999998,342.3282330703028,0.011924850483845052,0.014423273582824667,27350.77,False,True,False,False,False
2025-12-31,28723.49,29009.81,28687.9,28963.6,1876,849,45.25586353944563,28132.145,340.86978785099546,0.01176890261745762,0.014423273582824667,27350.77,False,True,False,False,False
2026-01-02,29016.68,29363.43,29007.75,29349.81,1876,875,46.64179104477612,28209.983500000002,345.0812315759245,0.011757528637354875,0.014423273582824667,27350.77,False,True,False,False,False
2026-01-05,29779.7,30339.32,29779.7,30105.04,1883,772,40.99840679766331,28325.45,391.1118578919298,0.012991574098288185,0.014423273582824667,27350.77,False,True,False,False,False
2026-01-06,29933.65,30576.3,29933.65,30576.3,1881,833,44.2849548112706,28455.220500000003,409.0788680425061,0.013378952588851696,0.014423273582824667,27672.05,False,True,False,False,False
2026-01-07,30412.32,30570.26,30306.16,30435.47,1880,933,49.62765957446808,28561.805,399.15466318232706,0.013114785583476353,0.014423273582824667,27986.66,False,True,False,False,False
2026-01-08,30330.58,30593.49,30268.36,30360.55,1877,887,47.2562599893447,28670.702500000003,393.86718724073233,0.012972992493243117,0.014423273582824667,28212.84,False,True,False,False,False
2026-01-09,30370.45,30500.42,29925.49,30288.96,1873,902,48.15803523758676,28765.114,406.80024529496546,0.013430644211454124,0.014396875095234967,28280.59,False,True,False,False,False
2026-01-12,30472.7,30681.99,30472.7,30567.29,1887,1007,53.36512983571807,28892.241,405.8166563453252,0.013276173855952726,0.014371999069286451,28404.34,False,False,False,False,False
2026-01-13,30630.86,30973.85,30529.33,30707.22,1883,969,51.46043547530537,29017.701,408.5811808920875,0.013305704029608916,0.014357964939046758,28553.64,False,False,False,False,False
2026-01-14,30742.53,30994.81,30742.53,30941.78,1889,1144,60.56114346214928,29171.443,399.93895368550983,0.012925531552661478,0.01431639904278369,28553.64,False,False,False,False,False
2026-01-15,30746.98,30877.31,30663.87,30810.58,1890,1170,61.904761904761905,29335.139000000003,391.22259985083053,0.012697670730341023,0.014257233176425275,28687.9,False,False,False,False,False
2026-01-16,30844.63,31475.22,30844.63,31408.7,1888,1172,62.07627118644068,29529.315500000004,410.7524141471998,0.013077663645652311,0.014192600503169558,29007.75,False,False,False,False,False
2026-01-19,31336.77,31827.39,31285.53,31639.29,1894,1216,64.20274551214361,29737.853499999997,420.11724170811414,0.013278339738600776,0.014151656816505608,29779.7,False,False,False,False,False
2026-01-20,31584.34,31759.99,31340.1,31759.99,1883,1188,63.09081253319172,29941.035499999998,420.1010101575348,0.013227365945566569,0.014099027722632336,29925.49,False,False,False,False,False
2026-01-21,31749.14,31749.14,31200.76,31246.37,1878,1111,59.15867944621939,30095.871999999996,430.03879514628255,0.013762840136191262,0.014036773163894085,29925.49,False,False,False,False,False
2026-01-22,31371.13,31890.62,31371.13,31746.08,1891,1166,61.660497091485986,30267.652500000004,445.3395954929766,0.014028175935201342,0.013997813810850742,29925.49,False,False,False,False,False
2026-01-23,31788.77,32042.44,31693.15,31961.51,1882,1192,63.33687566418703,30447.129000000004,438.47891010062096,0.013718967285983078,0.013997813810850742,29925.49,False,False,False,False,False
2026-01-26,32002.56,32196.75,31989.86,32064.52,1891,1234,65.25647805393972,30622.553999999996,423.9618450934339,0.013222148502252144,0.013941122327512722,30472.7,False,False,False,False,False
2026-01-27,32095.08,32428.17,32095.08,32317.92,1891,1223,64.67477525118984,30797.9055,419.65385615818843,0.012985175288452612,0.013880252167376672,30529.33,False,False,False,False,False
2026-01-28,32381.76,32803.82,32381.76,32803.82,1889,1235,65.37850714663843,31002.74,424.3857235754608,0.012937082436602226,0.013829748615312842,30663.87,False,False,False,False,False
2026-01-29,32828.02,32996.03,32472.45,32536.27,1884,1149,60.98726114649682,31181.373499999998,431.4710290343563,0.013261232127541243,0.013789115292567117,30663.87,False,False,False,False,False
2026-01-30,32555.52,32555.52,32004.96,32063.75,1888,979,51.853813559322035,31317.070499999994,439.97738410333096,0.013721956542928727,0.01376428104525601,30844.63,False,False,False,False,False
2026-02-02,32008.46,32008.46,31359.95,31624.03,1885,799,42.38726790450929,31393.02,458.8218566673787,0.014508646009612903,0.013759029521159025,31200.76,False,False,False,False,False
2026-02-03,31737.66,32293.83,31737.66,32195.36,1883,855,45.40626659585767,31473.972999999998,473.8917240482805,0.014719255322763294,0.013759029521159025,31200.76,False,False,False,False,False
2026-02-04,32196.57,32380.0,31942.28,32289.81,1881,991,52.68474215842637,31566.690000000002,471.30802947340334,0.0145961846623874,0.013759029521159025,31200.76,False,False,False,False,False
2026-02-05,32241.64,32241.64,31769.08,31801.27,1883,938,49.814126394052046,31638.726000000002,474.8381702253031,0.014931421613831871,0.013759029521159025,31359.95,False,False,False,False,False
2026-02-06,31746.44,31842.62,31164.28,31782.92,1883,775,41.15772703133298,31713.424,489.37401520921003,0.015397390019834869,0.013759029521159025,31359.95,False,False,False,False,False
2026-02-09,31956.21,32666.05,31956.21,32404.62,1881,832,44.23179160021265,31805.290499999996,517.4994426942666,0.015969927828015467,0.013759029521159025,31164.28,False,True,False,False,False
2026-02-10,32439.71,33072.97,32439.71,33072.97,1891,863,45.63722897937599,31923.578,528.2744825018191,0.015972997964858283,0.01376428104525601,31164.28,False,True,False,False,False
2026-02-11,33086.15,33707.83,33071.67,33605.71,1896,893,47.09915611814346,32056.7745,535.9805908945466,0.015949092903990023,0.01376428104525601,31164.28,False,True,False,False,False
2026-02-23,33663.02,34212.38,33663.02,33773.26,1901,1096,57.653866386112576,32204.9085,541.0298344020788,0.016019473228290036,0.01376428104525601,31164.28,False,False,False,False,False
2026-02-24,34020.71,34786.42,33987.51,34700.82,1899,1095,57.66192733017378,32369.514499999997,574.7534176590729,0.01656310766313513,0.01376428104525601,31164.28,False,False,False,False,False
2026-02-25,34753.31,35521.54,34753.31,35413.07,1900,1093,57.52631578947368,32558.203500000003,592.3224592548535,0.016726097433937624,0.01376428104525601,31164.28,False,False,False,False,False
2026-02-26,35457.76,35579.34,35171.52,35414.49,1903,1135,59.64266946925907,32740.9285,579.143712165221,0.016353298103833236,0.01376428104525601,31164.28,False,False,False,False,False
2026-03-02,35277.48,35345.72,34605.36,35095.09,1899,1094,57.60926803580833,32933.3645,595.5713041534193,0.016970217319671195,0.01376428104525601,31164.28,False,False,False,False,False
2026-03-03,35106.22,35264.59,34323.65,34323.65,1905,950,49.86876640419948,33062.243,620.240496713889,0.01807035372735385,0.01376428104525601,31164.28,False,False,False,False,False
2026-03-04,34228.75,34228.75,32828.88,32828.88,1904,614,32.247899159663866,33105.6115,682.7068898057543,0.0207959238879229,0.01376428104525601,31164.28,False,False,False,False,False
2026-03-05,33620.74,34319.68,33472.91,33672.94,1903,751,39.4640042038886,33186.0325,740.4278262482005,0.021988808409607253,0.01376428104525601,31956.21,False,True,False,False,False
2026-03-06,33483.94,33829.49,33322.52,33599.54,1898,821,43.256059009483664,33250.1135,723.7522672304721,0.021540540948788944,0.01376428104525601,32439.71,False,True,False,False,False
2026-03-09,32354.61,32354.61,31529.36,32110.42,1897,535,28.202424881391668,33215.443499999994,819.9256767140098,0.025534567181432377,0.01376428104525601,32828.88,False,True,True,True,True
2026-03-10,32692.37,33256.69,32455.2,32771.87,1902,631,33.175604626708726,33227.22350000001,843.2359855201522,0.025730481218195732,0.01376428104525601,31529.36,False,True,False,True,True
2026-03-11,33128.49,34218.66,33128.49,34114.19,1903,797,41.8812401471361,33329.745500000005,886.3469865544272,0.025981768482687913,0.01376428104525601,31529.36,False,True,False,False,False
2026-03-12,33816.15,34019.48,33458.64,33581.86,1898,758,39.93677555321391,33427.637,869.8614875148254,0.025902719132139356,0.01376428104525601,31529.36,False,True,False,False,False
2026-03-13,33215.78,33639.18,33013.46,33400.32,1902,771,40.536277602523654,33487.885,852.422809835195,0.025521396496656173,0.01376428104525601,31529.36,False,True,False,False,False
2026-03-16,33541.25,33765.81,33278.06,33342.51,1902,799,42.008412197686646,33540.520000000004,826.3747519898241,0.024784419409031415,0.01376428104525601,31529.36,False,True,False,False,False
2026-03-17,33380.84,34008.7,33380.84,33836.57,1906,870,45.64533053515215,33642.284999999996,814.9329839905505,0.024084385148688253,0.01376428104525601,31529.36,False,True,False,False,False
2026-03-18,33929.28,34423.66,33929.28,34348.58,1910,901,47.17277486910994,33770.568,798.6584851340829,0.023251572121295343,0.013789115292567117,31529.36,False,True,False,False,False
2026-03-19,34279.12,34279.12,33663.78,33689.68,1903,830,43.615344193378874,33834.821,790.5257361959342,0.0234649226764972,0.013863012182877305,31529.36,False,True,False,False,False
2026-03-20,33719.85,33989.18,33379.24,33543.88,1901,842,44.292477643345606,33858.3665,777.6267550390819,0.023182373507151886,0.013890618775448893,31529.36,False,True,False,False,False
2026-03-23,33334.0,33334.0,32461.09,32722.5,1907,717,37.598321971683276,33814.206,799.4241296791472,0.02443041117515921,0.013998452427642825,31529.36,True,True,False,False,True
2026-03-24,33062.89,33361.46,32434.54,32612.24,1903,699,36.73147661586968,33756.155,808.5309775592079,0.024792255225621052,0.01413073556381146,32455.2,True,True,False,False,True
2026-03-25,32725.27,33705.75,32725.27,33439.11,1909,800,41.906757464641174,33693.0695,828.8866220192643,0.024787939093452675,0.01413073556381146,32434.54,True,True,False,False,True
2026-03-26,33575.6,33892.56,33337.62,33337.62,1898,770,40.56902002107481,33589.297,809.3190061607451,0.024276448233579512,0.014268410972407122,32434.54,True,True,False,False,True
2026-03-27,33267.25,33267.25,32669.39,33112.59,1890,752,39.78835978835979,33474.202,799.2412200064064,0.024137079582310126,0.01455241533600015,32434.54,True,True,False,False,True
2026-03-30,33009.68,33009.68,32326.37,32518.16,1897,687,36.21507643647865,33345.3555,798.3111328630914,0.024549701854689545,0.014657719992575348,32434.54,True,True,False,False,True
2026-03-31,32419.0,32453.38,31705.99,31722.99,1908,570,29.874213836477985,33215.322499999995,799.301051944299,0.025196270967657808,0.014825338468297582,32326.37,True,True,True,True,True
2026-04-01,31892.33,33182.22,31892.33,33174.82,1917,694,36.202399582681274,33232.6195,846.4388339482776,0.02551449665584554,0.01516440581683337,31705.99,True,True,False,True,True
2026-04-02,33218.02,33497.58,32516.94,32572.43,1901,644,33.87690689110994,33177.594,856.0246315234009,0.026280649970646983,0.015673241461912447,31705.99,True,True,False,True,True
2026-04-07,32671.52,33264.22,32671.52,33229.82,1912,659,34.46652719665272,33159.108,844.2935864145866,0.02540770869100665,0.015959510366002745,31705.99,False,True,False,False,False
2026-04-08,33379.5,34761.38,33379.5,34761.38,1915,783,40.887728459530024,33291.656,893.3840445278303,0.02570047692375361,0.015971462896436875,31705.99,False,True,False,False,False
2026-04-09,34779.96,34884.45,34617.34,34861.16,1909,783,41.01623886851755,33396.1205,848.6501842044138,0.024343716164476847,0.01599623559657416,31705.99,False,True,False,False,False
2026-04-10,34950.87,35417.83,34950.87,35417.83,1913,828,43.28280188186095,33461.302500000005,827.7944567612412,0.023372252245867156,0.016186385666061634,31705.99,False,True,False,False,False
2026-04-13,35422.91,35552.49,35261.73,35457.29,1910,875,45.811518324607334,33555.074,789.4348527068665,0.022264387738230036,0.016458202883484183,31705.99,False,True,False,False,False
2026-04-14,35584.09,36341.44,35584.09,36296.12,1917,926,48.304642670839854,33699.864,796.2002203706619,0.021936235067843667,0.016644602548536377,31705.99,False,True,False,False,False
2026-04-15,36369.11,37064.16,36369.11,36722.14,1916,954,49.79123173277662,33868.845499999996,794.1887760584717,0.021626974246557303,0.01684815737680441,31705.99,False,True,False,False,False
2026-04-16,36759.53,37135.55,36751.09,37132.02,1918,1008,52.55474452554745,34033.618,766.9902920542954,0.020655765348997858,0.01752028552351252,31705.99,False,False,False,False,False
2026-04-17,37145.66,37145.66,36776.28,36804.34,1919,1035,53.9343408025013,34156.406,738.5895569075603,0.020068001678811804,0.019363059538175853,31892.33,False,False,False,False,False
2026-04-20,36850.24,37344.5,36850.24,36958.8,1918,1019,53.128258602711156,34319.862,724.4160171284492,0.019600636847745306,0.020361883513904833,32516.94,False,False,False,False,False
2026-04-21,37051.25,37781.83,37051.25,37605.11,1918,1069,55.73514077163713,34522.9235,731.4598730478456,0.019451076543795392,0.020361883513904833,32671.52,False,False,False,False,False
2026-04-22,37627.2,38096.88,37623.38,37878.47,1916,1091,56.94154488517745,34780.721999999994,714.3391678301422,0.018858712293029316,0.020361883513904833,33379.5,False,False,False,False,False
2026-04-23,37971.69,38921.95,37164.44,37714.15,1921,934,48.62051015096304,35035.8175,788.8513701279888,0.020916588869906622,0.020361883513904833,34617.34,False,False,False,False,False
2026-04-24,37862.65,38989.94,37862.65,38932.4,1912,904,47.28033472803347,35310.482,823.6327008331326,0.02115545665905859,0.02072584461846038,34950.87,False,False,False,False,False
2026-04-27,39858.19,40194.92,39607.74,39616.63,1912,845,44.19456066945607,35624.4325,854.9817936307658,0.02158138624185767,0.02085625637891476,35261.73,False,True,False,False,False
2026-04-28,39531.93,40101.23,39521.73,39521.73,1906,878,46.06505771248688,35944.889500000005,835.3045226571396,0.021135322837768984,0.021036022764482604,35584.09,False,True,False,False,False
2026-04-29,39176.24,39548.18,38896.3,39303.5,1914,886,46.29049111807733,36284.1565,822.2027710387723,0.02091932705837323,0.021145389748413786,36369.11,False,True,False,False,False
2026-04-30,39571.46,39848.22,38926.63,38926.63,1914,869,45.40229885057471,36644.3385,829.3018588217174,0.021304229490755233,0.021145389748413786,36751.09,False,True,False,False,False
2026-05-04,39228.39,40755.52,39228.39,40705.14,1922,913,47.50260145681582,37020.8545,900.7010117630232,0.02212745151504265,0.021229843074906912,36776.28,False,True,False,False,False
2026-05-05,40708.4,40885.05,40522.78,40769.29,1917,969,50.54773082942097,37430.6975,862.2416537799503,0.021149292856950667,0.021422385219772088,36850.24,False,False,False,False,False
2026-05-06,40983.04,41575.84,40616.28,41138.85,1926,954,49.532710280373834,37826.149,869.1929642242394,0.021128275686467645,0.021422385219772088,37051.25,False,False,False,False,False
2026-05-07,41259.96,42156.06,41259.96,41933.78,1923,995,51.7420696827873,38184.769,879.7656096367937,0.02097987850455632,0.021422385219772088,37164.44,False,False,False,False,False
2026-05-08,41886.03,42038.6,41132.25,41603.94,1921,992,51.63977095262884,38521.908,881.6644946627368,0.021191850931972712,0.021422385219772088,37164.44,False,False,False,False,False
2026-05-11,41714.0,42021.78,41529.25,41790.06,1928,1007,52.23029045643154,38840.5195,853.8691736153985,0.020432350985267755,0.021422385219772088,37862.65,False,False,False,False,False
2026-05-12,41880.66,42253.42,41471.57,41898.32,1929,980,50.803525142560915,39162.571,848.7249469285842,0.020256777525413532,0.021422385219772088,38896.3,False,False,False,False,False
2026-05-13,41795.92,41795.92,41014.53,41374.5,1913,935,48.87611082070047,39416.490000000005,851.2295935765426,0.02057377354594116,0.021422385219772088,38896.3,False,False,False,False,False
2026-05-14,41496.23,42205.62,41496.23,41751.75,1926,920,47.767393561786086,39667.9705,849.7931940353611,0.020353474861182132,0.021422385219772088,38896.3,False,False,False,False,False
2026-05-15,41830.42,42408.66,41016.73,41172.36,1928,884,45.850622406639005,39869.9875,888.517251604264,0.021580430453932296,0.021422385219772088,38926.63,False,True,False,False,False
2026-05-18,41095.82,41095.82,40170.17,40891.82,1922,881,45.83766909469303,40074.361500000006,896.636733632531,0.021927043932809323,0.02156048570136062,39228.39,False,True,False,False,False
2026-05-19,40883.42,40951.56,40168.51,40175.56,1919,852,44.398124022928606,40235.1995,888.5233955159213,0.02211601768627298,0.021580908347894983,40170.17,False,True,False,False,False
2026-05-20,40204.16,40439.04,39967.08,40020.82,1915,858,44.8041775456919,40355.985,858.7688672647839,0.021458052765155333,0.021604180244207488,40168.51,False,True,False,False,False
2026-05-21,40263.18,41606.91,40263.18,41368.21,1926,943,48.96157840083074,40530.472,910.7203767458711,0.022014981473597026,0.021604180244207488,39967.08,False,True,False,False,False
2026-05-22,41447.92,42357.6,41447.92,42267.97,1932,1006,52.0703933747412,40758.163,916.3396355497374,0.021679291329811612,0.021777009089683313,39967.08,False,False,False,False,False
2026-05-25,42667.87,43645.78,42667.87,43644.4,1930,1026,53.160621761658035,40993.763,949.3018044390417,0.02175082724104448,0.021803167631310467,39967.08,False,False,False,False,False
2026-05-26,43708.89,44097.63,43349.77,43525.37,1927,1010,52.41307732226258,41189.2,934.9131041219673,0.021479727894833916,0.0218389355869269,39967.08,False,False,False,False,False
2026-05-27,43842.26,44818.25,43842.26,44256.8,1927,988,51.27140633108459,41425.9535,960.4821681132552,0.02170247663891775,0.0218389355869269,39967.08,False,False,False,False,False
2026-05-28,44240.8,44954.09,43236.36,43636.44,1932,986,51.0351966873706,41642.6005,1014.5712989623081,0.023250551579420964,0.0218389355869269,39967.08,False,False,False,False,False
2026-05-29,43815.48,44933.95,43815.48,44732.94,1932,1049,54.29606625258799,41932.916000000005,1034.7812061792858,0.023132421123657102,0.021931639500326495,39967.08,False,False,False,False,False
2026-06-01,44872.82,45931.1,44872.82,45337.91,1931,1134,58.7260486794407,42164.5545,1046.4511200236223,0.023081150410850924,0.02196252173872546,39967.08,False,False,False,False,False
2026-06-02,45388.93,45915.92,44869.38,45557.31,1928,1179,61.15145228215768,42403.9555,1046.4574685933635,0.02297013297302592,0.022001894941602138,39967.08,False,False,False,False,False
2026-06-03,45660.46,46552.16,45660.46,46459.16,1933,1294,66.94257630625971,42669.971000000005,1042.7712208366952,0.02244490044238198,0.022065499579935005,39967.08,False,False,False,False,False
2026-06-04,46364.07,46364.07,45677.46,45677.46,1925,1315,68.31168831168831,42857.155,1024.1232764912172,0.02242075799510781,0.022121734600657816,40263.18,False,False,False,False,False
2026-06-05,45619.82,45619.82,44209.53,45070.94,1927,1285,66.68396471198754,43030.505,1055.8237567418446,0.023425820645006395,0.022121734600657816,41447.92,False,False,False,False,False
2026-06-08,44507.49,44507.49,42376.86,43502.78,1923,1021,53.094123764950595,43116.140999999996,1172.842059831713,0.026960163461546893,0.022121734600657816,42667.87,False,False,False,False,False
2026-06-09,43687.62,44821.71,43687.62,44704.44,1924,1126,58.52390852390852,43256.447,1183.2769127008764,0.0264688901751342,0.022121734600657816,42376.86,False,False,False,False,False
2026-06-10,44581.45,44676.49,43225.54,43225.54,1925,1029,53.45454545454545,43348.998999999996,1204.3928475079567,0.02786299135899648,0.022121734600657816,42376.86,False,False,False,False,False
2026-06-11,43172.21,43463.03,42006.39,43149.46,1929,1018,52.7734577501296,43418.8845,1222.4105012573884,0.028329682486348345,0.022121734600657816,42376.86,False,False,False,False,False
2026-06-12,43587.63,44798.88,43587.63,44169.04,1924,1110,57.692307692307686,43568.7185,1252.9111797390033,0.02836627601005146,0.022121734600657816,42006.39,False,False,False,False,False
2026-06-15,44447.87,45483.63,44447.87,45396.99,1928,1195,61.981327800829874,43793.977,1257.3168097576456,0.02769603909328891,0.022121734600657816,42006.39,False,False,False,False,False
2026-06-16,45500.08,45809.19,45266.34,45809.19,1928,1145,59.38796680497925,44075.658500000005,1206.2834662035286,0.026332783142498886,0.022121734600657816,42006.39,False,False,False,False,False
2026-06-17,45685.27,45877.39,45159.51,45877.39,1924,1184,61.53846153846154,44368.487,1171.3975043318478,0.02553322027107139,0.022121734600657816,42006.39,False,False,False,False,False
2026-06-18,45972.26,46565.7,45972.26,46465.2,1924,1228,63.82536382536382,44623.3365,1136.8912540224298,0.024467585505333667,0.022121734600657816,42006.39,False,False,False,False,False
2026-06-22,46679.57,47871.19,46679.57,47741.51,1934,1242,64.21923474663909,44897.0135,1156.112593020828,0.02421608769854217,0.022121734600657816,42006.39,False,False,False,False,False
2026-06-23,47795.09,48218.87,47100.65,47100.65,1926,1151,59.761163032191064,45069.826,1153.405979233626,0.024488111718917384,0.022121734600657816,42006.39,False,False,False,False,False
2026-06-24,46909.98,46909.98,45819.71,46043.6,1926,1162,60.33229491173417,45195.7375,1162.5155521455101,0.025248146368778944,0.022121734600657816,42006.39,False,False,False,False,False
2026-06-25,46339.68,46785.45,46048.7,46255.26,1927,1139,59.10742086144266,45295.6605,1132.468012706545,0.024483010423172306,0.022121734600657816,42006.39,False,False,False,False,False
2026-06-26,46188.6,46188.6,44454.22,44571.76,1926,878,45.586708203530634,45342.4265,1180.2231546560777,0.02647916875295204,0.022121734600657816,42006.39,False,False,False,False,False
2026-06-29,44594.81,45521.63,44594.81,44999.9,1924,958,49.79209979209979,45355.7745,1163.7693578949288,0.02586159875677343,0.022121734600657816,43587.63,False,False,False,False,False
2026-06-30,45165.8,46637.86,45165.8,46125.91,1928,1053,54.6161825726141,45395.17450000001,1197.640118045291,0.02596458515496585,0.022121734600657816,44447.87,False,False,False,False,False
2026-07-01,46234.7,47293.1,46234.7,47018.99,1928,1041,53.99377593360995,45468.2585,1195.4651096134842,0.02542515501956729,0.022121734600657816,44454.22,False,False,False,False,False
2026-07-02,46833.89,46910.31,45981.89,46744.16,1919,1125,58.62428348097968,45482.508499999996,1184.1533160696638,0.025332647245552464,0.022121734600657816,44454.22,False,False,False,False,False
2026-07-03,46545.14,46948.83,45880.69,46780.62,1932,1284,66.45962732919256,45537.6665,1175.8666506361164,0.02513576456738103,0.022121734600657816,44454.22,False,False,False,False,False
2026-07-06,46897.18,47395.3,46431.38,46556.39,1933,1301,67.30470770822555,45611.939,1160.7276041621085,0.024931649643842844,0.022121734600657816,44454.22,False,False,False,False,False
2026-07-07,46537.34,46967.04,45432.02,45479.11,1929,1104,57.23172628304821,45710.7555,1187.4627752933868,0.026110070652072718,0.022121734600657816,44454.22,False,False,False,False,False
2026-07-08,45524.69,45837.12,45036.64,45734.41,1927,1069,55.47483134405812,45762.254,1159.8211484867165,0.025359923709231548,0.022121734600657816,44454.22,False,False,False,False,False
2026-07-09,45805.62,46064.06,45352.41,45354.61,1927,1058,54.90399584846912,45868.707500000004,1127.8089235948078,0.024866467236622863,0.022121734600657816,44454.22,True,False,False,False,False
2026-07-13,45500.32,46330.91,45272.9,45380.52,1924,982,51.03950103950103,45980.2605,1122.8232861951788,0.02474240679029634,0.02227410475507523,44454.22,True,False,False,False,False
2026-07-14,45364.4,45364.4,43654.04,44737.95,1922,851,44.276795005202914,46008.706000000006,1165.9416228955229,0.026061579104440926,0.022432829218744895,44594.81,True,False,False,False,False
2026-07-15,44850.69,45881.91,44850.69,45631.59,1924,983,51.091476091476096,46020.436,1164.3715069744146,0.02551678578314748,0.022707516707703948,43654.04,True,False,False,False,False
2026-07-16,45511.98,45855.02,44970.64,45624.98,1922,953,49.583766909469304,46011.2255,1144.372113619099,0.025082139512589353,0.023025641691938423,43654.04,True,False,False,False,False
2026-07-17,45234.08,45234.08,42671.27,42671.27,1926,691,35.87746625129803,45850.9195,1273.6105340748782,0.029847026678017276,0.023106785767254015,43654.04,True,False,False,False,False
2026-07-20,42793.15,43084.51,41967.75,42449.7,1924,663,34.45945945945946,45650.1445,1262.4069244981013,0.02973888919116275,0.02319148635153903,42671.27,True,True,False,False,True
2026-07-21,42566.93,44232.87,42566.93,44232.87,1923,758,39.41757670306812,45474.7125,1299.6042870339516,0.029380962325843914,0.02333818611221368,41967.75,True,True,False,False,True
2026-07-22,44513.75,45323.75,44513.75,44825.78,1928,780,40.45643153526971,45360.969,1284.695409388669,0.02865974466899782,0.02382095417177428,41967.75,True,True,False,False,True
2026-07-23,44899.04,45089.82,44340.76,44850.81,1919,750,39.082855653986456,45301.3295,1246.435737289478,0.02779070739836088,0.02434183660193792,41967.75,True,True,False,False,True
2026-07-24,44769.39,44769.39,43607.4,43654.84,1917,716,37.35002608242045,45171.3085,1246.2196131973724,0.028547112146038618,0.024475297964252987,41967.75,True,True,False,False,True
2026-07-27,43585.92,43686.15,42969.48,43634.19,1908,698,36.58280922431866,45124.43,1208.3946408261313,0.027693756680853505,0.024485561071044847,41967.75,True,True,False,False,True
2026-07-28,43221.93,43221.93,41565.0,41603.36,1919,522,27.20166753517457,44954.602999999996,1269.8800236242648,0.030523496746999876,0.024615259254606864,41967.75,True,True,False,False,True
2026-07-29,41491.48,41698.39,39384.85,40039.18,1930,457,23.678756476683937,44650.2665,1344.4271647939602,0.033577789674862475,0.0248044370134596,41565.0,True,True,False,False,True
2026-07-30,40048.94,41155.42,39404.65,39933.3,1917,405,21.12676056338028,44295.981999999996,1373.4516530229628,0.0343936427248177,0.024899058440232852,39384.85,True,True,False,False,True
2026-07-31,41610.41,43214.36,41610.41,43119.75,1934,513,26.525336091003105,44114.7615,1509.709392092751,0.03501201635196751,0.025006894578216098,39384.85,True,True,False,False,True
2026-08-03,42780.42,43784.19,42780.42,43386.41,1917,557,29.055816379760042,43945.051,1473.5708640861262,0.033963880949959356,0.025108952039985193,39384.85,True,True,False,False,True
2026-08-04,43092.49,43912.77,42895.81,43360.66,1921,589,30.661114003123373,43785.264500000005,1440.9558023656884,0.03323186968015912,0.025191955468079986,39384.85,True,True,False,False,True
2026-08-05,43809.83,44980.31,43809.83,44611.6,1930,644,33.36787564766839,43741.889,1453.7196736252815,0.032586136198326926,0.025290396807165702,39384.85,False,True,False,False,False
2026-08-06,44487.94,44601.24,44024.32,44396.7,1927,665,34.50960041515309,43675.003500000006,1391.8311255091899,0.03134987793032342,0.025346285477392004,39384.85,False,True,False,False,False
2026-08-07,44450.19,44827.13,43941.56,44225.91,1922,691,35.95213319458897,43618.5685,1355.6696165442477,0.03065328936237259,0.02539253936439942,39384.85,False,True,False,False,False
2026-08-10,44540.71,45219.4,44540.71,44928.76,1932,772,39.958592132505174,43595.9805,1329.799643933944,0.029597960057966076,0.025470970401357387,39384.85,False,True,False,False,False
2026-08-11,44883.9,45195.41,44652.06,45120.72,1933,764,39.52405587170202,43615.11899999999,1273.6246693672342,0.028227046673174414,0.025525003027109437,39384.85,False,True,False,False,False
2026-08-12,45175.7,45529.48,45175.7,45518.07,1930,804,41.6580310880829,43609.443,1211.8486215552891,0.026623462320684712,0.02569740951392241,39384.85,False,True,False,False,False
2026-08-13,45676.54,46216.41,45676.54,46021.48,1938,800,41.279669762641895,43629.268,1175.16943430134,0.025535237769435924,0.02591309195586964,39404.65,False,True,False,False,False
2026-08-14,46103.81,46402.6,45798.31,45811.01,1930,743,38.49740932642487,43786.255,1134.3923318512445,0.024762438807859607,0.02591309195586964,41610.41,False,True,False,False,False
2026-08-17,45841.17,46189.3,45765.07,45857.27,1935,771,39.84496124031008,43956.6335,1083.6664510047274,0.023631290109610265,0.02591309195586964,42780.42,False,True,False,False,False
2026-08-18,45922.4,46064.09,45225.42,45308.68,1923,701,36.45345813832554,44010.424,1066.1667045043896,0.023531179996953998,0.02591309195586964,42895.81,False,True,False,False,False
2026-08-19,45071.34,45071.34,44308.71,44719.35,1921,665,34.617386777719936,44005.1025,1061.438368468362,0.023735550012877242,0.02591309195586964,43809.83,False,True,False,False,False
2026-08-20,44942.01,45160.05,44446.36,44933.74,1928,747,38.7448132780083,44009.249,1036.5991992920506,0.023069506328475008,0.02591309195586964,43941.56,False,True,False,False,False
2026-08-21,44923.34,45254.84,44583.87,45224.29,1934,778,40.22750775594622,44087.7215,1010.4828279140465,0.022343807452014097,0.02591309195586964,43941.56,False,True,False,False,False
2026-08-24,45240.3,45362.3,44761.88,44762.32,1921,737,38.365434669443,44144.128000000004,981.1926259201864,0.021920057448322303,0.02591309195586964,44308.71,False,True,False,False,False
2026-08-25,44728.36,45169.46,44210.31,45169.46,1918,713,37.174139728884256,44322.433000000005,979.6181526401732,0.02168762151772842,0.02591309195586964,44308.71,False,True,False,False,False
2026-08-26,45157.64,45878.39,44925.84,45832.62,1931,818,42.36147074054894,44612.104999999996,977.6847131658753,0.02133163483051755,0.02591309195586964,44210.31,False,True,False,False,False
2026-08-27,45890.18,46401.78,45890.18,45975.22,1928,848,43.983402489626556,44914.201,948.5043765111697,0.02063077406722947,0.02591309195586964,44210.31,False,True,False,False,False
2026-08-28,46070.83,46574.52,46070.83,46331.45,1931,847,43.86328327291559,45074.78600000001,923.5612067603715,0.01993378594368127,0.02591309195586964,44210.31,False,True,False,False,False
2026-08-31,46224.69,46224.69,45450.21,46128.47,1920,814,42.395833333333336,45211.889,920.538263420345,0.01995596783115384,0.02591309195586964,44210.31,False,True,False,False,False
2026-09-01,46177.11,46948.72,46081.11,46948.72,1922,864,44.9531737773153,45391.292,916.7576731760346,0.01952678737942237,0.02591309195586964,44210.31,False,True,False,False,False
2026-09-02,46901.32,46946.6,46164.72,46164.72,1916,856,44.676409185803756,45468.948000000004,907.2749822348893,0.019652994369615786,0.02591309195586964,44210.31,False,True,False,False,False
2026-09-03,46325.48,46517.45,45839.36,45857.66,1916,747,38.987473903966595,45541.996,890.9046263609683,0.019427607652919236,0.025698418263104678,44210.31,False,True,False,False,False
2026-09-04,45991.28,46620.96,45966.86,46551.13,1918,811,42.283628779979146,45658.257,881.7900101923275,0.018942397535620027,0.02553422902025366,44210.31,False,True,False,False,False
2026-09-07,46724.0,47429.58,46724.0,47326.27,1933,814,42.11070874288671,45778.1325,881.551438035733,0.018627105792105168,0.025525003027109437,44210.31,False,True,False,False,False
2026-09-08,47335.24,47578.24,47023.73,47105.78,1923,772,40.14560582423297,45877.3855,858.1913353188945,0.018218387113405076,0.025470970401357387,44210.31,False,True,False,False,False
2026-09-09,47142.74,47548.26,47060.78,47183.36,1925,804,41.76623376623377,45960.65,831.711954224688,0.01762723032494269,0.02539253936439942,44925.84,False,True,False,False,False
2026-09-10,47130.96,47130.96,46573.47,46940.49,1913,750,39.20543648719289,46006.6005,815.8675289229246,0.017380890760256756,0.025346285477392004,45450.21,False,True,False,False,False
2026-09-11,46651.21,46651.21,45942.44,46184.85,1914,670,35.00522466039707,46025.292499999996,828.8805625712869,0.017947022943049222,0.025290396807165702,45450.21,False,True,False,False,False
2026-09-14,46010.74,46050.24,45398.43,45862.52,1916,650,33.92484342379959,46025.555,825.8476652447663,0.018007027639230604,0.025191955468079986,45450.21,False,True,False,False,False
2026-09-15,45847.27,46009.85,45491.97,45511.49,1920,600,31.25,46035.6955,803.8499748701399,0.01766257213003002,0.025191955468079986,45398.43,False,True,False,False,False
2026-09-16,45546.56,46077.82,45546.56,45848.9,1920,679,35.364583333333336,46092.172999999995,786.8842623794159,0.017162554878730262,0.025191955468079986,45398.43,True,True,False,False,True
2026-09-17,45936.11,46874.84,45936.11,46288.0,1920,778,40.520833333333336,46159.886,803.9596722094573,0.01736864138025962,0.025191955468079986,45398.43,False,True,False,False,False
2026-09-18,46449.56,47180.75,46449.56,47180.75,1919,861,44.867118290776446,46257.709,810.3018384802102,0.017174416228657032,0.025108952039985193,45398.43,False,True,False,False,False
2026-09-21,47207.3,47750.98,47207.3,47718.84,1925,912,47.37662337662338,46405.534999999996,793.1538500173383,0.016621398383056638,0.025108952039985193,45398.43,False,True,False,False,False
2026-09-22,47981.04,48601.53,47800.17,47800.17,1921,889,46.27798021863613,46537.0705,799.5492893018143,0.01672691309051441,0.025006894578216098,45398.43,False,True,False,False,False
2026-09-23,47894.77,48341.56,47894.77,48157.29,1915,873,45.587467362924286,46653.304,781.1093400659703,0.016219960468414445,0.024899058440232852,45398.43,False,True,False,False,False
2026-09-24,48075.39,48117.54,47754.72,48024.6,1915,876,45.74412532637076,46755.773,754.0708157755438,0.01570176150921702,0.024814453022241237,45398.43,False,True,False,False,False
