date,code,market,prev_close,ref_price,kind,ratio
2023-01-04,2636,上市,76.3,71.12,息,0.9321100917431193
2023-01-05,6488,上櫃,443.0,436.5,除息,0.9853273137697517
2023-01-05,6763,上櫃,396.5,391.5,除息,0.987389659520807
2023-01-06,6411,上櫃,85.5,84.35,除權,0.9865497076023391
2023-01-11,2745,上櫃,40.15,38.8,除權,0.9663760896637609
2023-01-11,6629,上櫃,48.0,47.0,除息,0.9791666666666666
2023-01-12,5483,上櫃,161.5,158.3,除息,0.980185758513932
2023-01-17,00772B,上櫃,36.49,36.34,除息,0.9958892847355441
2023-01-17,00773B,上櫃,36.35,36.19,除息,0.9955983493810178
2023-01-17,00848B,上櫃,33.42,32.99,除息,0.9871334530221424
2023-01-17,00849B,上櫃,35.33,34.98,除息,0.9900934050382111
2023-01-17,00882,上市,12.85,12.55,息,0.9766536964980546
2023-01-17,00884B,上櫃,30.55,30.2,除息,0.9885433715220949
2023-01-17,00912,上市,14.36,14.16,息,0.9860724233983288
2023-01-30,0050,上市,118.1,115.5,息,0.9779847586790855
2023-01-30,006203,上市,57.0,55.77,息,0.978421052631579
2023-01-30,00687B,上櫃,33.8,33.42,除息,0.9887573964497043
2023-01-30,00701,上市,22.65,21.99,息,0.9708609271523179
2023-01-30,00702,上市,22.19,21.9,息,0.9869310500225326
2023-01-30,00714,上市,19.43,19.31,息,0.9938239835306227
2023-01-30,00722B,上櫃,38.62,38.14,除息,0.9875712066286899
2023-01-30,00723B,上櫃,34.36,33.97,除息,0.9886495925494762
2023-01-30,00724B,上櫃,34.12,33.69,除息,0.9873974208675264
2023-01-30,00725B,上櫃,37.12,36.71,除息,0.9889547413793104
2023-01-30,00726B,上櫃,33.81,33.28,除息,0.984324164448388
2023-01-30,00727B,上櫃,37.59,37.04,除息,0.9853684490555997
2023-01-30,00735,上市,25.83,25.51,息,0.9876113046844756
2023-01-30,00736,上市,20.37,20.18,息,0.9906725576828669
2023-01-30,00744B,上櫃,43.79,43.13,除息,0.9849280657684404
2023-01-30,00749B,上櫃,31.68,31.21,除息,0.9851641414141414
2023-01-30,00750B,上櫃,35.54,35.12,除息,0.988182329769274
2023-01-30,00761B,上櫃,37.83,37.47,除息,0.9904837430610627
2023-01-30,00770,上市,30.01,27.21,息,0.906697767410863
2023-01-30,00782B,上櫃,34.28,33.77,除息,0.9851225204200701
2023-01-30,00830,上市,24.6,24.48,息,0.9951219512195122
2023-01-30,00858,上櫃,26.37,25.24,除息,0.9571482745544178
2023-01-30,00881,上市,14.41,14.06,息,0.9757113115891742
2023-01-30,00888,上櫃,13.12,12.91,除息,0.9839939024390245
2023-01-30,2243,上市,15.4,14.97,權,0.9720779220779221
2023-01-30,2731,上市,104.5,102.35,權,0.9794258373205741
2023-01-30,6613,上櫃,90.3,88.3,除息,0.9778516057585825
2023-01-31,00694B,上櫃,38.0,37.82,除息,0.9952631578947368
2023-01-31,00695B,上櫃,34.46,34.36,除息,0.9970980847359256
2023-01-31,00696B,上櫃,34.18,33.93,除息,0.9926857811585723
2023-01-31,00717,上市,15.38,15.22,息,0.9895968790637191
2023-01-31,00719B,上櫃,30.55,30.22,除息,0.9891980360065465
2023-01-31,00720B,上櫃,35.86,35.37,除息,0.9863357501394311
2023-01-31,00740B,上櫃,39.84,39.33,除息,0.9871987951807227
2023-01-31,00741B,上櫃,36.7,36.1,除息,0.9836512261580381
2023-01-31,00746B,上櫃,37.27,36.9,除息,0.9900724443251944
2023-01-31,00784B,上櫃,36.31,35.8,除息,0.9859542825667859
2023-01-31,00785B,上櫃,35.41,35.05,除息,0.9898333804010166
2023-01-31,00788B,上櫃,33.13,32.67,除息,0.9861153033504376
2023-01-31,00789B,上櫃,53.5,52.95,除息,0.9897196261682244
2023-01-31,00790B,上櫃,53.4,52.82,除息,0.9891385767790263
2023-01-31,00791B,上櫃,52.6,52.07,除息,0.9899239543726236
2023-01-31,00870B,上櫃,30.11,29.73,除息,0.9873796081036201
2023-01-31,00908,上市,14.09,13.95,息,0.9900638750887154
2023-02-01,00728,上市,23.79,22.86,息,0.9609079445145019
2023-02-01,00734B,上櫃,15.73,15.51,除息,0.9860139860139859
2023-02-01,00842B,上櫃,33.26,32.8,除息,0.9861695730607336
2023-02-01,00904,上市,11.85,11.75,息,0.9915611814345991
2023-02-01,00905,上市,9.2,8.93,息,0.9706521739130435
2023-02-02,00834B,上櫃,34.98,34.63,除息,0.9899942824471128
2023-02-02,2342,上市,41.7,40.7,息,0.9760191846522782
2023-02-07,2890,上市,17.35,17.2,權,0.9913544668587895
2023-02-07,5536,上櫃,114.0,110.58,除息,0.97
2023-02-09,3444,上櫃,70.8,68.44,除權,0.9666666666666667
2023-02-10,6026,上櫃,10.65,10.59,除權,0.9943661971830986
2023-02-13,4564,上市,24.55,24.1,權,0.9816700610997964
2023-02-13,6470,上櫃,59.9,57.92,除權,0.9669449081803005
2023-02-15,1788,上櫃,146.5,144.57,除權,0.9868259385665529
2023-02-16,00679B,上櫃,31.76,31.45,除息,0.9902392947103273
2023-02-16,00718B,上櫃,20.18,19.87,除息,0.9846382556987117
2023-02-16,00721B,上櫃,46.29,45.61,除息,0.9853100021602939
2023-02-16,00754B,上櫃,36.61,36.22,除息,0.9893471729035782
2023-02-16,00755B,上櫃,34.85,34.44,除息,0.988235294117647
2023-02-16,00756B,上櫃,32.6,32.17,除息,0.9868098159509202
2023-02-16,00771,上市,17.27,17.09,息,0.9895773016792125
2023-02-16,00772B,上櫃,35.25,35.1,除息,0.9957446808510638
2023-02-16,00773B,上櫃,36.02,35.86,除息,0.9955580233203775
2023-02-16,00780B,上櫃,35.82,35.32,除息,0.9860413176996091
2023-02-16,00786B,上櫃,33.89,33.43,除息,0.9864266745352611
2023-02-16,00794B,上櫃,40.36,39.76,除息,0.9851337958374627
2023-02-16,00795B,上櫃,32.23,31.93,除息,0.9906919019547007
2023-02-16,00799B,上櫃,33.7,33.24,除息,0.9863501483679525
2023-02-16,00840B,上櫃,31.92,31.59,除息,0.9896616541353382
2023-02-16,00841B,上櫃,31.84,31.54,除息,0.9905778894472361
2023-02-16,00845B,上櫃,31.3,30.96,除息,0.9891373801916933
2023-02-16,00846B,上櫃,32.85,32.55,除息,0.9908675799086757
2023-02-16,00847B,上櫃,28.13,27.84,除息,0.9896907216494846
2023-02-16,00860B,上櫃,36.45,36.08,除息,0.9898491083676267
2023-02-16,00878,上市,17.16,16.89,息,0.9842657342657343
2023-02-16,00890B,上櫃,33.24,32.64,除息,0.9819494584837545
2023-02-16,00891,上市,12.71,12.6,息,0.9913453973249409
2023-02-16,00894,上市,12.99,12.89,息,0.9923017705927637
2023-02-16,00900,上市,11.21,11.09,息,0.9892952720785012
2023-02-16,00907,上市,14.88,14.73,息,0.9899193548387096
2023-02-16,2540,上市,77.8,77.32,權,0.9938303341902313
2023-02-17,3017,上市,117.5,115.73,權,0.984936170212766
2023-02-20,00775B,上市,33.19,32.8,息,0.9882494727327508
2023-02-20,00844B,上櫃,31.5,31.33,除息,0.9946031746031746
2023-02-20,00867B,上櫃,31.23,30.86,除息,0.9881524175472302
2023-02-21,00913,上市,16.4,16.3,息,0.9939024390243903
2023-02-22,3484,上櫃,48.5,47.62,除權,0.9818556701030927
2023-02-23,00758B,上櫃,50.3,49.73,除息,0.9886679920477137
2023-02-23,00759B,上櫃,54.9,54.33,除息,0.9896174863387978
2023-02-23,00760B,上櫃,51.95,51.24,除息,0.9863330125120308
2023-02-23,5604,上櫃,55.9,53.9,除息,0.964221824686941
2023-02-24,3092,上市,39.0,37.75,權,0.967948717948718
2023-02-24,9934,上市,13.3,13.11,權,0.9857142857142857
2023-03-01,2867,上市,5.39,5.35,權,0.9925788497217068
2023-03-06,8033,上市,56.7,55.24,權,0.9742504409171076
2023-03-07,5278,上櫃,188.5,186.35,除息,0.9885941644562334
2023-03-09,01003T,上市,20.22,20.01,息,0.9896142433234423
2023-03-09,4966,上櫃,978.0,956.21,除息,0.977719836400818
2023-03-09,8038,上櫃,44.2,43.68,除權,0.988235294117647
2023-03-10,3533,上市,817.0,812.06,權,0.993953488372093
2023-03-13,2613,上市,24.9,23.85,息,0.957831325301205
2023-03-13,6770,上市,34.45,34.15,息,0.9912917271407836
2023-03-14,01010T,上市,10.24,10.02,息,0.9785156249999999
2023-03-15,5306,上市,149.0,146.75,息,0.9848993288590604
2023-03-15,6208,上櫃,55.3,52.6,除息,0.9511754068716095
2023-03-15,6762,上櫃,244.0,243.0,除息,0.9959016393442623
2023-03-16,00697B,上櫃,35.83,35.51,除息,0.9910689366452693
2023-03-16,00751B,上櫃,34.42,33.97,除息,0.9869262056943636
2023-03-16,00764B,上櫃,33.33,33.08,除息,0.9924992499249925
2023-03-16,00765B,上櫃,39.78,39.19,除息,0.9851684263448969
2023-03-16,00772B,上櫃,34.87,34.72,除息,0.9956983080011471
2023-03-16,00773B,上櫃,34.96,34.8,除息,0.9954233409610983
2023-03-16,00777B,上櫃,34.6,34.31,除息,0.9916184971098266
2023-03-16,00778B,上櫃,34.64,34.3,除息,0.9901847575057736
2023-03-16,00779B,上櫃,33.48,33.31,除息,0.9949223416965354
2023-03-16,00781B,上櫃,32.75,32.34,除息,0.9874809160305345
2023-03-16,00787B,上櫃,34.51,34.04,除息,0.9863807592002318
2023-03-16,00792B,上櫃,33.13,32.75,除息,0.9885300332025354
2023-03-16,00793B,上櫃,32.78,32.42,除息,0.9890176937156803
2023-03-16,00836B,上櫃,30.38,30.09,除息,0.9904542462146149
2023-03-16,00856B,上櫃,37.41,37.01,除息,0.9893076717455226
2023-03-16,00857B,上櫃,27.94,27.63,除息,0.9889047959914101
2023-03-16,00859B,上櫃,39.3,39.13,除息,0.995674300254453
2023-03-16,00862B,上櫃,31.24,30.87,除息,0.988156209987196
2023-03-16,00863B,上櫃,32.15,31.78,除息,0.9884914463452567
2023-03-16,00883B,上櫃,31.08,30.72,除息,0.9884169884169884
2023-03-16,00896,上市,14.32,14.17,息,0.9895251396648045
2023-03-16,00915,上市,16.39,16.17,息,0.9865771812080537
2023-03-16,01009T,上市,8.64,8.48,息,0.9814814814814815
2023-03-16,1259,上櫃,77.8,75.2,除息,0.9665809768637533
2023-03-16,1342,上市,153.5,148.13,息,0.9650162866449511
2023-03-16,1712,上市,40.45,37.65,息,0.9307787391841779
2023-03-16,2301,上市,74.1,71.1,息,0.9595141700404858
2023-03-16,2330,上市,511.0,508.25,息,0.9946183953033269
2023-03-16,3008,上市,2315.0,2269.0,息,0.9801295896328294
2023-03-16,5283,上市,112.0,108.0,息,0.9642857142857143
2023-03-16,6661,上櫃,22.5,22.32,除息,0.992
2023-03-16,9802,上市,130.0,128.8,息,0.9907692307692308
2023-03-17,00713,上市,39.3,38.62,息,0.9826972010178117
2023-03-17,00853B,上櫃,29.11,28.76,除息,0.9879766403297836
2023-03-17,3029,上市,54.5,50.9,息,0.9339449541284404
2023-03-17,9105,上市,4.01,3.69,權息,0.9201995012468829
2023-03-20,00831B,上櫃,37.5,37.35,除息,0.996
2023-03-21,00710B,上市,17.73,17.47,息,0.985335589396503
2023-03-21,00711B,上市,16.07,15.88,息,0.9881767268201618
2023-03-21,00712,上市,9.92,9.68,息,0.9758064516129032
2023-03-23,1313,上市,14.55,14.35,息,0.986254295532646
2023-03-23,2630,上市,19.5,19.14,息,0.9815384615384616
2023-03-23,2947,上櫃,92.0,91.0,除息,0.9891304347826086
2023-03-23,3004,上市,86.7,85.68,息,0.9882352941176471
2023-03-23,4972,上櫃,30.55,28.93,除息,0.9469721767594108
2023-03-23,6590,上櫃,80.0,76.2,除息,0.9525
2023-03-24,2430,上市,49.15,45.15,息,0.9186164801627671
2023-03-24,4583,上市,219.5,209.5,息,0.9544419134396356
2023-03-24,4770,上市,306.0,294.0,息,0.9607843137254902
2023-03-24,5225,上市,42.8,39.75,息,0.9287383177570094
2023-03-24,6235,上市,68.7,68.0,息,0.9898107714701601
2023-03-24,6415,上市,512.0,507.5,息,0.9912109375
2023-03-24,8908,上櫃,72.9,72.1,除息,0.989026063100137
2023-03-27,01004T,上市,14.65,14.44,息,0.9856655290102389
2023-03-27,6541,上市,94.1,91.81,權,0.9756641870350692
2023-03-28,5007,上市,53.9,50.9,息,0.9443413729128015
2023-03-28,6523,上櫃,109.0,107.0,除息,0.981651376146789
2023-03-29,1717,上市,32.45,31.25,息,0.9630200308166409
2023-03-29,2063,上櫃,44.7,43.2,除息,0.9664429530201343
2023-03-29,3005,上市,55.6,51.81,息,0.9318345323741007
2023-03-29,3706,上市,28.5,27.2,息,0.9543859649122807
2023-03-29,4420,上櫃,30.55,28.55,除息,0.9345335515548282
2023-03-29,6412,上市,83.0,77.1,息,0.9289156626506023
2023-03-29,6697,上櫃,42.3,40.7,除息,0.9621749408983453
2023-03-29,8401,上櫃,24.25,22.25,除息,0.9175257731958762
2023-03-29,8938,上櫃,107.0,98.03,除息,0.9161682242990654
2023-03-30,1477,上市,235.5,221.0,息,0.9384288747346072
2023-03-30,2006,上市,60.6,57.1,息,0.9422442244224423
2023-03-30,2015,上市,72.5,68.5,息,0.9448275862068966
2023-03-30,2108,上市,41.8,39.8,息,0.9521531100478469
2023-03-30,2331,上市,23.3,22.5,息,0.9656652360515021
2023-03-30,2458,上市,102.5,99.43,息,0.970048780487805
2023-03-30,2483,上市,26.25,25.25,息,0.9619047619047619
2023-03-30,2530,上市,18.35,17.93,息,0.9771117166212533
2023-03-30,2641,上櫃,20.8,19.3,除息,0.9278846153846154
2023-03-30,2732,上櫃,180.5,176.22,除息,0.9762880886426593
2023-03-30,2752,上櫃,268.5,258.5,除息,0.962756052141527
2023-03-30,2756,上櫃,149.0,146.5,除息,0.9832214765100671
2023-03-30,4105,上櫃,79.7,76.3,除息,0.9573400250941028
2023-03-30,4930,上市,29.1,27.1,息,0.9312714776632303
2023-03-30,5222,上市,187.5,184.5,息,0.984
2023-03-30,6270,上櫃,25.35,23.25,除息,0.9171597633136094
2023-03-30,6281,上市,87.8,82.8,息,0.9430523917995444
2023-03-30,6581,上市,100.5,94.0,息,0.9353233830845771
2023-03-30,6612,上櫃,126.0,125.0,除息,0.9920634920634921
2023-03-30,6752,上櫃,133.0,130.4,除息,0.9804511278195489
2023-03-30,8420,上櫃,92.7,86.73,除息,0.9355987055016182
2023-03-30,8930,上櫃,18.1,17.1,除息,0.9447513812154696
2023-03-31,6276,上櫃,22.5,21.8,除息,0.9688888888888889
2023-04-06,2065,上櫃,63.5,59.5,除息,0.937007874015748
2023-04-06,4735,上櫃,38.55,38.05,除息,0.9870298313878081
2023-04-06,5543,上櫃,51.0,50.69,除權,0.993921568627451
2023-04-06,6865,上櫃,100.0,97.2,除息,0.972
2023-04-06,8109,上櫃,91.3,87.31,除息,0.9562979189485215
2023-04-07,1217,上市,11.8,11.4,息,0.9661016949152542
2023-04-07,2884,上市,25.45,25.16,權,0.9886051080550099
2023-04-07,3003,上市,71.3,69.3,息,0.9719495091164095
2023-04-07,3211,上櫃,82.2,76.16,除息,0.9265206812652067
2023-04-07,6148,上櫃,21.2,20.45,除息,0.964622641509434
2023-04-07,8435,上櫃,64.7,60.9,除息,0.9412673879443585
2023-04-12,2070,上櫃,38.1,36.6,除息,0.9606299212598425
2023-04-13,1524,上市,26.55,25.55,息,0.9623352165725048
2023-04-13,2064,上櫃,19.5,18.5,除息,0.9487179487179487
2023-04-13,2313,上市,46.35,43.65,息,0.9417475728155339
2023-04-13,2368,上市,102.5,99.0,息,0.9658536585365853
2023-04-13,2528,上市,24.9,24.4,息,0.9799196787148594
2023-04-13,3289,上櫃,88.0,87.0,除息,0.9886363636363636
2023-04-13,4532,上市,18.9,18.0,息,0.9523809523809524
2023-04-13,5201,上櫃,26.85,26.4,除息,0.983240223463687
2023-04-13,5287,上櫃,210.0,205.5,除息,0.9785714285714285
2023-04-13,5388,上市,94.3,89.8,息,0.9522799575821845
2023-04-13,6104,上櫃,130.0,127.5,除息,0.9807692307692307
2023-04-13,6274,上櫃,71.1,67.1,除息,0.9437412095639943
2023-04-13,6732,上櫃,391.5,376.5,除息,0.9616858237547893
2023-04-13,6747,上櫃,262.0,252.9,除息,0.9652671755725191
2023-04-13,8996,上市,244.5,243.0,息,0.9938650306748467
2023-04-13,9962,上櫃,23.0,21.2,除息,0.9217391304347826
2023-04-14,1315,上市,73.9,70.4,息,0.952638700947226
2023-04-14,2109,上市,14.6,14.2,息,0.9726027397260274
2023-04-14,2382,上市,89.3,83.3,息,0.9328107502799552
2023-04-14,2496,上市,54.0,50.7,息,0.938888888888889
2023-04-14,4528,上櫃,34.4,33.1,除息,0.9622093023255814
2023-04-14,4973,上櫃,29.2,27.2,除息,0.9315068493150684
2023-04-14,5520,上櫃,61.1,57.15,除息,0.9353518821603928
2023-04-14,6294,上櫃,119.5,110.7,除息,0.9263598326359833
2023-04-14,6756,上市,235.0,227.51,息,0.968127659574468
2023-04-19,5212,上櫃,55.0,52.4,除息,0.9527272727272728
2023-04-19,8926,上市,50.4,47.48,權,0.942063492063492
2023-04-20,2324,上市,25.65,24.45,息,0.9532163742690059
2023-04-20,2535,上市,33.75,31.25,息,0.9259259259259259
2023-04-20,3665,上市,273.0,271.66,權,0.9950915750915752
2023-04-20,4207,上櫃,15.25,14.9,除息,0.9770491803278689
2023-04-20,4568,上櫃,65.5,61.7,除息,0.9419847328244275
2023-04-20,5278,上櫃,178.5,175.71,除息,0.9843697478991598
2023-04-20,6224,上市,67.5,66.0,息,0.9777777777777777
2023-04-20,6470,上櫃,74.1,70.1,除息,0.9460188933873145
2023-04-20,8027,上櫃,54.5,52.5,除息,0.963302752293578
2023-04-20,8446,上櫃,93.7,88.7,除息,0.9466382070437567
2023-04-21,0052,上市,106.15,102.15,息,0.9623174752708431
2023-04-21,00687B,上櫃,33.42,33.07,除息,0.9895272292040693
2023-04-21,00694B,上櫃,38.79,38.62,除息,0.9956174271719515
2023-04-21,00695B,上櫃,34.93,34.8,除息,0.996278270827369
2023-04-21,00696B,上櫃,33.76,33.52,除息,0.9928909952606637
2023-04-21,00714,上市,18.41,18.27,息,0.9923954372623573
2023-04-21,00717,上市,14.74,14.59,息,0.9898236092265943
2023-04-21,00719B,上櫃,30.82,30.5,除息,0.9896171317326411
2023-04-21,00720B,上櫃,34.84,34.34,除息,0.9856486796785304
2023-04-21,00722B,上櫃,37.92,37.42,除息,0.9868143459915611
2023-04-21,00723B,上櫃,33.81,33.43,除息,0.9887607216799763
2023-04-21,00724B,上櫃,33.44,33.01,除息,0.9871411483253588
2023-04-21,00725B,上櫃,36.7,36.26,除息,0.9880108991825611
2023-04-21,00726B,上櫃,33.8,33.3,除息,0.985207100591716
2023-04-21,00727B,上櫃,37.53,36.97,除息,0.9850786037836397
2023-04-21,00733,上市,37.24,37.12,息,0.9967776584317937
2023-04-21,00740B,上櫃,39.24,38.74,除息,0.9872579001019368
2023-04-21,00741B,上櫃,36.25,35.71,除息,0.985103448275862
2023-04-21,00746B,上櫃,36.75,36.37,除息,0.9896598639455781
2023-04-21,00749B,上櫃,31.93,31.51,除息,0.9868462261196368
2023-04-21,00750B,上櫃,34.9,34.53,除息,0.9893982808022923
2023-04-21,00761B,上櫃,37.26,36.87,除息,0.9895330112721417
2023-04-21,00772B,上櫃,35.72,35.58,除息,0.996080627099664
2023-04-21,00773B,上櫃,35.8,35.65,除息,0.9958100558659219
2023-04-21,00782B,上櫃,33.54,33.08,除息,0.9862850327966607
2023-04-21,00784B,上櫃,36.29,35.97,除息,0.9911821438412786
2023-04-21,00785B,上櫃,34.68,34.26,除息,0.9878892733564013
2023-04-21,00788B,上櫃,32.54,32.08,除息,0.9858635525507068
2023-04-21,00848B,上櫃,34.01,33.62,除息,0.9885327844751544
2023-04-21,00849B,上櫃,35.86,35.53,除息,0.99079754601227
2023-04-21,00870B,上櫃,29.89,29.53,除息,0.9879558380729341
2023-04-21,00884B,上櫃,30.53,30.19,除息,0.9888634130363577
2023-04-21,00888,上櫃,13.58,13.37,除息,0.9845360824742267
2023-04-21,00907,上市,14.6,14.45,息,0.9897260273972602
2023-04-21,00908,上市,12.19,12.07,息,0.9901558654634948
2023-04-21,00909,上市,16.98,16.75,息,0.9864546525323911
2023-04-21,00912,上市,14.81,14.52,息,0.9804186360567184
2023-04-25,00734B,上櫃,15.85,15.63,除息,0.9861198738170348
2023-04-25,00834B,上櫃,33.97,33.62,除息,0.9896967912864292
2023-04-25,00842B,上櫃,32.61,32.16,除息,0.9862005519779208
2023-04-25,00904,上市,12.0,11.89,息,0.9908333333333333
2023-04-26,00789B,上櫃,53.6,53.06,除息,0.9899253731343284
2023-04-26,00790B,上櫃,53.0,52.43,除息,0.9892452830188679
2023-04-26,00791B,上櫃,53.15,52.64,除息,0.9904045155221073
2023-04-26,3257,上市,54.1,53.1,息,0.9815157116451017
2023-04-26,5478,上櫃,99.5,92.5,除息,0.9296482412060302
2023-04-27,01001T,上市,15.4,15.0,息,0.974025974025974
2023-04-27,1604,上市,27.9,26.4,息,0.946236559139785
2023-04-27,2477,上市,21.35,20.55,息,0.9625292740046838
2023-04-27,3138,上市,154.5,151.0,息,0.9773462783171522
2023-04-27,4190,上市,95.5,94.5,息,0.9895287958115183
2023-04-27,4566,上市,64.2,62.1,息,0.9672897196261682
2023-04-27,4912,上市,70.9,70.4,息,0.9929478138222849
2023-04-27,6192,上市,75.1,71.1,息,0.9467376830892144
2023-04-27,6441,上櫃,53.3,51.74,除權,0.9707317073170733
2023-04-27,6674,上市,28.35,27.85,息,0.982363315696649
2023-04-27,6727,上櫃,70.7,66.73,除息,0.9438472418670438
2023-05-03,4923,上櫃,59.9,56.9,除息,0.9499165275459098
2023-05-16,6204,上櫃,56.4,55.0,除息,0.975177304964539
2023-05-17,00679B,上櫃,32.69,32.4,除息,0.9911287855613338
2023-05-17,00754B,上櫃,36.87,36.47,除息,0.989151071331706
2023-05-17,00755B,上櫃,34.35,33.94,除息,0.9880640465793303
2023-05-17,00756B,上櫃,33.15,32.68,除息,0.9858220211161388
2023-05-17,00771,上市,15.7,15.52,息,0.9885350318471338
2023-05-17,00772B,上櫃,35.22,35.12,除息,0.997160704145372
2023-05-17,00773B,上櫃,35.22,35.1,除息,0.9965928449744464
2023-05-17,00780B,上櫃,35.75,35.45,除息,0.9916083916083916
2023-05-17,00786B,上櫃,33.22,32.76,除息,0.9861529199277543
2023-05-17,00794B,上櫃,40.53,39.93,除息,0.9851961509992597
2023-05-17,00795B,上櫃,32.44,32.19,除息,0.9922934648581998
2023-05-17,00799B,上櫃,33.55,33.14,除息,0.9877794336810731
2023-05-17,00840B,上櫃,31.65,31.34,除息,0.9902053712480253
2023-05-17,00841B,上櫃,31.84,31.53,除息,0.9902638190954774
2023-05-17,00845B,上櫃,31.76,31.42,除息,0.989294710327456
2023-05-17,00846B,上櫃,33.31,33.01,除息,0.9909936955869107
2023-05-17,00847B,上櫃,28.15,27.88,除息,0.9904085257548846
2023-05-17,00860B,上櫃,37.43,36.94,除息,0.9869088966069997
2023-05-17,00878,上市,17.97,17.7,息,0.984974958263773
2023-05-17,00890B,上櫃,32.92,32.47,除息,0.9863304981773997
2023-05-17,00891,上市,12.53,12.4,息,0.9896249002394255
2023-05-17,00894,上市,13.31,13.21,息,0.9924868519909843
2023-05-17,00900,上市,11.27,11.25,息,0.9982253771073647
2023-05-17,01002T,上市,17.96,17.56,息,0.9777282850779508
2023-05-17,01007T,上市,17.41,17.17,息,0.9862148190695004
2023-05-17,911608,上市,3.21,3.15,息,0.9813084112149533
2023-05-18,00758B,上櫃,50.7,50.14,除息,0.9889546351084813
2023-05-18,00759B,上櫃,56.15,55.59,除息,0.9900267141585041
2023-05-18,00760B,上櫃,53.0,52.33,除息,0.9873584905660377
2023-05-18,6679,上櫃,282.5,273.5,除息,0.968141592920354
2023-05-19,00775B,上市,33.41,33.09,息,0.9904220293325354
2023-05-19,00844B,上櫃,31.51,31.16,除息,0.9888924151063154
2023-05-19,00867B,上櫃,31.47,31.13,除息,0.9891960597394344
2023-05-19,8440,上櫃,43.55,43.15,除息,0.9908151549942595
2023-05-22,00690,上市,28.38,26.88,息,0.9471458773784355
2023-05-22,6841,上櫃,95.1,93.1,除息,0.9789695057833859
2023-05-22,9136,上市,6.41,6.21,息,0.968798751950078
2023-05-24,3207,上櫃,82.2,79.64,除權,0.9688564476885645
2023-05-24,8924,上櫃,114.5,101.65,除息,0.8877729257641922
2023-05-25,2548,上市,97.5,90.0,息,0.9230769230769231
2023-05-25,8074,上櫃,21.6,20.1,除息,0.9305555555555556
2023-05-26,1598,上市,40.6,38.92,權息,0.9586206896551724
2023-05-26,4114,上櫃,45.2,44.69,除權,0.9887168141592919
2023-05-29,2636,上市,76.4,71.4,息,0.9345549738219895
2023-05-29,5493,上櫃,53.9,51.1,除息,0.9480519480519481
2023-05-29,6712,上櫃,205.0,184.61,除權息,0.9005365853658537
2023-05-30,1568,上市,25.6,24.5,息,0.95703125
2023-05-30,2637,上市,60.3,53.8,息,0.8922056384742952
2023-05-30,6456,上市,75.4,71.9,息,0.9535809018567639
2023-05-31,4995,上櫃,52.3,48.1,除息,0.9196940726577438
2023-05-31,6438,上市,117.0,111.0,息,0.9487179487179487
2023-05-31,8249,上市,31.85,29.97,息,0.9409733124018838
2023-06-01,1702,上市,50.7,48.7,息,0.960552268244576
2023-06-01,2105,上市,39.0,37.6,息,0.9641025641025641
2023-06-01,4923,上櫃,51.4,42.83,除權,0.8332684824902724
2023-06-01,5523,上櫃,26.5,25.0,除息,0.9433962264150944
2023-06-01,6269,上市,98.7,93.69,息,0.949240121580547
2023-06-01,6576,上櫃,83.7,82.58,除權,0.9866188769414576
2023-06-01,6654,上櫃,49.7,48.7,除息,0.9798792756539235
2023-06-01,6690,上櫃,178.0,173.5,除息,0.9747191011235955
2023-06-01,8171,上櫃,56.9,54.97,除權,0.9660808435852373
2023-06-02,1587,上市,22.9,21.9,息,0.9563318777292577
2023-06-02,3443,上市,1535.0,1521.0,息,0.9908794788273616
2023-06-05,4958,上市,114.5,108.5,息,0.9475982532751092
2023-06-05,8454,上市,710.0,695.0,息,0.9788732394366197
2023-06-06,1605,上市,46.95,45.15,息,0.9616613418530351
2023-06-06,2201,上市,90.6,89.12,權,0.983664459161148
2023-06-06,6855,上櫃,88.5,84.0,除息,0.9491525423728814
2023-06-06,9940,上市,30.0,28.8,息,0.9600000000000001
2023-06-07,2347,上市,63.4,59.9,息,0.944794952681388
2023-06-07,2467,上市,52.6,49.0,息,0.9315589353612167
2023-06-07,2642,上市,45.85,44.35,息,0.9672846237731734
2023-06-07,2809,上市,36.25,35.15,息,0.9696551724137931
2023-06-07,3563,上市,215.5,207.5,息,0.962877030162413
2023-06-07,4440,上市,34.4,31.4,息,0.9127906976744186
2023-06-07,6248,上櫃,29.35,27.53,除息,0.9379897785349234
2023-06-07,910322,上市,25.25,24.23,息,0.9596039603960396
2023-06-08,3541,上櫃,60.3,55.3,除息,0.9170812603648425
2023-06-08,4735,上櫃,38.6,38.1,除息,0.9870466321243523
2023-06-08,5434,上市,201.0,189.47,權息,0.942636815920398
2023-06-08,6188,上櫃,72.7,69.5,除息,0.9559834938101788
2023-06-08,6491,上市,382.0,372.0,息,0.9738219895287958
2023-06-08,6548,上櫃,43.5,42.69,除息,0.9813793103448275
2023-06-08,8028,上市,61.7,59.9,息,0.9708265802269043
2023-06-08,8424,上櫃,71.9,67.2,除息,0.9346314325452016
2023-06-09,4939,上櫃,17.25,16.77,除息,0.9721739130434782
2023-06-09,6023,上櫃,54.0,51.5,除息,0.9537037037037037
2023-06-09,6174,上櫃,31.0,28.3,除息,0.9129032258064517
2023-06-09,6861,上市,109.5,108.2,息,0.9881278538812786
2023-06-12,2850,上市,53.4,50.86,息,0.952434456928839
2023-06-12,3543,上市,22.0,21.0,息,0.9545454545454546
2023-06-12,3675,上櫃,301.5,296.1,除息,0.982089552238806
2023-06-12,4571,上市,79.7,76.1,息,0.9548306148055206
2023-06-12,4722,上市,36.95,35.05,息,0.9485791610284167
2023-06-12,4747,上櫃,86.4,75.3,除權息,0.8715277777777777
2023-06-12,4945,上櫃,63.6,60.9,除息,0.9575471698113207
2023-06-12,5244,上市,32.3,30.8,息,0.953560371517028
2023-06-13,1584,上櫃,37.15,36.45,除息,0.9811574697173622
2023-06-13,2020,上市,24.6,23.6,息,0.959349593495935
2023-06-13,3684,上櫃,61.5,59.2,除息,0.9626016260162602
2023-06-13,6185,上櫃,23.65,23.35,除息,0.9873150105708246
2023-06-13,6505,上市,88.2,87.1,息,0.9875283446712018
2023-06-13,6804,上櫃,72.0,69.4,除息,0.963888888888889
2023-06-13,9924,上市,45.2,42.3,息,0.9358407079646016
2023-06-14,1326,上市,68.6,67.65,息,0.9861516034985425
2023-06-14,1414,上市,17.8,17.48,息,0.9820224719101124
2023-06-14,2486,上市,43.5,43.1,息,0.9908045977011495
2023-06-14,4760,上櫃,79.1,76.9,除息,0.9721871049304679
2023-06-14,4906,上市,31.5,30.0,息,0.9523809523809523
2023-06-14,6123,上櫃,72.4,68.65,除息,0.9482044198895028
2023-06-14,6669,上市,1170.0,1120.0,息,0.9572649572649573
2023-06-14,8341,上市,156.5,144.87,權息,0.9256869009584665
2023-06-15,1476,上市,487.5,470.5,息,0.9651282051282051
2023-06-15,1504,上市,53.4,51.9,息,0.9719101123595506
2023-06-15,1591,上櫃,33.45,32.95,除息,0.9850523168908819
2023-06-15,1711,上市,20.8,20.45,息,0.9831730769230769
2023-06-15,1733,上市,29.0,27.6,息,0.9517241379310345
2023-06-15,2330,上市,590.0,587.25,息,0.9953389830508474
2023-06-15,2480,上市,124.5,118.24,息,0.949718875502008
2023-06-15,2630,上市,63.2,58.04,權,0.9183544303797467
2023-06-15,2908,上市,21.3,20.02,息,0.9399061032863849
2023-06-15,3030,上市,64.0,59.5,息,0.9296875
2023-06-15,3035,上市,186.0,181.0,息,0.9731182795698925
2023-06-15,3118,上櫃,31.9,30.2,除息,0.9467084639498433
2023-06-15,4133,上市,35.5,34.7,息,0.9774647887323944
2023-06-15,4527,上櫃,34.9,32.9,除息,0.9426934097421203
2023-06-15,5274,上櫃,2675.0,2630.0,除息,0.983177570093458
2023-06-15,5522,上市,62.9,59.9,息,0.9523052464228935
2023-06-15,5864,上櫃,25.55,24.85,除權息,0.9726027397260274
2023-06-15,5878,上櫃,49.75,47.05,除息,0.9457286432160803
2023-06-15,6109,上櫃,17.0,16.45,除息,0.9676470588235294
2023-06-15,6243,上市,52.9,51.7,息,0.9773156899810965
2023-06-15,6585,上市,64.7,61.7,息,0.9536321483771252
2023-06-15,6667,上櫃,84.5,80.26,除息,0.9498224852071007
2023-06-15,8046,上市,293.5,275.5,息,0.938671209540034
2023-06-15,8070,上市,36.85,35.05,息,0.9511533242876525
2023-06-15,8416,上櫃,140.0,132.0,除息,0.9428571428571428
2023-06-15,8432,上櫃,45.9,44.3,除息,0.9651416122004357
2023-06-16,00697B,上櫃,35.52,35.19,除息,0.9907094594594593
2023-06-16,00713,上市,46.82,46.14,息,0.9854762921828278
2023-06-16,00751B,上櫃,34.48,34.04,除息,0.9872389791183296
2023-06-16,00764B,上櫃,32.68,32.39,除息,0.9911260709914321
2023-06-16,00772B,上櫃,34.91,34.8,除息,0.9968490403895732
2023-06-16,00773B,上櫃,35.01,34.88,除息,0.9962867752070839
2023-06-16,00777B,上櫃,34.75,34.4,除息,0.9899280575539567
2023-06-16,00778B,上櫃,34.77,34.37,除息,0.98849582973828
2023-06-16,00779B,上櫃,32.99,32.72,除息,0.9918157017277962
2023-06-16,00781B,上櫃,32.82,32.39,除息,0.9868982327848873
2023-06-16,00787B,上櫃,34.43,33.99,除息,0.9872204472843451
2023-06-16,00792B,上櫃,33.18,32.85,除息,0.9900542495479205
2023-06-16,00793B,上櫃,33.01,32.62,除息,0.9881853983641321
2023-06-16,00836B,上櫃,30.4,30.1,除息,0.9901315789473685
2023-06-16,00856B,上櫃,37.25,36.85,除息,0.989261744966443
2023-06-16,00857B,上櫃,27.38,27.08,除息,0.9890430971512052
2023-06-16,00859B,上櫃,39.68,39.49,除息,0.9952116935483871
2023-06-16,00862B,上櫃,31.52,31.15,除息,0.9882614213197969
2023-06-16,00863B,上櫃,32.23,31.87,除息,0.9888302823456409
2023-06-16,00883B,上櫃,31.02,30.7,除息,0.9896840747904577
2023-06-16,00896,上市,16.42,16.27,息,0.9908647990255784
2023-06-16,00907,上市,15.02,14.94,息,0.9946737683089214
2023-06-16,00915,上市,18.9,18.58,息,0.9830687830687831
2023-06-16,00916,上市,17.79,17.62,息,0.9904440697020799
2023-06-16,00918,上市,19.73,19.53,息,0.989863152559554
2023-06-16,00919,上市,20.32,19.78,息,0.9734251968503937
2023-06-16,1416,上市,12.05,11.55,息,0.9585062240663901
2023-06-16,2247,上市,352.5,337.5,息,0.9574468085106383
2023-06-16,2385,上市,105.0,97.5,息,0.9285714285714286
2023-06-16,2388,上市,81.9,81.75,息,0.9981684981684981
2023-06-16,2723,上市,154.0,151.5,息,0.9837662337662337
2023-06-16,3679,上市,94.7,84.7,息,0.8944033790918691
2023-06-16,3680,上櫃,406.0,402.06,除息,0.9902955665024631
2023-06-16,4128,上櫃,61.3,55.89,除權息,0.9117455138662317
2023-06-16,4743,上櫃,230.5,202.51,除權息,0.8785683297180042
2023-06-16,4974,上櫃,71.4,65.6,除息,0.918767507002801
2023-06-16,4994,上市,45.7,45.2,息,0.9890590809628009
2023-06-16,5403,上櫃,108.0,103.0,除息,0.9537037037037037
2023-06-16,5438,上櫃,20.55,20.04,除息,0.9751824817518248
2023-06-16,6147,上櫃,69.6,64.1,除息,0.9209770114942528
2023-06-16,6151,上櫃,29.9,27.9,除息,0.9331103678929766
2023-06-19,1323,上市,32.5,31.4,息,0.9661538461538461
2023-06-19,1457,上市,18.8,17.8,息,0.9468085106382979
2023-06-19,1526,上市,41.4,39.8,息,0.9613526570048309
2023-06-19,1611,上市,19.3,19.0,息,0.9844559585492227
2023-06-19,2643,上櫃,79.2,72.2,除息,0.9116161616161617
2023-06-19,3094,上市,34.1,33.1,息,0.9706744868035191
2023-06-19,3583,上市,161.5,157.9,息,0.9777089783281734
2023-06-19,4121,上櫃,28.65,27.45,除息,0.9581151832460734
2023-06-19,4413,上櫃,15.9,15.4,除息,0.9685534591194969
2023-06-19,6834,上市,27.0,25.9,息,0.9592592592592593
2023-06-19,8066,上櫃,30.35,29.35,除息,0.9670510708401977
2023-06-20,00710B,上市,18.06,17.8,息,0.9856035437430787
2023-06-20,00711B,上市,16.16,15.97,息,0.9882425742574258
2023-06-20,00712,上市,9.94,9.67,息,0.9728370221327968
2023-06-20,00831B,上櫃,37.6,37.41,除息,0.9949468085106382
2023-06-20,00853B,上櫃,29.11,28.8,除息,0.9893507385778083
2023-06-20,1707,上市,177.0,170.1,息,0.9610169491525423
2023-06-20,1752,上市,64.1,61.8,息,0.9641185647425897
2023-06-20,1776,上市,18.25,17.65,息,0.9671232876712328
2023-06-20,2337,上市,34.9,33.1,息,0.9484240687679084
2023-06-20,2362,上市,34.6,33.1,息,0.9566473988439307
2023-06-20,2423,上市,38.9,36.9,息,0.9485861182519281
2023-06-20,2436,上市,55.0,53.8,息,0.9781818181818182
2023-06-20,2450,上市,36.9,34.7,息,0.9403794037940381
2023-06-20,2454,上市,785.0,708.99,息,0.903171974522293
2023-06-20,2461,上市,24.15,22.67,息,0.9387163561076606
2023-06-20,2504,上市,28.8,26.8,息,0.9305555555555556
2023-06-20,2707,上市,306.0,296.99,息,0.9705555555555556
2023-06-20,2855,上市,17.75,17.36,息,0.9780281690140845
2023-06-20,3014,上市,121.0,115.0,息,0.9504132231404959
2023-06-20,3264,上櫃,65.5,62.0,除息,0.9465648854961832
2023-06-20,3357,上櫃,103.5,97.5,除息,0.9420289855072463
2023-06-20,3360,上櫃,14.85,14.05,除息,0.9461279461279462
2023-06-20,3374,上櫃,129.0,126.0,除息,0.9767441860465116
2023-06-20,3515,上市,224.0,215.99,息,0.9642410714285715
2023-06-20,3705,上市,45.9,43.6,息,0.9498910675381265
2023-06-20,4116,上櫃,60.6,58.5,除息,0.9653465346534653
2023-06-20,4535,上櫃,40.25,38.25,除息,0.9503105590062112
2023-06-20,4729,上櫃,17.8,17.3,除息,0.9719101123595506
2023-06-20,5443,上櫃,34.05,32.25,除息,0.947136563876652
2023-06-20,6024,上市,44.9,41.88,息,0.9327394209354121
2023-06-20,6184,上市,53.1,50.1,息,0.943502824858757
2023-06-20,6266,上櫃,44.75,38.88,除權息,0.8688268156424581
2023-06-20,6525,上市,79.4,73.9,息,0.9307304785894207
2023-06-20,6531,上市,332.5,325.5,息,0.9789473684210527
2023-06-20,6584,上櫃,70.3,69.23,除息,0.9847795163584638
2023-06-20,6642,上櫃,53.8,50.2,除息,0.9330855018587362
2023-06-20,9917,上市,118.5,113.5,息,0.9578059071729957
2023-06-20,9931,上市,41.65,41.35,息,0.9927971188475391
2023-06-20,9944,上市,23.05,22.0,息,0.9544468546637743
2023-06-21,00921,上市,17.89,17.52,息,0.9793180547792062
2023-06-21,2916,上櫃,50.0,47.0,除息,0.94
2023-06-21,4766,上市,176.5,166.5,息,0.943342776203966
2023-06-21,5213,上櫃,27.1,26.77,除權,0.9878228782287822
2023-06-21,6214,上市,116.0,111.0,息,0.9568965517241379
2023-06-21,6288,上市,34.35,34.16,息,0.9944687045123725
2023-06-21,6425,上櫃,21.75,20.75,除息,0.9540229885057471
2023-06-21,6672,上市,86.7,83.1,息,0.958477508650519
2023-06-21,6830,上市,184.0,178.5,息,0.970108695652174
2023-06-21,8210,上市,151.5,147.49,息,0.9735313531353136
2023-06-21,9911,上市,67.0,63.3,息,0.944776119402985
2023-06-26,1319,上市,56.3,53.8,息,0.955595026642984
2023-06-26,2455,上市,126.0,123.7,息,0.9817460317460318
2023-06-26,2545,上市,45.55,40.95,息,0.8990120746432493
2023-06-26,3015,上市,52.5,48.7,息,0.9276190476190477
2023-06-26,3450,上市,37.5,37.0,息,0.9866666666666667
2023-06-26,3498,上櫃,48.4,46.4,除息,0.9586776859504132
2023-06-26,3557,上市,71.3,66.3,息,0.9298737727910238
2023-06-26,4433,上櫃,34.3,32.8,除息,0.956268221574344
2023-06-26,5272,上櫃,28.1,27.39,除息,0.9747330960854093
2023-06-26,6282,上市,48.8,45.93,權息,0.941188524590164
2023-06-26,6438,上市,112.5,111.5,權,0.9911111111111112
2023-06-26,6640,上櫃,94.7,88.7,除息,0.9366420274551215
2023-06-26,8042,上櫃,37.9,36.4,除息,0.9604221635883905
2023-06-26,8438,上市,26.85,25.85,息,0.962756052141527
2023-06-27,1232,上市,152.0,146.0,息,0.9605263157894737
2023-06-27,1301,上市,92.0,87.8,息,0.9543478260869565
2023-06-27,1437,上市,28.95,28.15,息,0.9723661485319516
2023-06-27,1731,上市,24.45,23.35,息,0.9550102249488753
2023-06-27,1904,上市,34.75,33.65,息,0.9683453237410071
2023-06-27,2012,上市,28.25,27.25,息,0.9646017699115044
2023-06-27,2303,上市,53.3,49.69,息,0.9322701688555347
2023-06-27,3260,上櫃,86.9,84.9,除息,0.9769850402761795
2023-06-27,3276,上櫃,14.65,14.15,除息,0.9658703071672355
2023-06-27,3338,上市,48.3,46.3,息,0.9585921325051759
2023-06-27,3373,上櫃,22.0,21.5,除息,0.9772727272727273
2023-06-27,3479,上櫃,118.5,113.56,除息,0.9583122362869199
2023-06-27,3669,上市,41.25,39.82,息,0.9653333333333334
2023-06-27,4557,上市,117.0,110.0,息,0.9401709401709402
2023-06-27,4577,上櫃,30.7,29.07,除息,0.9469055374592834
2023-06-27,4961,上市,150.0,141.5,息,0.9433333333333334
2023-06-27,5009,上櫃,58.1,55.73,除息,0.9592082616179001
2023-06-27,5601,上櫃,39.35,38.87,除息,0.9878017789072426
2023-06-27,6164,上市,13.4,12.85,息,0.958955223880597
2023-06-27,6176,上市,123.0,113.0,息,0.9186991869918699
2023-06-27,6532,上櫃,65.5,62.81,除息,0.9589312977099237
2023-06-27,6533,上市,488.0,486.5,息,0.9969262295081968
2023-06-27,6546,上櫃,90.3,83.8,除息,0.9280177187153932
2023-06-27,8213,上市,41.5,39.0,息,0.9397590361445783
2023-06-27,8931,上櫃,64.6,62.1,除息,0.9613003095975233
2023-06-27,8942,上櫃,74.0,65.91,除權息,0.8906756756756756
2023-06-28,1817,上市,39.4,37.1,息,0.9416243654822336
2023-06-28,2115,上市,34.45,33.15,息,0.9622641509433961
2023-06-28,2312,上市,14.7,14.4,息,0.979591836734694
2023-06-28,2408,上市,70.8,68.66,息,0.969774011299435
2023-06-28,2640,上櫃,121.5,116.5,除息,0.9588477366255144
2023-06-28,2882,上市,44.15,43.25,息,0.9796149490373727
2023-06-28,2882A,上市,59.4,57.12,息,0.9616161616161616
2023-06-28,2882B,上市,59.9,57.77,息,0.964440734557596
2023-06-28,3163,上櫃,61.2,57.0,除息,0.9313725490196078
2023-06-28,3164,上市,25.8,25.1,息,0.9728682170542636
2023-06-28,3363,上櫃,40.65,40.15,除息,0.9876998769987699
2023-06-28,3708,上市,93.6,88.6,息,0.9465811965811965
2023-06-28,5538,上市,40.0,38.0,息,0.95
2023-06-28,6418,上櫃,18.5,17.95,除息,0.9702702702702702
2023-06-28,6426,上市,59.8,57.8,息,0.9665551839464883
2023-06-28,6768,上市,71.9,66.9,息,0.9304589707927677
2023-06-29,1303,上市,76.1,73.1,息,0.9605781865965834
2023-06-29,1570,上櫃,19.5,18.5,除息,0.9487179487179487
2023-06-29,1796,上櫃,107.0,105.5,除息,0.985981308411215
2023-06-29,2013,上市,57.8,56.1,息,0.9705882352941178
2023-06-29,2103,上市,26.7,25.62,息,0.9595505617977529
2023-06-29,2104,上市,21.6,21.5,息,0.9953703703703703
2023-06-29,2329,上市,22.8,21.95,息,0.962719298245614
2023-06-29,2353,上市,33.55,32.05,息,0.9552906110283159
2023-06-29,2412,上市,121.5,116.79,息,0.9612345679012346
2023-06-29,2474,上市,190.0,180.0,息,0.9473684210526315
2023-06-29,2506,上市,9.38,9.18,息,0.9786780383795308
2023-06-29,2605,上市,20.55,20.05,息,0.975669099756691
2023-06-29,2722,上市,103.5,97.07,權息,0.9378743961352657
2023-06-29,2748,上市,93.2,91.93,息,0.9863733905579399
2023-06-29,2753,上市,184.5,179.48,息,0.972791327913279
2023-06-29,2885,上市,24.1,23.3,息,0.966804979253112
2023-06-29,3010,上市,87.5,81.4,息,0.9302857142857144
2023-06-29,3040,上市,33.1,31.1,息,0.9395770392749244
2023-06-29,3071,上櫃,34.5,32.84,除息,0.9518840579710146
2023-06-29,3388,上櫃,73.8,69.39,除息,0.9402439024390244
2023-06-29,3430,上櫃,50.1,47.1,除息,0.9401197604790419
2023-06-29,3511,上櫃,36.25,33.75,除息,0.9310344827586207
2023-06-29,3528,上市,60.7,56.6,息,0.9324546952224052
2023-06-29,3529,上櫃,2095.0,2074.5,除息,0.9902147971360382
2023-06-29,3540,上櫃,48.55,48.25,除息,0.9938208032955717
2023-06-29,3580,上櫃,56.2,51.7,除息,0.9199288256227758
2023-06-29,3592,上市,359.5,318.5,息,0.885952712100139
2023-06-29,5015,上櫃,53.2,47.6,除息,0.8947368421052632
2023-06-29,5016,上櫃,29.9,28.5,除息,0.9531772575250836
2023-06-29,5306,上市,145.0,142.75,息,0.9844827586206897
2023-06-29,5533,上市,19.35,18.15,息,0.9379844961240309
2023-06-29,6171,上櫃,22.2,21.2,除息,0.954954954954955
2023-06-29,6195,上櫃,47.3,43.9,除息,0.9281183932346724
2023-06-29,6443,上市,34.8,34.7,息,0.9971264367816094
2023-06-29,6523,上櫃,127.5,125.5,除息,0.984313725490196
2023-06-29,6570,上櫃,71.4,67.47,除息,0.9449579831932772
2023-06-29,6579,上市,122.0,117.34,息,0.9618032786885247
2023-06-29,6606,上市,29.15,27.15,息,0.9313893653516295
2023-06-29,6613,上櫃,106.5,100.01,除息,0.9390610328638498
2023-06-29,6789,上市,258.5,256.5,息,0.9922630560928434
2023-06-29,8150,上市,38.95,36.65,息,0.9409499358151475
2023-06-29,8271,上市,61.1,57.8,息,0.9459901800327332
2023-06-29,8279,上櫃,174.0,169.0,除息,0.9712643678160919
2023-06-29,8342,上櫃,58.0,53.5,除息,0.9224137931034483
2023-06-30,1445,上市,20.55,20.45,息,0.9951338199513381
2023-06-30,2308,上市,349.5,339.66,息,0.9718454935622318
2023-06-30,2603,上市,155.0,85.0,息,0.5483870967741935
2023-06-30,3019,上市,66.3,64.4,息,0.9713423831070891
2023-06-30,3045,上市,100.5,96.2,息,0.9572139303482587
2023-06-30,3416,上市,115.0,110.23,息,0.9585217391304348
2023-06-30,3518,上市,34.85,34.35,息,0.9856527977044476
2023-06-30,3570,上櫃,137.0,129.5,除息,0.9452554744525548
2023-06-30,3703,上市,30.85,28.35,息,0.9189627228525121
2023-06-30,3711,上市,122.5,113.7,息,0.9281632653061225
2023-06-30,4137,上市,208.5,201.5,息,0.9664268585131894
2023-06-30,4542,上櫃,26.8,26.3,除息,0.9813432835820896
2023-06-30,4550,上櫃,30.75,28.85,除息,0.9382113821138212
2023-06-30,4916,上市,42.75,42.37,息,0.991111111111111
2023-06-30,4952,上市,57.3,52.3,息,0.912739965095986
2023-06-30,6242,上櫃,79.3,67.22,除權息,0.8476670870113493
2023-06-30,8111,上櫃,21.15,19.95,除息,0.9432624113475178
2023-07-03,1307,上市,26.0,25.2,息,0.9692307692307692
2023-07-03,1451,上市,21.95,19.95,息,0.908883826879271
2023-07-03,1536,上市,71.9,70.3,息,0.9777468706536856
2023-07-03,1788,上櫃,147.0,140.0,除息,0.9523809523809523
2023-07-03,2415,上市,24.3,23.65,息,0.9732510288065843
2023-07-03,2464,上市,38.05,36.25,息,0.9526938239159002
2023-07-03,2615,上市,59.0,54.0,息,0.9152542372881356
2023-07-03,3324,上櫃,297.0,290.5,除息,0.9781144781144782
2023-07-03,3413,上市,202.0,188.21,息,0.9317326732673268
2023-07-03,3545,上市,78.4,77.89,息,0.9934948979591836
2023-07-03,3587,上櫃,232.0,220.95,除權息,0.9523706896551724
2023-07-03,3597,上櫃,25.65,23.95,除息,0.9337231968810916
2023-07-03,4417,上櫃,43.05,40.15,除息,0.9326364692218351
2023-07-03,4510,上櫃,17.8,17.4,除息,0.9775280898876403
2023-07-03,5209,上櫃,196.0,188.52,除息,0.9618367346938776
2023-07-03,5609,上櫃,92.3,77.7,除權息,0.8418201516793067
2023-07-03,6577,上櫃,115.0,110.55,除息,0.961304347826087
2023-07-03,6591,上市,54.0,50.06,息,0.9270370370370371
2023-07-03,6751,上櫃,102.0,99.0,除息,0.9705882352941176
2023-07-03,6788,上櫃,146.5,138.5,除息,0.9453924914675768
2023-07-03,6803,上櫃,319.0,305.49,除息,0.9576489028213166
2023-07-03,6835,上市,46.4,44.4,息,0.9568965517241379
2023-07-03,8040,上櫃,46.7,45.5,除息,0.9743040685224839
2023-07-03,8476,上櫃,70.7,64.37,除權息,0.9104667609618105
2023-07-03,910861,上市,6.15,6.06,息,0.9853658536585365
2023-07-04,1218,上市,28.1,27.53,息,0.9797153024911032
2023-07-04,1410,上市,37.85,37.05,息,0.9788639365918097
2023-07-04,1710,上市,22.25,22.05,息,0.9910112359550562
2023-07-04,1773,上市,130.0,126.4,息,0.9723076923076923
2023-07-04,1909,上市,17.25,17.0,息,0.9855072463768116
2023-07-04,2317,上市,115.0,109.7,息,0.9539130434782609
2023-07-04,2354,上市,56.0,54.4,息,0.9714285714285714
2023-07-04,2357,上市,312.5,297.5,息,0.952
2023-07-04,2395,上市,430.0,381.87,權息,0.8880697674418605
2023-07-04,2417,上市,21.85,21.64,息,0.9903890160183066
2023-07-04,2538,上市,12.9,12.4,息,0.9612403100775194
2023-07-04,2609,上市,69.3,49.3,息,0.7113997113997114
2023-07-04,2755,上櫃,201.5,145.91,除權息,0.7241191066997519
2023-07-04,2838A,上市,52.7,50.3,息,0.954459203036053
2023-07-04,3006,上市,81.5,79.7,息,0.9779141104294479
2023-07-04,3042,上市,96.2,89.2,息,0.9272349272349273
2023-07-04,3093,上櫃,38.45,35.45,除息,0.9219765929778934
2023-07-04,3105,上櫃,164.0,161.5,除息,0.9847560975609756
2023-07-04,3169,上櫃,129.0,123.5,除息,0.9573643410852714
2023-07-04,3564,上櫃,52.5,51.7,除息,0.9847619047619048
2023-07-04,4102,上櫃,31.65,30.85,除息,0.9747235387045814
2023-07-04,4153,上櫃,41.9,40.9,除息,0.9761336515513126
2023-07-04,4541,上櫃,44.6,43.2,除息,0.968609865470852
2023-07-04,4915,上市,65.9,61.99,息,0.9406676783004552
2023-07-04,4938,上市,76.0,71.99,息,0.947236842105263
2023-07-04,4953,上櫃,116.0,109.55,除權息,0.944396551724138
2023-07-04,5236,上櫃,107.5,100.5,除息,0.9348837209302325
2023-07-04,5285,上市,76.7,73.2,息,0.954367666232073
2023-07-04,5315,上櫃,22.5,20.7,除息,0.9199999999999999
2023-07-04,5902,上櫃,41.3,39.8,除息,0.9636803874092009
2023-07-04,6146,上櫃,261.0,238.1,除權息,0.9122605363984674
2023-07-04,6215,上市,30.6,28.8,息,0.9411764705882353
2023-07-04,6271,上市,185.0,177.22,息,0.957945945945946
2023-07-04,6494,上櫃,69.2,62.7,除息,0.9060693641618497
2023-07-04,6516,上櫃,106.5,95.69,除權息,0.8984976525821596
2023-07-04,6569,上櫃,141.5,136.5,除息,0.9646643109540636
2023-07-04,6719,上市,298.0,288.03,息,0.9665436241610738
2023-07-04,8081,上市,198.0,184.0,息,0.9292929292929293
2023-07-04,8261,上市,106.5,101.52,息,0.9532394366197183
2023-07-04,8299,上櫃,417.5,413.05,除息,0.9893413173652695
2023-07-04,9939,上市,106.0,101.2,息,0.9547169811320755
2023-07-05,1595,上櫃,40.4,38.37,除息,0.9497524752475247
2023-07-05,1795,上市,297.0,293.54,息,0.9883501683501684
2023-07-05,2030,上市,23.45,21.95,息,0.9360341151385928
2023-07-05,2107,上市,22.3,21.1,息,0.946188340807175
2023-07-05,2327,上市,497.5,487.5,息,0.9798994974874372
2023-07-05,2421,上市,108.0,105.4,息,0.975925925925926
2023-07-05,2425,上市,42.2,41.4,息,0.9810426540284359
2023-07-05,2820,上市,15.55,15.05,息,0.9678456591639871
2023-07-05,2832,上市,23.0,22.0,息,0.9565217391304348
2023-07-05,2887E,上市,51.4,49.02,息,0.9536964980544748
2023-07-05,2887F,上市,48.5,46.6,息,0.9608247422680413
2023-07-05,2887Z1,上市,17.0,16.7,息,0.9823529411764705
2023-07-05,3021,上市,22.65,21.95,息,0.9690949227373069
2023-07-05,3231,上市,105.0,102.4,息,0.9752380952380952
2023-07-05,4439,上市,139.0,132.0,息,0.9496402877697842
2023-07-05,4526,上市,19.8,19.6,息,0.98989898989899
2023-07-05,4904,上市,76.7,73.45,息,0.9576271186440678
2023-07-05,4951,上櫃,78.1,74.6,除息,0.9551856594110115
2023-07-05,5234,上市,119.5,116.2,息,0.9723849372384937
2023-07-05,5347,上櫃,88.3,83.8,除息,0.9490373725934315
2023-07-05,5353,上櫃,43.3,42.1,除息,0.9722863741339492
2023-07-05,5508,上櫃,74.1,67.75,除息,0.9143049932523617
2023-07-05,6469,上櫃,392.5,387.8,除息,0.9880254777070064
2023-07-05,6530,上櫃,27.4,25.9,除息,0.9452554744525548
2023-07-05,6568,上櫃,157.0,152.98,除息,0.9743949044585987
2023-07-05,6624,上櫃,47.7,45.9,除息,0.9622641509433961
2023-07-05,8024,上櫃,26.85,24.85,除息,0.925512104283054
2023-07-05,8054,上櫃,37.3,36.8,除息,0.9865951742627346
2023-07-05,8083,上櫃,160.5,150.3,除息,0.9364485981308412
2023-07-05,8089,上櫃,21.7,21.0,除息,0.967741935483871
2023-07-05,8481,上市,59.0,55.2,息,0.9355932203389831
2023-07-06,1341,上市,71.4,68.41,息,0.9581232492997198
2023-07-06,1442,上市,33.15,31.55,息,0.9517345399698341
2023-07-06,1455,上市,10.55,10.45,息,0.9905213270142179
2023-07-06,1708,上市,39.6,36.6,息,0.9242424242424242
2023-07-06,1789,上市,29.4,29.04,息,0.9877551020408163
2023-07-06,1906,上市,16.65,16.15,息,0.96996996996997
2023-07-06,2031,上市,46.5,45.5,息,0.978494623655914
2023-07-06,2049,上市,230.0,224.5,息,0.9760869565217392
2023-07-06,2397,上市,81.0,77.0,息,0.9506172839506173
2023-07-06,2419,上市,37.0,35.5,息,0.9594594594594594
2023-07-06,2433,上市,52.9,49.3,息,0.9319470699432892
2023-07-06,2451,上市,78.7,73.1,息,0.928843710292249
2023-07-06,2478,上市,50.2,48.2,息,0.9601593625498008
2023-07-06,2606,上市,49.75,46.75,息,0.9396984924623115
2023-07-06,2845,上市,11.8,11.39,息,0.9652542372881355
2023-07-06,2904,上市,20.55,19.9,息,0.9683698296836982
2023-07-06,3016,上市,65.2,63.2,息,0.9693251533742331
2023-07-06,3090,上市,59.3,53.8,息,0.9072512647554806
2023-07-06,3213,上櫃,59.7,56.1,除息,0.9396984924623115
2023-07-06,3303,上櫃,27.8,25.8,除息,0.9280575539568345
2023-07-06,3305,上市,54.4,52.4,息,0.9632352941176471
2023-07-06,3556,上櫃,67.2,62.5,除息,0.9300595238095237
2023-07-06,4130,上櫃,30.85,30.68,除息,0.9944894651539707
2023-07-06,4167,上櫃,18.2,18.1,除息,0.9945054945054946
2023-07-06,4183,上櫃,20.85,19.87,除息,0.9529976019184652
2023-07-06,4305,上櫃,34.1,32.1,除息,0.9413489736070382
2023-07-06,4549,上櫃,117.0,113.0,除息,0.9658119658119658
2023-07-06,4745,上櫃,29.1,27.5,除息,0.9450171821305842
2023-07-06,4755,上市,148.0,142.1,息,0.960135135135135
2023-07-06,5220,上櫃,30.0,28.2,除息,0.94
2023-07-06,5452,上櫃,23.1,22.6,除息,0.9783549783549783
2023-07-06,5511,上櫃,74.3,71.9,除息,0.9676985195154779
2023-07-06,5536,上櫃,153.5,145.24,除息,0.9461889250814333
2023-07-06,5876,上市,46.05,44.25,息,0.9609120521172639
2023-07-06,6121,上櫃,334.5,320.0,除息,0.9566517189835575
2023-07-06,6125,上櫃,81.3,79.68,除息,0.9800738007380075
2023-07-06,6128,上市,35.6,33.4,息,0.9382022471910112
2023-07-06,6233,上櫃,27.9,27.42,除息,0.9827956989247313
2023-07-06,6237,上櫃,41.15,40.9,除息,0.9939246658566221
2023-07-06,6472,上櫃,845.0,837.0,除息,0.9905325443786982
2023-07-06,6506,上櫃,19.6,18.4,除息,0.9387755102040815
2023-07-06,6510,上櫃,601.0,589.25,除息,0.9804492512479202
2023-07-06,6641,上市,54.3,50.8,息,0.9355432780847145
2023-07-06,6776,上市,63.2,59.7,息,0.944620253164557
2023-07-06,6799,上市,147.0,143.99,息,0.9795238095238096
2023-07-06,6811,上櫃,249.0,241.5,除息,0.9698795180722891
2023-07-06,8048,上櫃,81.2,76.7,除權息,0.9445812807881774
2023-07-06,8085,上櫃,50.7,50.6,除息,0.9980276134122288
2023-07-06,8112,上市,48.35,43.95,息,0.9089968976215098
2023-07-06,8112A,上市,42.0,40.3,息,0.9595238095238094
2023-07-06,8114,上市,121.5,114.5,息,0.9423868312757202
2023-07-06,8240,上櫃,33.8,32.3,除息,0.9556213017751479
2023-07-06,8255,上櫃,176.5,172.5,除息,0.9773371104815864
2023-07-06,8422,上市,208.5,198.51,息,0.9520863309352517
2023-07-06,8482,上市,77.2,70.98,息,0.9194300518134715
2023-07-06,9907,上市,19.9,18.42,息,0.9256281407035177
2023-07-06,9933,上市,42.15,40.25,息,0.9549228944246738
2023-07-07,1580,上櫃,128.0,122.0,除息,0.953125
2023-07-07,2360,上市,264.0,255.99,息,0.969659090909091
2023-07-07,2363,上市,18.55,17.55,息,0.9460916442048517
2023-07-07,2373,上市,80.5,75.8,息,0.9416149068322981
2023-07-07,3290,上櫃,26.95,26.38,除息,0.9788497217068646
2023-07-07,3441,上櫃,44.6,43.1,除息,0.9663677130044843
2023-07-07,4711,上櫃,17.5,17.0,除息,0.9714285714285714
2023-07-07,5291,上櫃,33.9,31.2,除息,0.9203539823008849
2023-07-07,5465,上櫃,57.0,55.5,除息,0.9736842105263158
2023-07-07,5904,上櫃,583.0,553.56,除權息,0.9495025728987992
2023-07-07,6115,上市,47.0,43.8,息,0.9319148936170212
2023-07-07,6136,上市,20.1,18.95,息,0.9427860696517412
2023-07-07,6615,上櫃,39.85,38.85,除息,0.9749058971141782
2023-07-07,6804,上櫃,75.6,72.37,除權,0.9572751322751324
2023-07-07,6829,上櫃,134.5,129.1,除息,0.9598513011152416
2023-07-07,6840,上櫃,68.2,65.47,除息,0.9599706744868035
2023-07-07,8039,上市,44.1,41.6,息,0.9433106575963719
2023-07-07,8109,上櫃,94.3,92.32,除息,0.9790031813361612
2023-07-07,8358,上櫃,62.4,59.9,除息,0.9599358974358975
2023-07-07,8462,上市,159.0,157.44,息,0.990188679245283
2023-07-10,1234,上市,40.85,39.05,息,0.9559363525091799
2023-07-10,1336,上櫃,23.95,23.54,除息,0.9828810020876827
2023-07-10,1452,上市,17.7,16.9,息,0.9548022598870056
2023-07-10,1612,上市,26.6,25.1,息,0.943609022556391
2023-07-10,2359,上市,37.3,35.8,息,0.9597855227882037
2023-07-10,2597,上市,119.0,109.0,息,0.9159663865546218
2023-07-10,2610,上市,26.25,25.78,息,0.9820952380952381
2023-07-10,2645,上市,114.0,110.0,息,0.9649122807017544
2023-07-10,3038,上市,39.4,37.8,息,0.9593908629441624
2023-07-10,3390,上櫃,17.95,17.27,除息,0.9621169916434541
2023-07-10,3489,上櫃,11.35,11.05,除息,0.9735682819383261
2023-07-10,3591,上市,26.2,25.9,息,0.9885496183206106
2023-07-10,4148,上市,62.0,59.5,息,0.9596774193548387
2023-07-10,4163,上櫃,138.0,134.0,除息,0.9710144927536232
2023-07-10,4807,上市,19.45,19.0,息,0.9768637532133676
2023-07-10,4987,上櫃,64.2,59.7,除息,0.9299065420560748
2023-07-10,5215,上市,46.3,44.3,息,0.9568034557235421
2023-07-10,5263,上櫃,132.0,130.55,除息,0.9890151515151516
2023-07-10,5284,上市,136.0,133.2,息,0.9794117647058823
2023-07-10,5432,上櫃,33.6,32.6,除息,0.9702380952380952
2023-07-10,6190,上櫃,36.3,34.3,除息,0.9449035812672176
2023-07-10,6196,上市,141.0,135.36,息,0.9600000000000001
2023-07-10,6213,上市,69.3,66.3,息,0.9567099567099567
2023-07-10,6220,上櫃,28.75,25.75,除息,0.8956521739130435
2023-07-10,6596,上櫃,56.7,56.2,除息,0.9911816578483245
2023-07-10,6763,上櫃,518.0,507.9,除息,0.9805019305019305
2023-07-10,6791,上櫃,110.5,107.32,除息,0.9712217194570135
2023-07-10,6796,上市,102.0,100.2,息,0.9823529411764707
2023-07-10,7556,上櫃,118.5,110.0,除權息,0.9282700421940928
2023-07-10,8034,上櫃,19.2,18.6,除息,0.9687500000000001
2023-07-10,8064,上櫃,20.1,18.6,除息,0.9253731343283582
2023-07-10,8463,上市,25.7,25.47,息,0.9910505836575876
2023-07-10,8923,上櫃,21.15,20.15,除息,0.9527186761229315
2023-07-10,9935,上市,19.8,19.15,息,0.967171717171717
2023-07-11,1101,上市,36.85,36.35,息,0.9864314789687924
2023-07-11,1101B,上市,49.15,47.4,息,0.9643947100712106
2023-07-11,1210,上市,52.5,51.0,息,0.9714285714285714
2023-07-11,1219,上市,21.55,20.43,權息,0.9480278422273781
2023-07-11,1220,上市,14.85,14.65,息,0.9865319865319866
2023-07-11,1618,上市,23.4,22.8,息,0.9743589743589745
2023-07-11,2069,上市,19.7,18.7,息,0.949238578680203
2023-07-11,2302,上市,20.65,19.85,息,0.9612590799031479
2023-07-11,2387,上市,44.95,41.45,息,0.9221357063403782
2023-07-11,2401,上市,28.55,27.95,息,0.9789842381786339
2023-07-11,2493,上市,64.5,60.5,息,0.937984496124031
2023-07-11,2633,上市,31.2,30.53,息,0.9785256410256411
2023-07-11,2634,上市,58.3,57.22,息,0.98147512864494
2023-07-11,3028,上市,34.45,31.53,息,0.9152394775036284
2023-07-11,3031,上市,20.7,19.85,息,0.958937198067633
2023-07-11,3034,上市,430.5,393.5,息,0.9140534262485482
2023-07-11,3055,上市,37.85,36.85,息,0.9735799207397622
2023-07-11,3234,上櫃,29.25,26.92,除權,0.9203418803418804
2023-07-11,3310,上櫃,94.9,91.88,除息,0.968177028451001
2023-07-11,3532,上市,160.5,153.2,息,0.9545171339563863
2023-07-11,3567,上櫃,31.75,29.65,除息,0.9338582677165354
2023-07-11,4104,上市,102.0,98.35,息,0.9642156862745097
2023-07-11,4138,上櫃,127.0,123.85,除息,0.9751968503937007
2023-07-11,4173,上櫃,24.45,23.8,除息,0.9734151329243355
2023-07-11,4931,上櫃,43.8,41.61,除息,0.9500000000000001
2023-07-11,6129,上櫃,31.9,31.25,除息,0.9796238244514107
2023-07-11,6514,上櫃,56.8,53.3,除息,0.9383802816901409
2023-07-11,6515,上市,842.0,820.0,息,0.9738717339667459
2023-07-11,6751,上櫃,101.5,100.36,除權,0.9887684729064039
2023-07-11,6792,上市,89.3,84.3,息,0.9440089585666294
2023-07-11,8163,上市,46.0,43.0,息,0.9347826086956522
2023-07-11,8367,上市,46.2,43.7,息,0.9458874458874459
2023-07-12,1608,上市,22.9,22.5,息,0.9825327510917031
2023-07-12,2024,上市,17.6,17.25,息,0.9801136363636362
2023-07-12,2316,上市,27.6,27.1,息,0.9818840579710145
2023-07-12,2332,上市,21.95,21.72,息,0.9895216400911162
2023-07-12,2356,上市,47.25,45.75,息,0.9682539682539683
2023-07-12,2459,上市,59.3,55.5,息,0.9359190556492412
2023-07-12,3050,上市,15.9,15.4,息,0.9685534591194969
2023-07-12,3122,上櫃,26.1,25.86,除息,0.9908045977011494
2023-07-12,3171,上櫃,18.9,17.9,除息,0.9470899470899471
2023-07-12,3265,上櫃,78.9,73.9,除息,0.9366286438529785
2023-07-12,3465,上櫃,89.6,86.49,除權息,0.9652901785714286
2023-07-12,4126,上櫃,89.1,84.9,除息,0.952861952861953
2023-07-12,4164,上市,67.7,65.73,息,0.9709010339734121
2023-07-12,6166,上市,73.4,70.9,息,0.9659400544959128
2023-07-12,6194,上櫃,31.0,30.7,除息,0.9903225806451613
2023-07-12,6197,上市,70.8,67.6,息,0.9548022598870056
2023-07-12,6231,上櫃,118.5,112.2,除息,0.9468354430379747
2023-07-12,6285,上市,121.0,116.15,息,0.9599173553719009
2023-07-12,6292,上櫃,45.5,42.5,除息,0.9340659340659341
2023-07-12,6443,上市,34.45,33.95,權,0.9854862119013063
2023-07-12,6605,上市,121.0,116.0,息,0.9586776859504132
2023-07-12,6781,上市,791.0,772.0,息,0.9759797724399494
2023-07-12,8072,上市,28.7,27.7,息,0.9651567944250871
2023-07-12,8131,上市,43.7,40.4,息,0.9244851258581235
2023-07-12,8284,上櫃,64.7,60.7,除息,0.9381761978361669
2023-07-12,8383,上櫃,41.7,39.2,除息,0.9400479616306955
2023-07-12,9904,上市,31.1,29.8,息,0.9581993569131833
2023-07-13,1109,上市,18.05,17.25,息,0.9556786703601108
2023-07-13,1231,上市,99.8,89.27,權息,0.8944889779559118
2023-07-13,1233,上市,37.75,36.9,息,0.9774834437086092
2023-07-13,1236,上市,23.8,22.8,息,0.957983193277311
2023-07-13,1423,上市,23.8,23.6,息,0.9915966386554622
2023-07-13,1440,上市,16.0,15.65,息,0.978125
2023-07-13,1560,上市,122.5,118.5,息,0.9673469387755103
2023-07-13,1614,上市,38.35,37.35,息,0.9739243807040417
2023-07-13,1723,上市,113.5,108.5,息,0.9559471365638766
2023-07-13,1734,上市,33.75,32.75,息,0.9703703703703703
2023-07-13,1907,上市,36.3,35.4,息,0.975206611570248
2023-07-13,2029,上市,25.3,24.27,息,0.959288537549407
2023-07-13,2032,上市,17.35,17.15,息,0.988472622478386
2023-07-13,2073,上櫃,31.9,30.08,除息,0.9429467084639498
2023-07-13,2114,上市,108.0,103.0,息,0.9537037037037037
2023-07-13,2204,上市,93.5,89.5,息,0.9572192513368984
2023-07-13,2235,上櫃,46.0,42.0,除息,0.9130434782608695
2023-07-13,2404,上市,219.5,204.5,息,0.9316628701594533
2023-07-13,2449,上市,62.2,58.7,息,0.9437299035369775
2023-07-13,2453,上市,67.1,64.9,息,0.9672131147540985
2023-07-13,2501,上市,16.2,15.7,息,0.9691358024691358
2023-07-13,2607,上市,28.2,26.95,息,0.9556737588652482
2023-07-13,2608,上市,38.5,36.85,息,0.9571428571428572
2023-07-13,2612,上市,40.9,38.72,息,0.9466992665036675
2023-07-13,3013,上市,40.65,40.35,息,0.9926199261992621
2023-07-13,3037,上市,171.0,163.0,息,0.9532163742690059
2023-07-13,3044,上市,123.0,115.55,息,0.9394308943089431
2023-07-13,3130,上市,215.0,201.58,息,0.9375813953488372
2023-07-13,3189,上市,113.5,107.02,息,0.9429074889867841
2023-07-13,3217,上櫃,135.5,130.15,除息,0.9605166051660518
2023-07-13,3354,上櫃,14.55,14.35,除息,0.986254295532646
2023-07-13,3402,上櫃,52.5,48.3,除息,0.9199999999999999
2023-07-13,3438,上櫃,71.0,69.6,除息,0.980281690140845
2023-07-13,3490,上櫃,26.1,24.8,除息,0.9501915708812261
2023-07-13,3581,上櫃,24.5,23.7,除息,0.9673469387755101
2023-07-13,3588,上市,50.0,47.65,權息,0.953
2023-07-13,3596,上市,132.0,125.5,息,0.9507575757575758
2023-07-13,3652,上市,33.4,32.72,息,0.9796407185628743
2023-07-13,3672,上櫃,26.65,26.55,除息,0.9962476547842403
2023-07-13,3701,上市,66.1,64.92,權息,0.9821482602118005
2023-07-13,3715,上市,30.6,29.8,息,0.9738562091503268
2023-07-13,4536,上市,184.5,173.5,息,0.940379403794038
2023-07-13,4979,上櫃,149.0,148.94,除息,0.9995973154362416
2023-07-13,5011,上櫃,26.55,24.56,除息,0.9250470809792843
2023-07-13,5206,上櫃,20.55,20.05,除息,0.975669099756691
2023-07-13,5230,上櫃,24.4,23.6,除息,0.9672131147540984
2023-07-13,5356,上櫃,30.4,28.9,除息,0.9506578947368421
2023-07-13,5371,上櫃,75.7,71.2,除息,0.940554821664465
2023-07-13,5519,上市,25.05,22.95,息,0.9161676646706586
2023-07-13,6005,上市,14.5,14.11,息,0.973103448275862
2023-07-13,6223,上櫃,175.0,168.0,除息,0.96
2023-07-13,6278,上市,99.5,92.5,息,0.9296482412060302
2023-07-13,6556,上櫃,111.5,106.5,除息,0.9551569506726457
2023-07-13,6592,上市,156.5,139.09,權息,0.8887539936102237
2023-07-13,6592A,上市,97.0,95.82,息,0.9878350515463917
2023-07-13,6643,上櫃,1075.0,969.99,除權息,0.9023162790697674
2023-07-13,6754,上市,55.3,51.6,息,0.9330922242314648
2023-07-13,8016,上市,246.5,224.5,息,0.9107505070993914
2023-07-13,8088,上櫃,36.25,33.85,除息,0.9337931034482759
2023-07-13,8099,上櫃,56.1,54.35,除息,0.9688057040998217
2023-07-13,8374,上市,31.1,30.6,息,0.9839228295819936
2023-07-13,8941,上櫃,61.8,55.8,除息,0.9029126213592233
2023-07-14,1446,上市,37.6,37.4,息,0.9946808510638298
2023-07-14,1513,上市,134.0,130.68,息,0.9752238805970149
2023-07-14,2106,上市,31.25,29.28,權息,0.93696
2023-07-14,2618,上市,39.75,38.95,息,0.9798742138364781
2023-07-14,3032,上市,69.4,67.38,息,0.9708933717579249
2023-07-14,3624,上櫃,59.1,56.5,除息,0.9560067681895092
2023-07-14,3684,上櫃,61.5,50.41,除權,0.8196747967479674
2023-07-14,3709,上櫃,24.2,23.2,除息,0.9586776859504132
2023-07-14,4551,上市,149.5,143.5,息,0.959866220735786
2023-07-14,4706,上櫃,19.25,18.65,除息,0.9688311688311687
2023-07-14,4741,上櫃,36.8,35.4,除息,0.9619565217391305
2023-07-14,4999,上市,37.05,35.3,息,0.9527665317139001
2023-07-14,5474,上櫃,129.5,125.7,除息,0.9706563706563707
2023-07-14,5706,上市,89.5,89.2,息,0.9966480446927375
2023-07-14,6207,上櫃,31.75,30.25,除息,0.952755905511811
2023-07-14,6409,上市,1875.0,1831.49,息,0.9767946666666667
2023-07-14,6629,上櫃,47.6,46.33,除息,0.9733193277310924
2023-07-17,1264,上櫃,298.5,286.5,除息,0.9597989949748744
2023-07-17,1338,上市,43.0,41.0,息,0.9534883720930233
2023-07-17,1402,上市,32.3,30.95,息,0.9582043343653251
2023-07-17,1439,上市,22.7,22.4,息,0.986784140969163
2023-07-17,1503,上市,162.5,160.5,息,0.9876923076923076
2023-07-17,1532,上市,36.25,35.05,息,0.9668965517241378
2023-07-17,2945,上市,41.6,40.87,息,0.982451923076923
2023-07-17,3221,上櫃,30.55,28.05,除息,0.9181669394435352
2023-07-17,3293,上櫃,652.0,617.0,除息,0.946319018404908
2023-07-17,3380,上市,48.1,46.41,息,0.9648648648648648
2023-07-17,3707,上櫃,87.7,86.7,除息,0.9885974914481186
2023-07-17,4205,上櫃,106.5,103.5,除息,0.971830985915493
2023-07-17,4721,上櫃,96.0,91.4,除息,0.9520833333333334
2023-07-17,4768,上櫃,226.0,210.95,除權息,0.9334070796460177
2023-07-17,4935,上市,57.0,53.0,息,0.9298245614035088
2023-07-17,4960,上市,12.2,11.89,息,0.9745901639344263
2023-07-17,6205,上市,67.1,64.1,息,0.9552906110283159
2023-07-17,6405,上市,23.5,23.4,息,0.9957446808510638
2023-07-17,6416,上市,98.0,94.4,息,0.963265306122449
2023-07-17,6432,上櫃,35.35,33.85,除息,0.9575671852899575
2023-07-17,6462,上櫃,111.5,108.7,除息,0.9748878923766816
2023-07-17,6486,上櫃,78.2,73.07,除息,0.9343989769820971
2023-07-17,6491,上市,370.0,363.84,權,0.9833513513513513
2023-07-17,6689,上市,133.0,130.2,息,0.9789473684210526
2023-07-17,6691,上市,400.0,291.98,權息,0.7299500000000001
2023-07-17,6741,上櫃,128.5,127.8,除息,0.9945525291828794
2023-07-17,6790,上市,40.6,38.3,息,0.9433497536945812
2023-07-17,6873,上市,115.0,111.0,息,0.9652173913043478
2023-07-17,8421,上櫃,14.9,13.89,除息,0.9322147651006711
2023-07-17,8478,上市,589.0,579.0,息,0.9830220713073005
2023-07-17,8905,上櫃,29.6,28.6,除息,0.9662162162162162
2023-07-17,9918,上市,42.7,41.7,息,0.9765807962529274
2023-07-17,9926,上市,55.3,53.3,息,0.9638336347197106
2023-07-18,0050,上市,132.0,130.1,息,0.9856060606060606
2023-07-18,0056,上市,35.94,34.94,息,0.9721758486366165
2023-07-18,006203,上市,64.55,63.65,息,0.9860573199070488
2023-07-18,006208,上市,76.45,75.09,息,0.9822105951602355
2023-07-18,00687B,上櫃,32.87,32.62,除息,0.9923942804989352
2023-07-18,00692,上市,33.33,32.59,息,0.977797779777978
2023-07-18,00694B,上櫃,39.06,38.88,除息,0.9953917050691244
2023-07-18,00695B,上櫃,34.83,34.69,除息,0.9959804766006316
2023-07-18,00696B,上櫃,33.32,33.09,除息,0.9930972388955583
2023-07-18,00702,上市,21.1,20.8,息,0.985781990521327
2023-07-18,00714,上市,19.34,19.22,息,0.9937952430196484
2023-07-18,00717,上市,14.68,14.52,息,0.989100817438692
2023-07-18,00719B,上櫃,30.85,30.48,除息,0.9880064829821718
2023-07-18,00720B,上櫃,34.94,34.46,除息,0.9862621637092159
2023-07-18,00722B,上櫃,37.58,37.07,除息,0.9864289515699841
2023-07-18,00723B,上櫃,33.95,33.56,除息,0.9885125184094256
2023-07-18,00724B,上櫃,33.55,33.12,除息,0.9871833084947839
2023-07-18,00725B,上櫃,36.85,36.43,除息,0.9886024423337856
2023-07-18,00726B,上櫃,34.06,33.55,除息,0.9850264239577216
2023-07-18,00727B,上櫃,37.97,37.49,除息,0.9873584408743746
2023-07-18,00735,上市,31.31,30.11,息,0.9616735867135101
2023-07-18,00736,上市,20.66,20.53,息,0.9937076476282672
2023-07-18,00740B,上櫃,39.41,38.95,除息,0.9883278355747274
2023-07-18,00741B,上櫃,36.8,36.32,除息,0.9869565217391305
2023-07-18,00744B,上櫃,43.07,41.8,除息,0.9705131181797074
2023-07-18,00746B,上櫃,36.66,36.26,除息,0.989088925259138
2023-07-18,00749B,上櫃,32.49,32.08,除息,0.987380732533087
2023-07-18,00750B,上櫃,35.08,34.69,除息,0.9888825541619156
2023-07-18,00761B,上櫃,37.12,36.75,除息,0.990032327586207
2023-07-18,00772B,上櫃,35.67,35.54,除息,0.9963554807961872
2023-07-18,00773B,上櫃,35.77,35.63,除息,0.9960861056751468
2023-07-18,00782B,上櫃,32.94,32.44,除息,0.9848208864602307
2023-07-18,00784B,上櫃,36.37,36.2,除息,0.9953258179818534
2023-07-18,00785B,上櫃,34.66,34.26,除息,0.988459319099827
2023-07-18,00788B,上櫃,32.0,31.55,除息,0.9859375
2023-07-18,00848B,上櫃,34.38,34.01,除息,0.9892379290285048
2023-07-18,00849B,上櫃,35.99,35.69,除息,0.9916643512086689
2023-07-18,00858,上櫃,28.52,27.08,除息,0.9495091164095372
2023-07-18,00870B,上櫃,30.18,29.83,除息,0.9884029158383034
2023-07-18,00882,上市,11.58,11.18,息,0.9654576856649395
2023-07-18,00884B,上櫃,31.18,30.83,除息,0.9887748556767157
2023-07-18,00888,上櫃,14.47,14.26,除息,0.985487214927436
2023-07-18,00892,上市,12.93,12.64,息,0.9775715390564579
2023-07-18,00905,上市,10.24,10.06,息,0.982421875
2023-07-18,00908,上市,12.58,12.4,息,0.985691573926868
2023-07-18,00912,上市,15.69,15.51,息,0.988527724665392
2023-07-18,00927,上市,15.52,15.3,息,0.9858247422680413
2023-07-18,1201,上市,19.8,19.56,息,0.9878787878787878
2023-07-18,1434,上市,27.7,26.2,息,0.9458483754512635
2023-07-18,1582,上市,59.6,56.6,息,0.9496644295302014
2023-07-18,1760,上市,132.0,130.0,息,0.9848484848484849
2023-07-18,2010,上市,18.15,17.55,息,0.9669421487603307
2023-07-18,2211,上市,64.0,59.0,息,0.921875
2023-07-18,2340,上市,57.3,56.3,息,0.9825479930191972
2023-07-18,2348,上市,71.1,66.1,息,0.929676511954993
2023-07-18,2348A,上市,35.7,34.1,息,0.9551820728291316
2023-07-18,2427,上市,30.6,30.25,息,0.9885620915032679
2023-07-18,2482,上市,69.6,68.1,息,0.978448275862069
2023-07-18,2712,上市,38.7,38.61,息,0.9976744186046511
2023-07-18,2812,上市,15.75,14.82,權息,0.940952380952381
2023-07-18,2849,上市,15.45,15.05,息,0.9741100323624596
2023-07-18,2903,上市,23.8,22.7,息,0.953781512605042
2023-07-18,2906,上市,18.7,18.1,息,0.9679144385026739
2023-07-18,3048,上市,27.6,25.6,息,0.927536231884058
2023-07-18,3227,上櫃,117.0,111.0,除息,0.9487179487179487
2023-07-18,3311,上市,34.8,34.2,息,0.9827586206896554
2023-07-18,3362,上櫃,150.5,149.5,除息,0.9933554817275747
2023-07-18,3512,上櫃,32.85,29.85,除息,0.908675799086758
2023-07-18,4306,上市,15.65,14.67,息,0.9373801916932907
2023-07-18,4728,上櫃,237.0,227.5,除息,0.959915611814346
2023-07-18,5410,上櫃,34.7,32.21,除息,0.9282420749279539
2023-07-18,5515,上市,14.45,13.45,息,0.9307958477508651
2023-07-18,5608,上市,22.45,20.79,權息,0.9260579064587973
2023-07-18,6170,上櫃,45.0,42.9,除息,0.9533333333333333
2023-07-18,6244,上櫃,33.05,32.6,除息,0.9863842662632376
2023-07-18,6715,上市,134.0,129.52,息,0.9665671641791046
2023-07-18,8091,上櫃,101.5,94.5,除息,0.9310344827586207
2023-07-18,8097,上櫃,52.1,50.09,除息,0.9614203454894434
2023-07-18,8215,上市,43.3,41.3,息,0.953810623556582
2023-07-18,8415,上櫃,35.45,33.65,除息,0.9492242595204512
2023-07-18,8917,上櫃,67.8,65.8,除息,0.9705014749262537
2023-07-19,00789B,上櫃,52.6,52.04,除息,0.9893536121673003
2023-07-19,00790B,上櫃,52.5,51.93,除息,0.9891428571428571
2023-07-19,00791B,上櫃,53.45,52.93,除息,0.9902712815715622
2023-07-19,00929,上市,16.57,16.46,息,0.9933614966807484
2023-07-19,1256,上市,318.0,311.5,息,0.9795597484276729
2023-07-19,1525,上市,102.0,99.9,息,0.9794117647058824
2023-07-19,1535,上市,62.0,59.0,息,0.9516129032258065
2023-07-19,1584,上櫃,37.0,35.55,除權,0.9608108108108108
2023-07-19,1615,上市,39.9,38.4,息,0.9624060150375939
2023-07-19,1735,上市,17.0,16.5,息,0.9705882352941176
2023-07-19,1785,上櫃,38.2,36.7,除息,0.9607329842931938
2023-07-19,2009,上市,31.2,30.8,息,0.9871794871794872
2023-07-19,2374,上市,20.85,20.4,息,0.9784172661870503
2023-07-19,2704,上市,52.4,51.9,息,0.9904580152671756
2023-07-19,3022,上市,88.3,84.8,息,0.9603624009060022
2023-07-19,3024,上市,16.15,15.93,息,0.9863777089783282
2023-07-19,3046,上市,74.7,72.73,權息,0.9736278447121821
2023-07-19,4543,上櫃,54.9,53.7,除息,0.9781420765027323
2023-07-19,4576,上市,70.9,69.9,息,0.9858956276445698
2023-07-19,5469,上市,50.2,47.8,息,0.9521912350597609
2023-07-19,5471,上市,51.0,48.5,息,0.9509803921568627
2023-07-19,6112,上市,67.9,65.9,息,0.9705449189985272
2023-07-19,6182,上櫃,48.6,46.1,除息,0.948559670781893
2023-07-19,6191,上市,50.8,48.17,息,0.948228346456693
2023-07-19,6206,上市,71.8,66.3,息,0.9233983286908078
2023-07-19,6229,上櫃,29.3,27.7,除息,0.9453924914675768
2023-07-19,6442,上市,77.6,75.5,息,0.972938144329897
2023-07-19,6449,上市,55.6,53.3,息,0.9586330935251798
2023-07-19,6485,上櫃,100.5,96.5,除息,0.9601990049751243
2023-07-19,6488,上櫃,542.0,532.5,除息,0.9824723247232472
2023-07-19,6538,上櫃,154.5,151.2,除息,0.978640776699029
2023-07-19,6843,上櫃,73.9,71.4,除息,0.9661705006765899
2023-07-19,8044,上櫃,47.5,46.66,除權,0.9823157894736841
2023-07-19,8182,上櫃,30.7,29.7,除息,0.9674267100977199
2023-07-19,8349,上櫃,64.7,62.71,除息,0.969242658423493
2023-07-19,8349A,上櫃,45.5,43.6,除息,0.9582417582417583
2023-07-19,8464,上市,343.0,332.0,息,0.967930029154519
2023-07-19,8499,上市,102.5,100.5,息,0.9804878048780488
2023-07-19,9919,上市,18.75,18.6,息,0.9920000000000001
2023-07-19,9930,上市,54.0,51.5,息,0.9537037037037037
2023-07-19,9943,上市,90.3,87.0,息,0.9634551495016611
2023-07-20,00734B,上櫃,15.98,15.76,除息,0.9862327909887358
2023-07-20,00842B,上櫃,32.63,32.17,除息,0.9859025436714679
2023-07-20,00904,上市,13.3,13.19,息,0.9917293233082706
2023-07-20,1102,上市,44.8,42.5,息,0.9486607142857143
2023-07-20,1227,上市,40.8,39.51,息,0.9683823529411765
2023-07-20,1473,上市,24.6,23.6,息,0.959349593495935
2023-07-20,1522,上市,34.35,32.55,息,0.947598253275109
2023-07-20,1522A,上市,46.55,44.55,息,0.9570354457572503
2023-07-20,1905,上市,26.95,26.65,息,0.9888682745825603
2023-07-20,2034,上市,29.05,27.55,息,0.9483648881239243
2023-07-20,2338,上市,79.3,76.8,息,0.9684741488020177
2023-07-20,2352,上市,59.7,57.7,息,0.966499162479062
2023-07-20,2471,上市,56.0,53.16,息,0.9492857142857142
2023-07-20,2515,上市,11.1,10.57,息,0.9522522522522523
2023-07-20,2534,上市,21.95,20.2,息,0.9202733485193622
2023-07-20,2617,上市,30.55,28.35,息,0.927986906710311
2023-07-20,2836A,上市,21.95,21.17,息,0.9644646924829158
2023-07-20,2881,上市,64.8,63.3,息,0.9768518518518519
2023-07-20,2881A,上市,62.2,59.74,息,0.9604501607717042
2023-07-20,2881B,上市,59.8,57.64,息,0.9638795986622074
2023-07-20,2881C,上市,57.5,55.7,息,0.9686956521739131
2023-07-20,3026,上市,106.5,96.66,權息,0.9076056338028169
2023-07-20,3607,上市,16.85,15.85,息,0.9406528189910979
2023-07-20,3611,上櫃,292.5,279.53,除息,0.9556581196581195
2023-07-20,3687,上櫃,109.0,107.5,除息,0.9862385321100917
2023-07-20,4175,上櫃,129.0,115.16,除權息,0.8927131782945736
2023-07-20,4555,上市,53.3,51.77,息,0.9712945590994373
2023-07-20,5386,上櫃,63.7,59.25,除權息,0.9301412872841444
2023-07-20,6120,上市,19.2,19.04,息,0.9916666666666667
2023-07-20,6173,上櫃,42.2,40.99,除息,0.9713270142180095
2023-07-20,6217,上櫃,49.1,47.6,除息,0.9694501018329938
2023-07-20,6508,上櫃,37.6,34.91,除息,0.9284574468085105
2023-07-20,6582,上市,55.0,53.5,息,0.9727272727272728
2023-07-20,6609,上櫃,37.8,34.8,除息,0.9206349206349206
2023-07-20,6616,上櫃,14.35,13.57,除權息,0.9456445993031359
2023-07-20,6693,上櫃,63.3,61.3,除息,0.9684044233807267
2023-07-20,6782,上市,203.0,197.5,息,0.9729064039408867
2023-07-20,8050,上櫃,103.0,97.42,除息,0.9458252427184466
2023-07-20,8110,上市,13.75,13.6,息,0.989090909090909
2023-07-20,8431,上櫃,63.3,63.2,除息,0.9984202211690364
2023-07-21,00834B,上櫃,34.23,33.8,除息,0.9874379199532574
2023-07-21,1104,上市,31.2,28.83,權息,0.9240384615384615
2023-07-21,1558,上市,111.5,106.0,息,0.9506726457399103
2023-07-21,1721,上市,14.75,14.65,息,0.9932203389830508
2023-07-21,1777,上櫃,88.0,85.0,除息,0.9659090909090909
2023-07-21,2937,上櫃,33.2,31.92,除息,0.96144578313253
2023-07-21,3527,上櫃,101.0,97.0,除息,0.9603960396039604
2023-07-21,4506,上櫃,83.5,80.1,除息,0.9592814371257484
2023-07-21,4764,上市,47.0,46.5,息,0.9893617021276596
2023-07-21,5439,上櫃,111.5,108.2,除息,0.9704035874439462
2023-07-21,5704,上櫃,70.5,68.28,除息,0.9685106382978723
2023-07-21,6259,上櫃,22.65,20.93,除權息,0.9240618101545255
2023-07-21,6419,上櫃,47.5,42.2,除息,0.888421052631579
2023-07-21,6477,上市,47.75,46.03,權息,0.9639790575916231
2023-07-21,6670,上市,223.0,201.0,息,0.9013452914798207
2023-07-21,8921,上櫃,14.95,14.45,除息,0.9665551839464883
2023-07-21,8926,上市,53.7,49.82,權息,0.9277467411545623
2023-07-24,1463,上市,14.75,14.35,息,0.9728813559322034
2023-07-24,1762,上市,78.6,77.3,息,0.9834605597964376
2023-07-24,2852,上市,16.6,15.88,息,0.9566265060240964
2023-07-24,3051,上市,24.8,23.6,息,0.9516129032258065
2023-07-24,3268,上櫃,22.95,22.25,除息,0.9694989106753813
2023-07-24,3272,上櫃,44.95,38.62,除權息,0.8591768631813125
2023-07-24,3323,上櫃,33.35,31.85,除息,0.9550224887556222
2023-07-24,3444,上櫃,87.7,83.9,除息,0.9566704675028507
2023-07-24,3526,上櫃,166.0,156.6,除息,0.9433734939759035
2023-07-24,3550,上市,16.05,15.55,息,0.9688473520249221
2023-07-24,3551,上櫃,71.8,68.6,除息,0.9554317548746518
2023-07-24,3576,上市,18.6,18.5,息,0.9946236559139784
2023-07-24,4129,上櫃,75.6,73.32,除息,0.9698412698412698
2023-07-24,4129A,上櫃,75.0,72.66,除息,0.9688
2023-07-24,4737,上市,76.7,74.6,息,0.9726205997392438
2023-07-24,5607,上市,73.7,65.9,權息,0.8941655359565808
2023-07-24,6203,上櫃,98.5,93.57,除息,0.9499492385786802
2023-07-24,6290,上櫃,63.1,60.99,除息,0.9665610142630745
2023-07-24,6664,上櫃,135.0,128.17,除息,0.9494074074074074
2023-07-24,6716,上櫃,103.5,90.0,除權息,0.8695652173913043
2023-07-24,6823,上櫃,82.8,76.48,除權息,0.9236714975845411
2023-07-24,8069,上櫃,215.0,210.5,除息,0.9790697674418605
2023-07-25,1436,上市,68.6,63.46,息,0.9250728862973762
2023-07-25,1701,上市,25.25,24.45,息,0.9683168316831683
2023-07-25,2008,上市,19.75,19.22,息,0.9731645569620253
2023-07-25,2062,上市,23.2,22.2,息,0.9568965517241379
2023-07-25,2206,上市,77.1,75.3,息,0.9766536964980546
2023-07-25,2221,上櫃,43.4,39.4,除息,0.9078341013824884
2023-07-25,2239,上市,67.7,67.23,息,0.9930576070901034
2023-07-25,2355,上市,34.9,34.05,息,0.9756446991404011
2023-07-25,2405,上市,15.35,15.15,息,0.9869706840390879
2023-07-25,2414,上市,37.25,34.75,息,0.9328859060402684
2023-07-25,3081,上櫃,107.0,103.5,除息,0.9672897196261683
2023-07-25,3491,上櫃,153.5,149.54,除息,0.9742019543973941
2023-07-25,3501,上市,55.1,51.1,息,0.9274047186932849
2023-07-25,3665,上市,309.5,296.74,權息,0.9587722132471729
2023-07-25,3673,上市,39.4,38.9,息,0.9873096446700508
2023-07-25,3702,上市,56.8,52.95,息,0.932218309859155
2023-07-25,3702A,上市,48.6,46.6,息,0.9588477366255144
2023-07-25,3712,上市,35.9,33.9,息,0.9442896935933147
2023-07-25,4561,上櫃,26.0,25.3,除息,0.9730769230769231
2023-07-25,4581,上市,71.5,69.0,息,0.965034965034965
2023-07-25,5245,上櫃,44.95,42.45,除息,0.9443826473859844
2023-07-25,5457,上櫃,52.1,50.26,除息,0.9646833013435699
2023-07-25,5483,上櫃,180.5,174.7,除息,0.9678670360110803
2023-07-25,6187,上櫃,130.5,127.44,除息,0.976551724137931
2023-07-25,6411,上櫃,114.0,110.73,除息,0.9713157894736842
2023-07-25,6527,上櫃,114.5,106.76,除權息,0.9324017467248908
2023-07-25,6651,上櫃,80.4,74.4,除息,0.9253731343283582
2023-07-25,6680,上櫃,98.8,88.02,除權息,0.8908906882591093
2023-07-25,6684,上櫃,48.85,47.87,除息,0.9799385875127942
2023-07-25,9941,上市,212.5,188.09,權息,0.8851294117647059
2023-07-25,9941A,上市,50.0,48.0,息,0.96
2023-07-26,1110,上市,19.7,19.6,息,0.9949238578680204
2023-07-26,1229,上市,69.3,63.55,權息,0.917027417027417
2023-07-26,1444,上市,10.95,10.52,權,0.960730593607306
2023-07-26,1465,上市,14.5,13.65,息,0.9413793103448276
2023-07-26,1540,上市,17.9,17.3,息,0.9664804469273744
2023-07-26,1786,上市,95.3,93.31,息,0.9791185729275971
2023-07-26,2002,上市,29.35,28.35,息,0.9659284497444633
2023-07-26,2002A,上市,45.5,44.1,息,0.9692307692307692
2023-07-26,2014,上市,24.7,24.35,息,0.9858299595141701
2023-07-26,2023,上市,15.1,14.79,息,0.9794701986754967
2023-07-26,2228,上市,104.0,100.0,息,0.9615384615384616
2023-07-26,2392,上市,43.3,41.1,息,0.9491916859122402
2023-07-26,2838,上市,16.3,15.42,權息,0.9460122699386503
2023-07-26,2887,上市,19.3,18.03,權息,0.9341968911917099
2023-07-26,3219,上櫃,61.2,60.17,除息,0.9831699346405228
2023-07-26,3266,上市,13.95,13.45,息,0.96415770609319
2023-07-26,3535,上市,19.7,18.7,息,0.949238578680203
2023-07-26,4545,上市,31.6,30.1,息,0.9525316455696202
2023-07-26,5213,上櫃,24.85,24.2,除息,0.9738430583501005
2023-07-26,5426,上櫃,15.85,15.65,除息,0.9873817034700316
2023-07-26,6464,上市,93.8,88.8,息,0.9466950959488273
2023-07-26,6517,上櫃,90.5,89.3,除息,0.9867403314917127
2023-07-26,6721,上櫃,52.9,50.5,除息,0.9546313799621928
2023-07-26,8404,上市,21.95,20.71,權息,0.9435079726651482
2023-07-26,9925,上市,41.9,39.9,息,0.9522673031026253
2023-07-26,9937,上市,68.0,65.9,息,0.9691176470588236
2023-07-27,1103,上市,21.35,20.63,權息,0.9662763466042154
2023-07-27,1304,上市,22.9,22.2,息,0.9694323144104804
2023-07-27,1305,上市,22.25,21.95,息,0.9865168539325843
2023-07-27,1308,上市,26.6,25.4,息,0.9548872180451127
2023-07-27,1309,上市,19.75,19.25,息,0.9746835443037974
2023-07-27,1312,上市,18.35,17.85,息,0.9727520435967303
2023-07-27,1312A,上市,27.65,26.55,息,0.9602169981916818
2023-07-27,1325,上市,22.7,22.2,息,0.9779735682819384
2023-07-27,1417,上市,13.4,13.03,息,0.9723880597014924
2023-07-27,1470,上市,20.2,19.75,息,0.9777227722772277
2023-07-27,1519,上市,212.0,209.5,息,0.9882075471698113
2023-07-27,1521,上市,36.15,35.45,息,0.9806362378976488
2023-07-27,1529,上市,40.1,38.5,權息,0.9600997506234413
2023-07-27,1530,上市,32.7,31.1,息,0.9510703363914372
2023-07-27,1617,上市,16.35,16.05,息,0.981651376146789
2023-07-27,1736,上市,79.6,79.0,息,0.992462311557789
2023-07-27,1810,上市,21.0,20.8,息,0.9904761904761905
2023-07-27,2365,上市,11.8,11.6,息,0.983050847457627
2023-07-27,2511,上市,11.95,11.45,息,0.9581589958158996
2023-07-27,2520,上市,29.95,28.19,息,0.9412353923205343
2023-07-27,2546,上市,75.4,68.84,權息,0.9129973474801061
2023-07-27,2884,上市,26.95,25.78,權息,0.9565862708719852
2023-07-27,2897,上市,10.25,9.87,息,0.9629268292682926
2023-07-27,2897A,上市,10.55,10.12,息,0.9592417061611374
2023-07-27,3131,上櫃,649.0,631.0,除息,0.9722650231124808
2023-07-27,3376,上市,90.7,84.7,息,0.9338478500551268
2023-07-27,3406,上市,395.0,383.0,息,0.9696202531645569
2023-07-27,3426,上櫃,40.4,38.1,除息,0.9430693069306931
2023-07-27,3483,上櫃,145.0,141.02,除息,0.9725517241379311
2023-07-27,3531,上櫃,30.5,28.5,除息,0.9344262295081968
2023-07-27,3537,上櫃,39.8,37.3,除息,0.9371859296482412
2023-07-27,3546,上櫃,86.8,77.43,除權息,0.8920506912442397
2023-07-27,3548,上櫃,69.6,66.6,除息,0.9568965517241379
2023-07-27,4119,上市,115.0,102.0,權息,0.8869565217391304
2023-07-27,4763,上市,898.0,878.38,權,0.9781514476614699
2023-07-27,4942,上市,41.0,38.5,息,0.9390243902439024
2023-07-27,4971,上櫃,56.8,54.8,除息,0.9647887323943662
2023-07-27,5299,上櫃,128.5,120.1,除息,0.9346303501945525
2023-07-27,5425,上櫃,93.6,89.6,除息,0.9572649572649573
2023-07-27,6160,上櫃,28.4,27.8,除息,0.9788732394366197
2023-07-27,6161,上櫃,45.0,42.5,除息,0.9444444444444444
2023-07-27,6257,上市,57.0,52.8,息,0.9263157894736842
2023-07-27,6263,上櫃,141.5,135.1,除息,0.9547703180212014
2023-07-27,6277,上市,87.9,84.6,息,0.9624573378839589
2023-07-27,6284,上櫃,51.4,49.7,除息,0.9669260700389106
2023-07-27,6451,上市,108.0,106.83,息,0.9891666666666666
2023-07-27,6578,上櫃,17.85,17.18,除息,0.9624649859943977
2023-07-27,6706,上市,71.0,67.5,息,0.9507042253521126
2023-07-27,6863,上市,156.5,154.52,息,0.9873482428115017
2023-07-27,6869,上市,90.9,88.9,息,0.977997799779978
2023-07-27,7402,上櫃,76.8,72.06,除權息,0.9382812500000001
2023-07-27,8155,上櫃,171.0,163.7,除息,0.9573099415204678
2023-07-27,8183,上櫃,52.9,51.0,除息,0.9640831758034026
2023-07-27,8390,上櫃,50.8,48.92,除息,0.9629921259842521
2023-07-27,8433,上櫃,87.6,82.6,除息,0.9429223744292238
2023-07-27,8436,上櫃,174.0,168.98,除息,0.9711494252873563
2023-07-27,9905,上市,25.75,24.55,息,0.9533980582524272
2023-07-27,9908,上市,33.55,32.45,息,0.9672131147540985
2023-07-28,2027,上市,49.9,39.58,權息,0.793186372745491
2023-07-28,2481,上市,77.8,74.8,息,0.961439588688946
2023-07-28,2492,上市,95.9,93.49,息,0.9748696558915536
2023-07-28,3454,上市,194.5,189.0,息,0.9717223650385605
2023-07-28,3520,上櫃,17.75,17.45,除息,0.9830985915492957
2023-07-28,4171,上櫃,52.6,40.88,除權息,0.7771863117870723
2023-07-28,5014,上櫃,15.4,14.6,除息,0.948051948051948
2023-07-28,6114,上櫃,28.9,28.4,除息,0.9826989619377162
2023-07-28,6138,上櫃,156.5,147.5,除息,0.9424920127795527
2023-07-28,6671,上市,42.45,40.45,息,0.9528857479387515
2023-07-28,6761,上櫃,98.4,88.86,除權息,0.9030487804878048
2023-07-31,1609,上市,38.05,37.21,權息,0.9779237844940868
2023-07-31,2369,上市,20.05,19.75,息,0.9850374064837905
2023-07-31,2431,上市,11.65,11.55,息,0.9914163090128756
2023-07-31,2495,上市,25.15,24.55,息,0.9761431411530815
2023-07-31,3447,上市,50.5,48.2,息,0.9544554455445545
2023-07-31,3645,上市,49.55,48.95,息,0.9878910191725531
2023-07-31,4767,上櫃,28.3,27.0,除息,0.9540636042402827
2023-07-31,4919,上市,142.0,135.0,息,0.9507042253521126
2023-07-31,6180,上櫃,76.8,71.0,除息,0.9244791666666667
2023-07-31,8171,上櫃,43.0,42.35,除息,0.9848837209302326
2023-07-31,8227,上櫃,180.0,178.5,除息,0.9916666666666667
2023-08-01,3114,上櫃,30.5,28.08,除權息,0.9206557377049179
2023-08-01,3611,上櫃,285.0,259.14,除權,0.9092631578947368
2023-08-01,3689,上櫃,65.6,63.33,除息,0.9653963414634147
2023-08-01,4106,上市,30.9,30.05,息,0.9724919093851133
2023-08-01,4401,上櫃,24.5,23.8,除息,0.9714285714285714
2023-08-01,4739,上市,84.2,81.2,息,0.9643705463182898
2023-08-01,4933,上櫃,38.2,35.29,除息,0.9238219895287957
2023-08-01,4989,上市,33.8,33.3,息,0.985207100591716
2023-08-01,5211,上櫃,24.4,23.65,除息,0.9692622950819673
2023-08-01,5269,上市,983.0,962.99,息,0.9796439471007121
2023-08-01,5312,上櫃,88.7,84.4,除息,0.9515219842164601
2023-08-01,5871,上市,208.0,197.64,權息,0.9501923076923077
2023-08-01,5871A,上市,100.5,96.7,息,0.9621890547263682
2023-08-01,6239,上市,110.5,103.5,息,0.9366515837104072
2023-08-01,8437,上櫃,99.4,96.75,除息,0.9733400402414486
2023-08-01,9942,上市,148.5,142.9,息,0.9622895622895623
2023-08-02,1725,上市,22.3,21.3,息,0.9551569506726457
2023-08-02,2345,上市,394.5,387.0,息,0.9809885931558935
2023-08-02,2393,上市,51.2,48.7,息,0.951171875
2023-08-02,2497,上市,69.7,69.0,息,0.9899569583931133
2023-08-02,2596,上櫃,22.45,21.45,除息,0.955456570155902
2023-08-02,2616,上市,32.95,31.35,息,0.9514415781487101
2023-08-02,2836,上市,12.9,12.52,權,0.9705426356589146
2023-08-02,3033,上市,33.65,30.58,息,0.9087667161961367
2023-08-02,3060,上市,20.15,19.85,息,0.9851116625310176
2023-08-02,4533,上櫃,30.65,30.33,除息,0.9895595432300163
2023-08-02,4927,上市,61.4,59.4,息,0.9674267100977199
2023-08-02,4977,上市,91.3,88.8,息,0.9726177437020811
2023-08-02,5903,上櫃,216.0,209.5,除息,0.9699074074074074
2023-08-03,1216,上市,76.2,73.05,息,0.9586614173228346
2023-08-03,1720,上市,63.4,60.9,息,0.9605678233438486
2023-08-03,1727,上市,37.6,36.86,息,0.9803191489361701
2023-08-03,1730,上市,60.9,57.9,息,0.9507389162561576
2023-08-03,1809,上市,15.55,15.3,息,0.9839228295819936
2023-08-03,1813,上櫃,19.6,19.1,除息,0.9744897959183674
2023-08-03,2207,上市,738.0,721.56,權息,0.9777235772357723
2023-08-03,2233,上市,111.0,105.0,息,0.9459459459459459
2023-08-03,2342,上市,39.8,38.8,息,0.9748743718592965
2023-08-03,2351,上市,103.5,100.3,息,0.9690821256038648
2023-08-03,2376,上市,297.0,290.8,息,0.9791245791245792
2023-08-03,2912,上市,280.5,271.5,息,0.9679144385026738
2023-08-03,3128,上櫃,38.55,37.35,除息,0.9688715953307394
2023-08-03,3209,上市,39.35,35.77,息,0.9090216010165185
2023-08-03,3306,上櫃,47.55,47.05,除息,0.9894847528916929
2023-08-03,3533,上市,736.0,710.81,息,0.9657744565217391
2023-08-03,4432,上櫃,23.85,23.55,除息,0.9874213836477987
2023-08-03,4720,上市,14.7,14.5,息,0.9863945578231293
2023-08-03,6158,上櫃,33.15,32.05,除息,0.9668174962292609
2023-08-03,6201,上市,49.05,46.05,息,0.9388379204892966
2023-08-03,6414,上市,294.0,281.25,息,0.9566326530612245
2023-08-03,6417,上櫃,123.5,121.3,除息,0.9821862348178138
2023-08-03,6743,上市,55.9,55.4,息,0.9910554561717353
2023-08-03,6807,上市,28.6,26.71,息,0.9339160839160839
2023-08-03,9910,上市,212.0,182.41,權息,0.8604245283018868
2023-08-03,9938,上市,56.3,53.8,息,0.955595026642984
2023-08-04,2420,上市,50.6,47.1,息,0.9308300395256917
2023-08-04,2891,上市,26.15,25.14,息,0.9613766730401531
2023-08-04,8021,上市,33.85,31.85,息,0.9409158050221565
2023-08-07,2028,上市,25.65,25.2,息,0.9824561403508772
2023-08-07,2375,上市,62.8,61.3,息,0.9761146496815286
2023-08-07,2458,上市,122.5,119.43,息,0.9749387755102041
2023-08-07,3332,上櫃,51.2,48.7,除息,0.951171875
2023-08-07,4556,上櫃,30.05,29.53,除息,0.9826955074875208
2023-08-07,6703,上櫃,299.5,255.52,除權息,0.8531552587646077
2023-08-08,3092,上市,43.3,41.55,權息,0.9595842956120092
2023-08-08,3141,上櫃,99.4,96.73,除息,0.9731388329979879
2023-08-08,3516,上櫃,17.5,17.3,除息,0.9885714285714287
2023-08-08,4114,上櫃,44.45,40.16,除權息,0.9034870641169852
2023-08-08,4560,上市,38.75,36.55,息,0.9432258064516128
2023-08-08,5223,上櫃,42.0,40.0,除息,0.9523809523809523
2023-08-08,5546,上市,38.3,36.8,息,0.9608355091383812
2023-08-08,8103,上市,40.25,38.25,息,0.9503105590062112
2023-08-08,8104,上市,39.95,38.45,息,0.9624530663329162
2023-08-08,8255,上櫃,174.0,172.13,除權,0.9892528735632183
2023-08-09,2890,上市,18.7,17.74,權息,0.948663101604278
2023-08-09,3289,上櫃,114.5,113.51,除息,0.9913537117903931
2023-08-09,5880,上市,29.35,27.47,權息,0.935945485519591
2023-08-09,6155,上市,27.8,26.3,息,0.9460431654676259
2023-08-09,6209,上市,28.7,28.0,息,0.975609756097561
2023-08-09,6271,上市,164.5,126.53,權,0.7691793313069909
2023-08-09,6649,上櫃,34.2,34.0,除息,0.9941520467836257
2023-08-09,9960,上櫃,30.4,28.2,除息,0.9276315789473685
2023-08-10,1583,上市,69.7,66.7,息,0.9569583931133429
2023-08-10,1593,上櫃,76.4,69.66,除權息,0.9117801047120417
2023-08-10,1713,上市,33.95,32.95,息,0.9705449189985272
2023-08-10,2017,上市,17.1,15.37,權息,0.898830409356725
2023-08-10,2230,上櫃,96.0,85.02,除權息,0.885625
2023-08-10,2409,上市,20.4,19.6,息,0.9607843137254903
2023-08-10,2476,上市,49.95,47.65,息,0.9539539539539539
2023-08-10,2641,上櫃,16.25,16.11,除權,0.9913846153846153
2023-08-10,2801,上市,18.75,17.75,權息,0.9466666666666667
2023-08-10,2886,上市,39.95,38.4,權息,0.9612015018773465
2023-08-10,2915,上市,61.8,59.8,息,0.9676375404530745
2023-08-10,3552,上櫃,135.0,131.5,除息,0.9740740740740741
2023-08-10,5450,上櫃,18.8,18.15,除息,0.9654255319148936
2023-08-10,6143,上櫃,75.9,72.9,除息,0.9604743083003953
2023-08-10,6156,上櫃,22.05,21.25,除息,0.9637188208616779
2023-08-10,6179,上櫃,30.5,30.05,除權息,0.9852459016393443
2023-08-10,6210,上櫃,33.6,31.6,除息,0.9404761904761905
2023-08-10,6457,上櫃,48.35,47.35,除息,0.9793174767321613
2023-08-10,6472,上櫃,939.0,722.92,除權,0.7698828541001065
2023-08-10,8928,上櫃,36.5,33.9,除息,0.9287671232876712
2023-08-10,9914,上市,213.5,206.5,息,0.9672131147540983
2023-08-11,2885,上市,25.3,24.92,權,0.9849802371541503
2023-08-11,2892,上市,29.25,27.62,權息,0.9442735042735043
2023-08-11,3152,上櫃,192.5,188.91,除息,0.9813506493506493
2023-08-11,5203,上市,104.0,101.7,息,0.9778846153846155
2023-08-11,5276,上櫃,16.7,16.1,除息,0.9640718562874253
2023-08-11,5288,上市,181.5,174.44,息,0.9611019283746557
2023-08-11,6189,上市,45.75,42.31,息,0.924808743169399
2023-08-11,6469,上櫃,427.0,347.7,除權,0.8142857142857143
2023-08-14,2729,上櫃,336.0,289.13,除權息,0.8605059523809524
2023-08-14,6291,上櫃,178.0,176.5,除息,0.9915730337078652
2023-08-14,6509,上櫃,38.4,37.02,除息,0.9640625000000002
2023-08-15,1714,上市,8.63,8.53,息,0.9884125144843567
2023-08-15,1726,上市,76.0,72.5,息,0.9539473684210527
2023-08-15,3188,上櫃,14.4,14.1,除息,0.9791666666666666
2023-08-15,4162,上櫃,81.3,79.3,除息,0.97539975399754
2023-08-15,4538,上櫃,22.4,21.09,除權息,0.9415178571428572
2023-08-15,4580,上櫃,95.3,90.05,除息,0.9449108079748164
2023-08-15,5489,上櫃,37.8,36.28,除息,0.9597883597883599
2023-08-15,8112,上市,49.95,48.35,權,0.9679679679679679
2023-08-15,8112A,上市,41.6,40.32,權,0.9692307692307692
2023-08-15,8442,上市,82.9,77.95,息,0.9402895054282268
2023-08-15,8454,上市,596.0,541.81,權,0.9090771812080536
2023-08-15,8916,上櫃,55.1,51.31,除息,0.9312159709618875
2023-08-16,00679B,上櫃,30.97,30.69,除息,0.9909589925734582
2023-08-16,00701,上市,26.28,26.08,息,0.9923896499238964
2023-08-16,00718B,上櫃,20.18,19.87,除息,0.9846382556987117
2023-08-16,00721B,上櫃,45.81,45.25,除息,0.9877755948482864
2023-08-16,00754B,上櫃,36.46,36.05,除息,0.9887547997805813
2023-08-16,00755B,上櫃,33.82,33.38,除息,0.9869899467770551
2023-08-16,00756B,上櫃,33.29,32.81,除息,0.9855812556323221
2023-08-16,00771,上市,16.56,16.37,息,0.9885265700483093
2023-08-16,00772B,上櫃,35.04,34.91,除息,0.9962899543378995
2023-08-16,00773B,上櫃,35.74,35.6,除息,0.996082820369334
2023-08-16,00780B,上櫃,36.12,35.82,除息,0.9916943521594686
2023-08-16,00786B,上櫃,33.51,33.03,除息,0.9856759176365265
2023-08-16,00794B,上櫃,39.92,39.32,除息,0.9849699398797594
2023-08-16,00795B,上櫃,30.92,30.65,除息,0.9912677878395859
2023-08-16,00799B,上櫃,33.04,32.61,除息,0.9869854721549637
2023-08-16,00840B,上櫃,31.55,31.23,除息,0.9898573692551506
2023-08-16,00841B,上櫃,31.37,31.09,除息,0.9910742747848262
2023-08-16,00845B,上櫃,32.39,32.02,除息,0.9885767212102502
2023-08-16,00846B,上櫃,34.07,33.71,除息,0.9894335192251248
2023-08-16,00847B,上櫃,27.69,27.41,除息,0.9898880462260744
2023-08-16,00850,上市,34.0,33.32,息,0.98
2023-08-16,00860B,上櫃,38.24,37.71,除息,0.9861401673640167
2023-08-16,00878,上市,21.43,21.08,息,0.9836677554829677
2023-08-16,00881,上市,17.25,16.79,息,0.9733333333333333
2023-08-16,00890B,上櫃,32.81,32.44,除息,0.9887229503200242
2023-08-16,00891,上市,13.18,12.96,息,0.9833080424886192
2023-08-16,00894,上市,13.82,13.56,息,0.9811866859623734
2023-08-16,00900,上市,13.16,12.55,息,0.9536474164133739
2023-08-16,00907,上市,14.53,14.22,息,0.9786648313833449
2023-08-16,00923,上市,16.06,15.49,息,0.964508094645081
2023-08-16,2301,上市,143.5,141.5,息,0.9860627177700348
2023-08-16,3323,上櫃,31.75,31.27,除權,0.9848818897637795
2023-08-16,3617,上市,252.0,235.23,權息,0.9334523809523809
2023-08-16,5227,上櫃,58.0,55.65,除權,0.9594827586206897
2023-08-16,6202,上市,66.2,62.2,息,0.9395770392749244
2023-08-16,6662,上櫃,32.6,31.1,除息,0.9539877300613497
2023-08-16,8043,上櫃,26.8,25.72,除息,0.9597014925373134
2023-08-16,8049,上櫃,40.55,37.55,除息,0.9260172626387176
2023-08-17,00731,上市,68.4,67.18,息,0.9821637426900585
2023-08-17,00758B,上櫃,51.05,50.47,除息,0.9886385896180215
2023-08-17,00759B,上櫃,55.75,55.16,除息,0.9894170403587443
2023-08-17,00760B,上櫃,53.3,52.59,除息,0.9866791744840526
2023-08-17,00929,上市,16.43,16.32,息,0.9933049300060864
2023-08-17,2472,上市,58.3,54.81,息,0.9401372212692968
2023-08-17,2754,上櫃,154.0,152.5,除息,0.9902597402597403
2023-08-17,2880,上市,21.6,21.01,息,0.9726851851851852
2023-08-17,3008,上市,2040.0,2013.5,息,0.9870098039215687
2023-08-17,3228,上櫃,110.0,106.7,除權息,0.97
2023-08-17,3232,上櫃,23.85,23.35,除息,0.9790356394129979
2023-08-17,3605,上市,27.5,26.95,息,0.98
2023-08-17,6561,上櫃,412.5,366.82,除權息,0.8892606060606061
2023-08-17,6728,上櫃,142.5,132.5,除息,0.9298245614035088
2023-08-18,00775B,上市,33.02,32.72,息,0.9909145972138097
2023-08-18,00844B,上櫃,31.55,31.22,除息,0.9895404120443739
2023-08-18,00867B,上櫃,30.88,30.52,除息,0.9883419689119172
2023-08-18,1565,上櫃,208.5,195.0,除息,0.935251798561151
2023-08-18,3036,上市,71.4,67.1,息,0.9397759103641455
2023-08-18,3036A,上市,47.55,45.55,息,0.9579390115667719
2023-08-18,3056,上市,48.0,31.13,權息,0.6485416666666667
2023-08-18,4744,上櫃,31.05,30.12,除息,0.970048309178744
2023-08-18,5228,上櫃,23.1,22.8,除息,0.987012987012987
2023-08-18,6175,上櫃,36.35,34.6,除息,0.951856946354883
2023-08-21,00913,上市,16.6,15.9,息,0.9578313253012047
2023-08-21,1475,上市,52.2,51.7,息,0.9904214559386973
2023-08-21,1569,上櫃,24.4,22.4,除息,0.9180327868852459
2023-08-21,1597,上市,66.8,64.8,息,0.9700598802395209
2023-08-21,3027,上市,45.35,45.09,息,0.9942668136714443
2023-08-21,3646,上櫃,29.7,27.63,除息,0.9303030303030303
2023-08-21,5289,上櫃,264.0,245.32,除權息,0.9292424242424242
2023-08-21,6284,上櫃,49.9,49.61,除權,0.994188376753507
2023-08-22,1316,上市,12.05,11.6,權,0.962655601659751
2023-08-22,1516,上市,19.4,17.48,權息,0.9010309278350517
2023-08-22,3002,上市,13.5,13.35,息,0.9888888888888888
2023-08-22,3226,上櫃,61.0,58.5,除息,0.9590163934426229
2023-08-22,4111,上櫃,27.45,26.25,除息,0.9562841530054645
2023-08-22,6183,上市,68.6,66.1,息,0.9635568513119533
2023-08-22,6275,上櫃,48.5,46.39,除息,0.9564948453608247
2023-08-22,6683,上櫃,197.0,189.5,除息,0.9619289340101523
2023-08-22,6735,上櫃,52.3,47.52,除權息,0.9086042065009561
2023-08-22,6796,上市,115.5,114.39,權,0.9903896103896104
2023-08-22,8096,上櫃,10.6,10.54,除權息,0.9943396226415094
2023-08-22,9951,上櫃,78.2,74.9,除息,0.9578005115089514
2023-08-23,1537,上市,141.5,131.5,息,0.9293286219081273
2023-08-23,1737,上市,34.85,33.35,息,0.9569583931133429
2023-08-23,3284,上櫃,16.05,15.79,除權息,0.9838006230529595
2023-08-23,3653,上市,594.0,582.33,息,0.9803535353535354
2023-08-23,3663,上櫃,32.7,31.7,除息,0.9694189602446482
2023-08-23,4907,上櫃,37.2,36.0,除息,0.9677419354838709
2023-08-23,5222,上市,171.5,155.9,權,0.9090379008746357
2023-08-23,6142,上市,11.4,11.18,息,0.9807017543859649
2023-08-23,6177,上市,32.05,29.57,權息,0.9226209048361935
2023-08-23,6279,上櫃,146.5,140.9,除息,0.9617747440273038
2023-08-23,6499,上櫃,51.2,48.29,除權息,0.9431640625
2023-08-23,6806,上市,93.4,92.9,息,0.9946466809421841
2023-08-23,9931,上市,42.0,38.53,權,0.9173809523809524
2023-08-24,1419,上市,43.2,41.7,息,0.9652777777777778
2023-08-24,1454,上市,17.8,17.55,息,0.9859550561797753
2023-08-24,1464,上市,14.45,13.25,權息,0.9169550173010381
2023-08-24,1527,上市,40.85,38.45,息,0.94124847001224
2023-08-24,1541,上市,31.7,30.7,息,0.9684542586750788
2023-08-24,1709,上市,23.9,22.1,息,0.9246861924686194
2023-08-24,2066,上櫃,84.4,79.98,除息,0.9476303317535545
2023-08-24,2201,上市,74.7,73.76,息,0.9874163319946453
2023-08-24,2383,上市,442.0,433.59,息,0.980972850678733
2023-08-24,2402,上市,37.5,36.5,息,0.9733333333333334
2023-08-24,2428,上市,158.0,152.6,息,0.9658227848101265
2023-08-24,2527,上市,23.2,22.2,息,0.9568965517241379
2023-08-24,2539,上市,48.05,41.27,權息,0.8588969823100938
2023-08-24,2702,上市,22.35,21.09,權息,0.9436241610738254
2023-08-24,2732,上櫃,126.5,123.5,除息,0.9762845849802372
2023-08-24,2756,上櫃,121.0,99.17,除權息,0.8195867768595041
2023-08-24,3147,上櫃,74.9,70.4,除息,0.9399198931909213
2023-08-24,3206,上櫃,49.2,47.0,除息,0.9552845528455284
2023-08-24,3312,上市,21.2,19.2,息,0.9056603773584906
2023-08-24,3317,上櫃,52.9,45.26,除權息,0.8555765595463137
2023-08-24,3419,上市,18.5,18.3,息,0.9891891891891892
2023-08-24,3434,上櫃,30.55,26.84,除權息,0.8785597381342062
2023-08-24,4430,上櫃,22.55,22.05,除息,0.9778270509977827
2023-08-24,4572,上市,197.0,178.9,權息,0.9081218274111675
2023-08-24,4746,上市,86.8,85.8,息,0.988479262672811
2023-08-24,4966,上櫃,790.0,781.02,除息,0.9886329113924051
2023-08-24,6108,上市,20.05,19.55,息,0.9750623441396509
2023-08-24,6167,上櫃,18.9,18.2,除息,0.962962962962963
2023-08-24,6204,上櫃,70.5,53.93,除息,0.7649645390070922
2023-08-24,6221,上櫃,75.0,61.68,除權息,0.8224
2023-08-24,6227,上櫃,46.35,42.05,除息,0.90722761596548
2023-08-24,6230,上市,149.0,147.93,息,0.9928187919463087
2023-08-24,6512,上櫃,20.8,20.69,除息,0.9947115384615385
2023-08-24,6574,上櫃,56.1,52.6,除息,0.9376114081996435
2023-08-24,6666,上市,70.5,69.4,息,0.9843971631205675
2023-08-24,6752,上櫃,120.0,111.11,除權,0.9259166666666666
2023-08-24,8410,上櫃,55.1,54.49,除息,0.988929219600726
2023-08-25,1324,上市,11.75,11.55,息,0.9829787234042554
2023-08-25,1528,上市,12.45,12.35,息,0.9919678714859438
2023-08-25,1615,上市,40.0,36.36,權,0.909
2023-08-25,1722,上市,62.7,60.2,息,0.960127591706539
2023-08-25,1815,上櫃,13.4,13.04,除權息,0.9731343283582089
2023-08-25,2328,上市,39.1,37.7,息,0.9641943734015346
2023-08-25,3017,上市,387.0,382.0,息,0.9870801033591732
2023-08-25,3218,上櫃,359.0,333.02,除權息,0.9276323119777158
2023-08-25,3492,上櫃,19.0,18.0,除息,0.9473684210526315
2023-08-25,3693,上櫃,554.0,548.0,除息,0.9891696750902527
2023-08-25,3704,上市,48.8,47.56,息,0.9745901639344263
2023-08-25,4754,上櫃,48.8,43.64,除權息,0.8942622950819673
2023-08-25,4908,上櫃,54.1,51.1,除息,0.944547134935305
2023-08-25,5013,上櫃,36.35,34.75,除息,0.9559834938101788
2023-08-25,5525,上市,26.5,23.58,權息,0.8898113207547169
2023-08-25,6153,上市,21.7,21.45,息,0.988479262672811
2023-08-25,6261,上櫃,62.4,57.4,除息,0.9198717948717948
2023-08-25,8071,上櫃,15.7,15.2,除息,0.9681528662420382
2023-08-25,8105,上市,13.75,13.55,息,0.9854545454545455
2023-08-25,8289,上櫃,37.45,33.95,除息,0.9065420560747663
2023-08-25,9921,上市,203.0,195.2,息,0.9615763546798028
2023-08-25,9946,上市,14.1,13.67,息,0.9695035460992908
2023-08-28,1108,上市,16.3,15.5,息,0.950920245398773
2023-08-28,1225,上市,56.4,52.28,權息,0.9269503546099291
2023-08-28,1453,上市,13.65,13.25,權,0.9706959706959707
2023-08-28,1514,上市,54.1,51.55,權息,0.9528650646950092
2023-08-28,1539,上市,28.25,25.75,息,0.911504424778761
2023-08-28,1603,上市,36.2,35.7,息,0.9861878453038674
2023-08-28,2038,上市,18.8,17.9,權,0.952127659574468
2023-08-28,2377,上市,171.5,164.9,息,0.9615160349854228
2023-08-28,2442,上市,18.85,18.57,權息,0.9851458885941644
2023-08-28,2462,上市,38.5,37.08,權息,0.963116883116883
2023-08-28,3025,上市,42.55,41.55,息,0.9764982373678026
2023-08-28,3052,上市,12.4,11.76,權息,0.9483870967741935
2023-08-28,3086,上櫃,68.0,63.58,除權息,0.9349999999999999
2023-08-28,3628,上櫃,44.9,42.9,除息,0.955456570155902
2023-08-28,4104,上市,91.4,87.04,權,0.9522975929978118
2023-08-28,4138,上櫃,113.5,103.18,除權,0.9090748898678415
2023-08-28,4161,上櫃,35.2,33.52,除權,0.9522727272727273
2023-08-28,4905,上櫃,72.0,70.8,除息,0.9833333333333333
2023-08-28,5321,上櫃,86.6,69.84,除權息,0.8064665127020786
2023-08-28,5464,上櫃,30.15,28.15,除息,0.9336650082918739
2023-08-28,5534,上市,76.8,71.3,息,0.9283854166666666
2023-08-28,5603,上櫃,20.75,19.75,除息,0.9518072289156626
2023-08-28,6111,上櫃,80.9,66.4,除權息,0.8207663782447466
2023-08-28,6154,上櫃,16.85,15.95,除息,0.9465875370919881
2023-08-28,6435,上櫃,98.9,87.18,除權息,0.8814964610717897
2023-08-28,6560,上櫃,30.0,29.0,除息,0.9666666666666667
2023-08-28,8032,上櫃,31.8,29.6,除息,0.9308176100628931
2023-08-29,2059,上市,892.0,872.0,息,0.9775784753363229
2023-08-29,2227,上市,191.5,184.28,息,0.9622976501305484
2023-08-29,2441,上市,59.5,55.8,息,0.9378151260504202
2023-08-29,2905,上市,13.65,13.44,權,0.9846153846153846
2023-08-29,4438,上市,119.5,112.7,息,0.9430962343096234
2023-08-29,4549,上櫃,98.0,88.29,除權,0.9009183673469389
2023-08-29,4554,上櫃,27.0,26.0,除息,0.9629629629629629
2023-08-29,4739,上市,74.3,73.65,權,0.9912516823687754
2023-08-29,5243,上市,64.8,63.2,息,0.9753086419753088
2023-08-29,5287,上櫃,218.0,193.09,除權息,0.8857339449541285
2023-08-29,5392,上櫃,25.5,25.2,除息,0.988235294117647
2023-08-29,6122,上櫃,41.2,39.13,除權息,0.949757281553398
2023-08-29,6168,上市,26.0,24.49,息,0.9419230769230769
2023-08-29,8076,上櫃,32.2,30.58,除權息,0.9496894409937887
2023-08-29,8403,上櫃,35.05,32.9,除權息,0.9386590584878745
2023-08-29,9105,上市,3.93,3.89,息,0.989821882951654
2023-08-30,1235,上市,85.0,75.0,權息,0.8823529411764706
2023-08-30,1240,上櫃,46.95,45.05,除權息,0.9595314164004258
2023-08-30,2250,上市,70.1,67.1,息,0.9572039942938659
2023-08-30,2484,上市,34.05,31.85,息,0.9353891336270193
2023-08-30,2736,上櫃,31.8,31.18,除權,0.980503144654088
2023-08-30,3088,上櫃,97.7,86.61,除權息,0.886489252814739
2023-08-30,3207,上櫃,78.4,77.07,除息,0.9830357142857141
2023-08-30,4107,上櫃,111.5,107.0,除息,0.9596412556053812
2023-08-30,4207,上櫃,19.85,18.64,除權,0.9390428211586901
2023-08-30,4564,上市,25.25,25.05,息,0.9920792079207921
2023-08-30,4707,上櫃,13.35,12.28,除權息,0.9198501872659176
2023-08-30,6216,上市,30.2,28.53,息,0.944701986754967
2023-08-30,6246,上櫃,13.0,12.65,除權息,0.9730769230769231
2023-08-30,6859,上櫃,137.0,122.73,除權息,0.8958394160583942
2023-08-31,1203,上市,41.65,40.55,息,0.9735894357743097
2023-08-31,1315,上市,72.9,70.4,息,0.9657064471879286
2023-08-31,1409,上市,16.55,15.55,息,0.9395770392749244
2023-08-31,1531,上市,14.15,13.35,息,0.9434628975265017
2023-08-31,1784,上櫃,64.3,63.6,除息,0.9891135303265941
2023-08-31,2439,上市,90.1,85.62,息,0.9502774694783575
2023-08-31,2536,上市,25.75,25.25,息,0.9805825242718447
2023-08-31,2834,上市,13.9,13.47,權息,0.9690647482014388
2023-08-31,3023,上市,318.0,309.53,息,0.9733647798742138
2023-08-31,3078,上櫃,81.7,79.35,除息,0.971236230110159
2023-08-31,3455,上櫃,79.1,70.6,除息,0.8925410872313527
2023-08-31,4735,上櫃,37.7,37.2,除息,0.986737400530504
2023-08-31,5283,上市,114.5,110.5,息,0.9650655021834061
2023-08-31,6140,上櫃,20.85,18.95,除權,0.908872901678657
2023-08-31,6753,上市,102.5,101.5,息,0.9902439024390244
2023-08-31,8466,上市,41.1,39.6,息,0.9635036496350365
2023-08-31,9958,上市,157.5,157.0,息,0.9968253968253968
2023-09-01,2367,上市,18.25,17.95,息,0.9835616438356164
2023-09-01,3260,上櫃,86.8,84.26,除權,0.9707373271889402
2023-09-01,4584,上櫃,46.15,44.15,除息,0.9566630552546046
2023-09-01,5351,上櫃,41.35,40.76,除權息,0.9857315598548971
2023-09-04,2881,上市,64.8,61.71,權,0.9523148148148148
2023-09-04,2923,上市,23.1,22.5,息,0.974025974025974
2023-09-04,4736,上櫃,172.5,152.52,除息,0.8841739130434784
2023-09-04,5543,上櫃,47.15,46.39,除息,0.9838812301166491
2023-09-04,6234,上櫃,34.9,34.0,除息,0.9742120343839542
2023-09-04,8927,上櫃,65.0,58.78,除權息,0.9043076923076924
2023-09-04,9906,上市,59.8,55.22,息,0.9234113712374582
2023-09-05,01010T,上市,10.25,10.04,息,0.9795121951219511
2023-09-05,2901,上市,25.75,25.53,息,0.9914563106796117
2023-09-05,3322,上櫃,21.8,21.2,除息,0.9724770642201834
2023-09-05,3346,上市,46.8,46.51,息,0.9938034188034188
2023-09-05,3484,上櫃,42.85,40.35,除息,0.941656942823804
2023-09-05,6139,上市,91.8,88.3,息,0.9618736383442266
2023-09-06,1339,上市,48.0,45.0,息,0.9375
2023-09-06,1626,上市,17.95,16.61,權息,0.9253481894150418
2023-09-06,2231,上市,153.0,143.52,權息,0.9380392156862746
2023-09-06,2468,上市,28.9,28.3,息,0.9792387543252596
2023-09-06,3167,上市,47.95,44.61,權息,0.9303441084462981
2023-09-06,4155,上市,33.05,28.33,權息,0.8571860816944025
2023-09-06,6603,上櫃,16.2,15.44,除權息,0.9530864197530864
2023-09-06,6708,上櫃,48.15,47.25,除息,0.9813084112149533
2023-09-06,6874,上櫃,123.5,119.7,除息,0.9692307692307692
2023-09-06,8147,上櫃,70.9,68.24,除息,0.9624823695345556
2023-09-06,8349,上櫃,61.9,56.29,除權,0.9093699515347334
2023-09-07,1474,上市,11.9,11.5,息,0.9663865546218487
2023-09-07,1783,上市,58.6,55.33,權息,0.94419795221843
2023-09-07,2727,上市,282.0,252.97,權息,0.8970567375886525
2023-09-07,3372,上櫃,13.9,13.4,除息,0.9640287769784173
2023-09-07,3661,上市,2500.0,2486.93,息,0.994772
2023-09-07,4416,上櫃,79.1,77.1,除息,0.9747155499367889
2023-09-07,4540,上市,33.3,31.81,息,0.9552552552552553
2023-09-07,5906,上市,77.4,73.68,權息,0.9519379844961241
2023-09-07,6245,上櫃,109.5,99.53,除權息,0.9089497716894978
2023-09-07,6552,上市,35.95,35.5,息,0.9874826147426982
2023-09-07,8107,上櫃,16.4,16.13,除息,0.9835365853658536
2023-09-08,1268,上櫃,149.0,146.0,除息,0.9798657718120806
2023-09-08,3516,上櫃,18.55,17.84,除權,0.9617250673854447
2023-09-08,3622,上市,45.05,43.55,息,0.9667036625971143
2023-09-08,4123,上櫃,51.5,45.95,除權息,0.8922330097087379
2023-09-08,6163,上櫃,18.25,17.95,除息,0.9835616438356164
2023-09-08,8423,上櫃,23.7,22.1,除權息,0.9324894514767933
2023-09-08,9935,上市,17.85,17.41,權,0.9753501400560224
2023-09-11,1438,上市,30.55,29.55,息,0.967266775777414
2023-09-11,2379,上市,445.5,418.5,息,0.9393939393939394
2023-09-11,6021,上櫃,15.3,15.0,除息,0.9803921568627451
2023-09-11,6482,上櫃,43.8,37.22,除權息,0.849771689497717
2023-09-12,2457,上市,63.4,61.63,權,0.9720820189274448
2023-09-12,2701,上市,12.65,12.4,息,0.9802371541501976
2023-09-12,3047,上市,15.45,14.47,息,0.936569579288026
2023-09-12,3178,上櫃,100.0,97.5,除息,0.975
2023-09-12,3558,上櫃,266.0,261.0,除息,0.981203007518797
2023-09-12,5498,上櫃,11.55,11.32,除權息,0.98008658008658
2023-09-12,6133,上市,14.95,14.45,息,0.9665551839464883
2023-09-12,6504,上市,77.4,76.4,息,0.9870801033591732
2023-09-13,1517,上市,15.95,15.05,息,0.9435736677115988
2023-09-13,1599,上櫃,37.5,36.0,除息,0.96
2023-09-13,2466,上市,36.6,35.69,權息,0.9751366120218579
2023-09-13,2488,上市,38.7,36.2,息,0.9354005167958657
2023-09-13,2540,上市,98.0,71.48,權息,0.7293877551020409
2023-09-13,2643,上櫃,70.1,68.66,除權,0.9794579172610557
2023-09-14,01009T,上市,8.4,8.24,息,0.9809523809523809
2023-09-14,1215,上市,100.5,97.0,息,0.9651741293532339
2023-09-14,2109,上市,14.6,14.2,息,0.9726027397260274
2023-09-14,2330,上市,541.0,538.0,息,0.9944547134935305
2023-09-14,3594,上櫃,47.85,47.05,除息,0.9832810867293625
2023-09-14,4160,上櫃,42.0,39.63,除權息,0.9435714285714286
2023-09-14,5278,上櫃,187.0,184.15,除息,0.98475935828877
2023-09-14,5306,上市,142.5,141.34,息,0.991859649122807
2023-09-14,8908,上櫃,70.9,64.45,除權,0.9090267983074752
2023-09-14,8941,上櫃,60.0,58.0,除息,0.9666666666666667
2023-09-14,910861,上市,5.51,5.48,息,0.9945553539019965
2023-09-14,9802,上市,139.5,133.5,息,0.956989247311828
2023-09-15,5516,上櫃,32.3,28.91,除權息,0.8950464396284831
2023-09-18,00697B,上櫃,35.71,35.37,除息,0.9904788574628954
2023-09-18,00713,上市,48.78,47.94,息,0.9827798277982779
2023-09-18,00751B,上櫃,34.27,33.82,除息,0.9868689816165742
2023-09-18,00764B,上櫃,31.16,30.9,除息,0.9916559691912709
2023-09-18,00772B,上櫃,34.94,34.81,除息,0.9962793360045794
2023-09-18,00773B,上櫃,35.39,35.25,除息,0.9960440802486578
2023-09-18,00777B,上櫃,34.65,34.28,除息,0.9893217893217894
2023-09-18,00778B,上櫃,35.07,34.62,除息,0.9871685201026518
2023-09-18,00779B,上櫃,31.51,31.26,除息,0.9920660107902253
2023-09-18,00781B,上櫃,32.54,32.16,除息,0.9883220651505839
2023-09-18,00787B,上櫃,34.51,34.04,除息,0.9863807592002318
2023-09-18,00792B,上櫃,33.24,32.83,除息,0.9876654632972321
2023-09-18,00793B,上櫃,32.86,32.47,除息,0.9881314668289713
2023-09-18,00836B,上櫃,30.37,30.1,除息,0.9911096476786302
2023-09-18,00856B,上櫃,38.54,38.08,除息,0.9880643487285936
2023-09-18,00857B,上櫃,26.18,25.84,除息,0.987012987012987
2023-09-18,00859B,上櫃,41.49,41.13,除息,0.9913232104121475
2023-09-18,00862B,上櫃,31.68,31.32,除息,0.9886363636363636
2023-09-18,00863B,上櫃,32.16,31.79,除息,0.988495024875622
2023-09-18,00883B,上櫃,31.39,31.06,除息,0.9894870978018476
2023-09-18,00896,上市,16.19,15.86,息,0.9796170475602223
2023-09-18,00915,上市,21.65,20.95,息,0.9676674364896074
2023-09-18,00918,上市,21.65,20.9,息,0.9653579676674365
2023-09-18,00919,上市,21.89,21.35,息,0.9753312014618548
2023-09-18,2236,上市,78.1,76.86,權,0.984122919334187
2023-09-19,00710B,上市,18.81,18.55,息,0.9861775651249336
2023-09-19,00711B,上市,16.02,15.83,息,0.988139825218477
2023-09-19,00712,上市,10.46,10.27,息,0.9818355640535371
2023-09-19,00929,上市,18.2,18.09,息,0.993956043956044
2023-09-19,3059,上市,34.85,33.84,息,0.9710186513629843
2023-09-20,00831B,上櫃,38.99,38.76,除息,0.9941010515516798
2023-09-20,00853B,上櫃,29.02,28.6,除息,0.9855272226051
2023-09-20,2344,上市,27.85,26.85,息,0.9640933572710951
2023-09-20,2706,上市,15.65,15.3,息,0.9776357827476039
2023-09-20,5213,上櫃,26.65,25.08,除權,0.9410881801125703
2023-09-21,00921,上市,17.77,17.37,息,0.9774901519414745
2023-09-21,01004T,上市,13.85,13.65,息,0.9855595667870036
2023-09-21,3577,上櫃,82.8,73.91,除權息,0.8926328502415459
2023-09-21,6126,上櫃,30.35,29.15,除息,0.9604612850082371
2023-09-21,6548,上櫃,34.6,34.2,除息,0.9884393063583815
2023-09-25,3236,上櫃,27.65,24.26,除權息,0.8773960216998192
2023-09-25,6616,上櫃,14.15,13.89,除權,0.9816254416961131
2023-09-25,8234,上櫃,50.7,47.7,除息,0.9408284023668639
2023-09-26,1590,上市,981.0,967.88,息,0.9866258919469929
2023-09-26,1808,上市,92.7,92.1,息,0.9935275080906147
2023-09-26,2542,上市,43.05,38.68,權息,0.8984901277584205
2023-09-26,6186,上櫃,51.7,49.5,除息,0.9574468085106382
2023-09-26,6461,上櫃,29.2,28.29,除權,0.9688356164383561
2023-09-26,9927,上市,59.4,55.4,息,0.9326599326599326
2023-09-27,3675,上櫃,294.5,260.62,除權,0.8849575551782682
2023-09-27,4558,上櫃,28.55,27.55,除息,0.9649737302977233
2023-09-27,4967,上市,67.0,66.0,息,0.9850746268656716
2023-09-27,8028,上市,53.0,52.07,權,0.9824528301886792
2023-09-28,4912,上市,84.8,84.73,息,0.9991745283018869
2023-10-02,1586,上櫃,33.7,33.33,除權息,0.989020771513353
2023-10-02,4768,上櫃,205.0,197.51,除權,0.9634634146341463
2023-10-03,4763,上市,1165.0,1016.89,權息,0.8728669527896996
2023-10-04,020035,上櫃,6.73,6.41,除息,0.9524517087667161
2023-10-04,3356,上市,47.5,46.1,息,0.9705263157894737
2023-10-04,6523,上櫃,145.5,143.5,除息,0.9862542955326461
2023-10-05,1310,上市,15.95,15.75,息,0.987460815047022
2023-10-05,4192,上櫃,40.05,39.29,除權,0.9810237203495631
2023-10-06,2458,上市,141.5,139.45,息,0.985512367491166
2023-10-06,2947,上櫃,87.2,86.7,除息,0.9942660550458715
2023-10-06,9105,上市,4.09,2.91,權,0.7114914425427874
2023-10-11,5864,上櫃,17.0,16.52,除權,0.9717647058823529
2023-10-12,2543,上市,15.3,15.0,息,0.9803921568627451
2023-10-12,2891B,上市,60.3,58.05,息,0.9626865671641791
2023-10-12,2891C,上市,59.9,57.98,息,0.9679465776293823
2023-10-12,8354,上櫃,14.5,14.2,除息,0.9793103448275862
2023-10-12,8935,上櫃,11.95,11.64,除權,0.9740585774058579
2023-10-13,4119,上市,98.7,96.82,權,0.9809523809523809
2023-10-13,8011,上市,18.4,18.15,權,0.9864130434782609
2023-10-16,2344,上市,28.35,28.04,權,0.9890652557319223
2023-10-16,2364,上市,155.5,124.4,權,0.8
2023-10-17,3363,上櫃,78.8,76.16,除權,0.966497461928934
2023-10-17,8906,上櫃,19.35,18.08,除權,0.9343669250645993
2023-10-18,3680,上櫃,383.0,377.89,除權,0.9866579634464752
2023-10-18,5258,上市,124.0,117.33,權息,0.9462096774193548
2023-10-18,6198,上櫃,31.8,29.07,除權,0.9141509433962264
2023-10-18,6596,上櫃,50.4,49.45,除權,0.9811507936507937
2023-10-19,0056,上市,34.9,33.7,息,0.9656160458452723
2023-10-19,006204,上市,86.4,82.44,息,0.9541666666666666
2023-10-19,00687B,上櫃,28.87,28.66,除息,0.9927260131624523
2023-10-19,00694B,上櫃,40.59,40.35,除息,0.9940872135994087
2023-10-19,00695B,上櫃,33.82,33.66,除息,0.9952690715552927
2023-10-19,00696B,上櫃,29.25,29.01,除息,0.9917948717948718
2023-10-19,00714,上市,17.86,17.74,息,0.9932810750279955
2023-10-19,00717,上市,14.49,14.31,息,0.9875776397515528
2023-10-19,00719B,上櫃,31.82,31.41,除息,0.9871150219987429
2023-10-19,00720B,上櫃,32.22,31.73,除息,0.984792054624457
2023-10-19,00722B,上櫃,34.42,33.95,除息,0.9863451481696688
2023-10-19,00723B,上櫃,31.26,30.85,除息,0.9868841970569417
2023-10-19,00724B,上櫃,31.31,30.86,除息,0.9856275950175662
2023-10-19,00725B,上櫃,34.62,34.14,除息,0.9861351819757367
2023-10-19,00726B,上櫃,32.57,32.03,除息,0.9834203254528707
2023-10-19,00727B,上櫃,38.71,38.18,除息,0.9863084474296048
2023-10-19,00730,上市,19.52,18.38,息,0.9415983606557377
2023-10-19,00733,上市,52.85,51.65,息,0.9772942289498581
2023-10-19,00740B,上櫃,37.0,36.48,除息,0.9859459459459459
2023-10-19,00741B,上櫃,37.3,36.78,除息,0.9860589812332441
2023-10-19,00746B,上櫃,34.11,33.71,除息,0.9882732336558194
2023-10-19,00749B,上櫃,29.75,29.33,除息,0.9858823529411764
2023-10-19,00750B,上櫃,32.58,32.19,除息,0.9880294659300184
2023-10-19,00761B,上櫃,34.24,33.83,除息,0.9880257009345793
2023-10-19,00772B,上櫃,32.79,32.66,除息,0.9960353766392191
2023-10-19,00773B,上櫃,33.2,33.06,除息,0.9957831325301205
2023-10-19,00782B,上櫃,30.06,29.79,除息,0.9910179640718563
2023-10-19,00784B,上櫃,37.31,37.1,除息,0.9943714821763602
2023-10-19,00785B,上櫃,32.6,32.2,除息,0.9877300613496933
2023-10-19,00788B,上櫃,29.69,29.22,除息,0.9841697541259683
2023-10-19,00848B,上櫃,33.17,32.75,除息,0.9873379559843232
2023-10-19,00849B,上櫃,37.01,36.69,除息,0.9913536881923805
2023-10-19,00870B,上櫃,27.34,26.99,除息,0.987198244330651
2023-10-19,00884B,上櫃,28.31,27.95,除息,0.9872836453549982
2023-10-19,00888,上櫃,13.64,13.43,除息,0.9846041055718474
2023-10-19,00905,上市,9.83,9.66,息,0.982706002034588
2023-10-19,00907,上市,14.12,13.97,息,0.9893767705382437
2023-10-19,00908,上市,11.7,11.55,息,0.9871794871794873
2023-10-19,00912,上市,14.84,14.64,息,0.986522911051213
2023-10-19,00922,上市,16.1,15.53,息,0.9645962732919253
2023-10-19,00927,上市,15.73,15.51,息,0.9860139860139859
2023-10-19,1316,上市,10.8,10.25,息,0.949074074074074
2023-10-19,6593,上櫃,70.6,70.1,除息,0.9929178470254958
2023-10-19,6612,上櫃,136.5,134.39,除權,0.9845421245421244
2023-10-20,00931B,上櫃,13.43,13.34,除息,0.9932985852568875
2023-10-23,00734B,上櫃,14.98,14.73,除息,0.9833110814419226
2023-10-23,00834B,上櫃,30.91,30.51,除息,0.9870592041410547
2023-10-23,00842B,上櫃,29.62,29.13,除息,0.9834571235651586
2023-10-23,00904,上市,13.56,13.43,息,0.9904129793510323
2023-10-24,00789B,上櫃,46.84,46.25,除息,0.9874039282664389
2023-10-24,00790B,上櫃,48.9,48.31,除息,0.9879345603271984
2023-10-24,00791B,上櫃,55.05,54.52,除息,0.9903723887375114
2023-10-24,00929,上市,17.24,17.13,息,0.9936194895591648
2023-10-25,5607,上市,49.2,48.24,權,0.9804878048780488
2023-10-26,4552,上市,39.0,37.7,息,0.9666666666666668
2023-10-31,1449,上市,14.05,13.64,權,0.9708185053380782
2023-10-31,5522,上市,60.6,59.6,息,0.9834983498349835
2023-11-01,6655,上市,127.0,121.0,息,0.952755905511811
2023-11-01,8936,上櫃,35.6,34.6,除息,0.9719101123595506
2023-11-02,1805,上市,13.7,12.89,權,0.9408759124087592
2023-11-03,020036,上市,5.34,5.19,息,0.9719101123595507
2023-11-07,3289,上櫃,90.3,89.31,除息,0.9890365448504984
2023-11-08,6285,上市,138.0,135.29,權,0.9803623188405797
2023-11-09,8442,上市,89.3,88.52,權,0.9912653975363942
2023-11-10,2867,上市,5.05,5.04,權,0.998019801980198
2023-11-16,0051,上市,71.1,68.6,息,0.9648382559774965
2023-11-16,0053,上市,69.9,68.0,息,0.9728183118741058
2023-11-16,0055,上市,23.92,23.32,息,0.9749163879598661
2023-11-16,006201,上櫃,19.46,18.81,除息,0.9665981500513874
2023-11-16,006208,上市,75.3,74.43,息,0.9884462151394423
2023-11-16,00679B,上櫃,29.04,28.75,除息,0.9900137741046833
2023-11-16,00692,上市,32.55,31.48,息,0.9671274961597544
2023-11-16,00754B,上櫃,35.53,35.1,除息,0.9878975513650436
2023-11-16,00755B,上櫃,32.8,32.35,除息,0.9862804878048782
2023-11-16,00756B,上櫃,31.81,31.3,除息,0.9839673058786546
2023-11-16,00761B,上櫃,35.56,35.42,除息,0.9960629921259843
2023-11-16,00771,上市,16.34,16.16,息,0.988984088127295
2023-11-16,00772B,上櫃,34.33,34.2,除息,0.9962132245849112
2023-11-16,00773B,上櫃,35.01,34.87,除息,0.9960011425307055
2023-11-16,00780B,上櫃,35.7,35.36,除息,0.9904761904761904
2023-11-16,00786B,上櫃,32.71,32.23,除息,0.9853255885050443
2023-11-16,00794B,上櫃,39.88,39.48,除息,0.9899699097291874
2023-11-16,00795B,上櫃,29.38,29.1,除息,0.9904697072838666
2023-11-16,00799B,上櫃,31.88,31.42,除息,0.9855708908406525
2023-11-16,00840B,上櫃,30.84,30.51,除息,0.9892996108949417
2023-11-16,00841B,上櫃,30.6,30.33,除息,0.9911764705882352
2023-11-16,00845B,上櫃,31.45,31.06,除息,0.9875993640699523
2023-11-16,00846B,上櫃,33.73,33.33,除息,0.9881411206640973
2023-11-16,00847B,上櫃,26.67,26.39,除息,0.989501312335958
2023-11-16,00850,上市,34.48,33.78,息,0.9796983758700697
2023-11-16,00860B,上櫃,38.8,38.2,除息,0.984536082474227
2023-11-16,00878,上市,20.69,20.34,息,0.9830836152730787
2023-11-16,00890B,上櫃,32.4,32.01,除息,0.9879629629629629
2023-11-16,00891,上市,15.44,15.17,息,0.9825129533678757
2023-11-16,00892,上市,13.37,13.17,息,0.9850411368735976
2023-11-16,00894,上市,15.03,14.94,息,0.9940119760479043
2023-11-16,00900,上市,13.07,12.84,息,0.9824024483550114
2023-11-16,00901,上市,15.17,14.54,息,0.9584706657877389
2023-11-17,2413,上市,27.0,26.5,息,0.9814814814814815
2023-11-17,4979,上櫃,170.0,168.13,除權,0.989
2023-11-20,00775B,上市,32.75,32.4,息,0.9893129770992366
2023-11-20,00844B,上櫃,31.26,30.89,除息,0.9881637875879719
2023-11-20,00867B,上櫃,31.11,30.72,除息,0.9874638379942141
2023-11-20,2241,上市,34.8,33.89,權,0.9738505747126438
2023-11-20,3563,上市,198.5,197.5,息,0.9949622166246851
2023-11-21,00690,上市,29.18,28.18,息,0.9657299520219328
2023-11-21,00731,上市,66.95,65.85,息,0.9835698282300223
2023-11-21,00758B,上櫃,50.75,50.16,除息,0.9883743842364532
2023-11-21,00759B,上櫃,54.65,54.05,除息,0.9890210430009149
2023-11-21,00760B,上櫃,51.2,50.49,除息,0.9861328125
2023-11-21,00929,上市,18.05,17.94,息,0.9939058171745153
2023-11-21,3036,上市,116.5,113.99,權,0.9784549356223176
2023-11-21,3036A,上市,47.2,45.32,權,0.9601694915254236
2023-11-21,6179,上櫃,29.85,29.4,除權,0.9849246231155778
2023-11-21,6219,上櫃,22.95,21.73,除權,0.9468409586056645
2023-11-22,01007T,上市,16.73,16.48,息,0.9850567842199641
2023-11-23,2314,上市,37.45,36.95,權,0.986648865153538
2023-11-23,2427,上市,28.2,27.86,權,0.9879432624113476
2023-11-23,2506,上市,9.34,9.24,息,0.9892933618843683
2023-11-23,2636,上市,79.2,76.2,息,0.9621212121212122
2023-11-27,8455,上櫃,21.3,21.18,除息,0.9943661971830986
2023-11-28,1312,上市,16.55,16.13,權,0.9746223564954681
2023-11-28,1312A,上市,26.2,25.86,權,0.9870229007633587
2023-11-28,3321,上市,16.0,14.45,權,0.903125
2023-11-28,4763,上市,848.0,843.64,息,0.9948584905660377
2023-11-28,5278,上櫃,216.0,213.59,除息,0.9888425925925927
2023-11-29,1526,上市,34.35,33.75,息,0.982532751091703
2023-11-29,6523,上櫃,160.0,156.0,除息,0.975
2023-11-30,3465,上櫃,68.5,66.5,除息,0.9708029197080292
2023-12-01,8404,上市,22.3,21.55,權,0.9663677130044843
2023-12-05,020038,上市,5.96,5.78,息,0.9697986577181209
2023-12-05,8444,上櫃,34.55,34.38,除權,0.9950795947901594
2023-12-06,6438,上市,109.0,106.15,息,0.9738532110091743
2023-12-07,2474,上市,192.5,187.5,息,0.974025974025974
2023-12-07,6277,上市,81.2,79.1,息,0.9741379310344827
2023-12-08,2886,上市,39.0,38.83,權,0.9956410256410256
2023-12-08,3138,上市,161.0,158.14,權,0.9822360248447204
2023-12-08,5529,上櫃,20.05,18.73,除權,0.9341645885286783
2023-12-11,3522,上櫃,21.45,20.25,除權,0.9440559440559441
2023-12-12,2236,上市,73.4,73.3,息,0.9986376021798364
2023-12-13,8942,上櫃,74.9,72.9,除息,0.9732977303070761
2023-12-14,2063,上櫃,60.0,57.0,除息,0.95
2023-12-14,2330,上市,577.0,574.0,息,0.9948006932409013
2023-12-15,2208,上市,21.8,20.96,權,0.9614678899082569
2023-12-18,00687B,上櫃,32.21,31.86,除息,0.9891338093759702
2023-12-18,00697B,上櫃,35.81,35.48,除息,0.9907846970120077
2023-12-18,00713,上市,51.15,50.31,息,0.9835777126099707
2023-12-18,00751B,上櫃,36.3,35.85,除息,0.9876033057851241
2023-12-18,00764B,上櫃,32.18,31.93,除息,0.9922311995027968
2023-12-18,00772B,上櫃,36.9,36.76,除息,0.9962059620596205
2023-12-18,00773B,上櫃,37.57,37.43,除息,0.9962736225712004
2023-12-18,00777B,上櫃,36.73,36.34,除息,0.9893819765858972
2023-12-18,00778B,上櫃,37.31,36.89,除息,0.9887429643527204
2023-12-18,00779B,上櫃,32.74,32.49,除息,0.9923640806353085
2023-12-18,00781B,上櫃,34.44,33.99,除息,0.9869337979094078
2023-12-18,00787B,上櫃,36.05,35.59,除息,0.9872399445214981
2023-12-18,00792B,上櫃,35.23,34.85,除息,0.9892137382912292
2023-12-18,00793B,上櫃,34.36,33.99,除息,0.9892316647264261
2023-12-18,00836B,上櫃,32.32,31.97,除息,0.9891707920792079
2023-12-18,00856B,上櫃,38.01,37.55,除息,0.987897921599579
2023-12-18,00857B,上櫃,26.82,26.5,除息,0.9880686055182699
2023-12-18,00859B,上櫃,40.73,40.37,除息,0.9911613061625337
2023-12-18,00862B,上櫃,34.05,33.65,除息,0.9882525697503671
2023-12-18,00863B,上櫃,34.48,34.1,除息,0.9889791183294665
2023-12-18,00883B,上櫃,33.62,33.25,除息,0.9889946460440215
2023-12-18,00896,上市,16.05,15.75,息,0.9813084112149533
2023-12-18,00907,上市,14.88,14.73,息,0.9899193548387096
2023-12-18,00915,上市,23.14,22.69,息,0.9805531547104581
2023-12-18,00918,上市,22.55,21.88,息,0.9702882483370288
2023-12-18,00919,上市,22.85,22.3,息,0.9759299781181618
2023-12-18,00926,上市,16.79,16.56,息,0.9863013698630136
2023-12-18,5306,上市,130.0,128.96,息,0.9920000000000001
2023-12-19,00853B,上櫃,30.77,30.52,除息,0.991875203119922
2023-12-19,00929,上市,19.35,19.24,息,0.9943152454780361
2023-12-20,00710B,上市,18.93,18.67,息,0.9862651875330165
2023-12-20,00711B,上市,16.54,16.35,息,0.9885126964933496
2023-12-20,00712,上市,10.24,10.04,息,0.9804687499999999
2023-12-20,00831B,上櫃,38.96,38.68,除息,0.9928131416837782
2023-12-20,6153,上市,22.45,22.15,權,0.9866369710467706
2023-12-20,8488,上市,16.5,16.41,權,0.9945454545454545
2023-12-21,00921,上市,18.17,17.97,息,0.988992845349477
2023-12-21,2065,上櫃,62.3,60.82,除息,0.9762439807383628
2023-12-21,2753,上市,171.0,169.0,息,0.9883040935672515
2023-12-21,3680,上櫃,373.5,369.49,除息,0.9892637215528782
2023-12-21,6121,上櫃,425.5,415.5,除息,0.9764982373678026
2023-12-21,6548,上櫃,32.7,32.3,除息,0.9877675840978591
2023-12-21,8070,上市,34.3,33.75,息,0.9839650145772596
2023-12-21,8299,上櫃,511.0,506.58,除息,0.9913502935420744
2023-12-25,6123,上櫃,68.2,67.1,除息,0.9838709677419354
2023-12-26,2028,上市,27.45,26.94,息,0.9814207650273225
2023-12-26,4912,上市,81.4,80.57,息,0.9898034398034397
2023-12-26,5364,上櫃,24.3,22.54,除權,0.9275720164609053
2023-12-27,6242,上櫃,60.4,57.98,除權,0.9599337748344371
2024-01-03,6629,上櫃,55.0,53.5,除息,0.9727272727272728
2024-01-04,2454,上市,953.0,928.4,息,0.9741867785939139
2024-01-08,6613,上櫃,140.5,137.07,除息,0.9755871886120996
2024-01-10,1799,上櫃,39.25,38.72,除權,0.9864968152866241
2024-01-10,6442,上市,67.2,65.94,權,0.98125
2024-01-11,6763,上櫃,459.5,450.4,除息,0.980195865070729
2024-01-15,5536,上櫃,179.0,174.5,除息,0.9748603351955307
2024-01-16,00734B,上櫃,15.77,15.55,除息,0.9860494610019024
2024-01-16,00842B,上櫃,33.56,33.11,除息,0.986591179976162
2024-01-16,8087,上櫃,52.0,49.21,除權,0.9463461538461538
2024-01-17,0050,上市,131.65,128.65,息,0.9772123053551083
2024-01-17,0056,上市,36.37,35.67,息,0.980753368160572
2024-01-17,006203,上市,64.5,62.7,息,0.972093023255814
2024-01-17,00694B,上櫃,40.38,40.3,除息,0.9980188211986131
2024-01-17,00695B,上櫃,35.3,35.13,除息,0.9951841359773372
2024-01-17,00696B,上櫃,32.11,31.9,除息,0.9934599813142323
2024-01-17,00701,上市,25.8,25.01,息,0.9693798449612403
2024-01-17,00702,上市,21.7,21.4,息,0.9861751152073732
2024-01-17,00714,上市,19.8,19.67,息,0.9934343434343434
2024-01-17,00717,上市,15.34,15.18,息,0.9895697522816167
2024-01-17,00719B,上櫃,31.31,30.97,除息,0.9891408495688279
2024-01-17,00720B,上櫃,36.22,35.74,除息,0.9867476532302596
2024-01-17,00722B,上櫃,39.24,38.83,除息,0.9895514780835881
2024-01-17,00723B,上櫃,34.99,34.59,除息,0.9885681623320949
2024-01-17,00724B,上櫃,34.9,34.49,除息,0.9882521489971348
2024-01-17,00725B,上櫃,38.57,37.9,除息,0.9826289862587503
2024-01-17,00726B,上櫃,34.25,33.67,除息,0.983065693430657
2024-01-17,00727B,上櫃,39.25,38.72,除息,0.9864968152866241
2024-01-17,00735,上市,29.94,28.84,息,0.9632598530394121
2024-01-17,00736,上市,20.04,19.94,息,0.9950099800399202
2024-01-17,00740B,上櫃,41.26,40.76,除息,0.9878817256422685
2024-01-17,00741B,上櫃,37.93,37.45,除息,0.987345109412075
2024-01-17,00746B,上櫃,37.64,37.26,除息,0.98990435706695
2024-01-17,00749B,上櫃,32.25,31.83,除息,0.9869767441860464
2024-01-17,00750B,上櫃,36.38,35.98,除息,0.9890049477735018
2024-01-17,00770,上市,42.1,38.1,息,0.9049881235154394
2024-01-17,00772B,上櫃,36.5,36.37,除息,0.9964383561643835
2024-01-17,00773B,上櫃,37.23,37.09,除息,0.996239591727102
2024-01-17,00782B,上櫃,33.31,32.86,除息,0.9864905433803661
2024-01-17,00784B,上櫃,37.45,37.25,除息,0.9946595460614152
2024-01-17,00785B,上櫃,36.22,35.84,除息,0.9895085588072889
2024-01-17,00788B,上櫃,32.41,31.98,除息,0.986732489972231
2024-01-17,00830,上市,37.07,35.56,息,0.9592662530347991
2024-01-17,00848B,上櫃,35.02,34.62,除息,0.9885779554540262
2024-01-17,00849B,上櫃,36.41,36.24,除息,0.9953309530348807
2024-01-17,00858,上櫃,29.21,27.71,除息,0.9486477233824033
2024-01-17,00870B,上櫃,30.22,29.86,除息,0.9880873593646592
2024-01-17,00881,上市,17.94,17.19,息,0.9581939799331104
2024-01-17,00882,上市,10.27,10.01,息,0.9746835443037974
2024-01-17,00884B,上櫃,30.83,30.47,除息,0.9883230619526435
2024-01-17,00888,上櫃,14.12,13.91,除息,0.9851274787535411
2024-01-17,00908,上市,12.77,12.64,息,0.9898198903680502
2024-01-17,00912,上市,15.32,15.08,息,0.9843342036553525
2024-01-17,00917,上市,17.27,16.98,息,0.9832078749276202
2024-01-17,00920,上市,14.44,14.4,息,0.997229916897507
2024-01-17,00927,上市,16.94,16.58,息,0.9787485242030695
2024-01-17,00928,上櫃,16.37,15.77,除息,0.9633475870494806
2024-01-17,00930,上市,17.96,17.75,息,0.9883073496659243
2024-01-17,6761,上櫃,74.6,70.93,除權,0.9508042895442361
2024-01-18,00789B,上櫃,53.55,52.95,除息,0.9887955182072831
2024-01-18,00790B,上櫃,54.65,54.05,除息,0.9890210430009149
2024-01-18,00791B,上櫃,55.15,54.6,除息,0.9900271985494108
2024-01-18,00929,上市,18.48,18.35,息,0.992965367965368
2024-01-19,00728,上市,26.91,25.61,息,0.9516908212560387
2024-01-19,00904,上市,15.5,15.15,息,0.9774193548387097
2024-01-19,00931B,上櫃,14.85,14.74,除息,0.9925925925925926
2024-01-19,6488,上櫃,580.0,572.0,除息,0.9862068965517241
2024-01-22,00834B,上櫃,34.97,34.53,除息,0.9874177866742924
2024-01-22,00911,上市,24.05,23.05,息,0.9584199584199584
2024-01-23,2250,上市,84.8,83.35,權,0.9829009433962264
2024-01-24,6139,上市,160.0,158.64,權,0.9914999999999999
2024-01-25,3289,上櫃,98.0,96.98,除息,0.9895918367346939
2024-01-25,5483,上櫃,203.5,200.0,除息,0.9828009828009828
2024-01-29,2476,上市,71.5,70.51,權,0.9861538461538463
2024-01-29,6624,上櫃,44.6,43.28,除權,0.9704035874439462
2024-01-29,8423,上櫃,23.0,20.73,除權,0.9013043478260869
2024-01-30,2547,上市,9.65,9.57,權,0.9917098445595854
2024-01-30,2836,上市,12.45,11.95,權,0.9598393574297188
2024-01-30,2836A,上市,21.3,20.9,權,0.9812206572769953
2024-02-02,3058,上市,20.8,19.75,權,0.9495192307692307
2024-02-15,2540,上市,90.2,89.58,權,0.9931263858093126
2024-02-22,5604,上櫃,50.0,48.0,除息,0.96
2024-02-26,00907,上市,14.75,14.6,息,0.9898305084745762
2024-02-26,6715,上市,176.0,173.89,權,0.9880113636363635
2024-02-27,00679B,上櫃,29.95,29.64,除息,0.9896494156928214
2024-02-27,00718B,上櫃,20.3,19.99,除息,0.9847290640394087
2024-02-27,00721B,上櫃,45.89,45.35,除息,0.9882327304423622
2024-02-27,00754B,上櫃,36.72,36.3,除息,0.9885620915032679
2024-02-27,00755B,上櫃,34.56,34.13,除息,0.9875578703703703
2024-02-27,00756B,上櫃,32.99,32.51,除息,0.985450136404971
2024-02-27,00761B,上櫃,37.18,36.7,除息,0.9870898332436795
2024-02-27,00771,上市,17.51,17.31,息,0.9885779554540262
2024-02-27,00772B,上櫃,35.6,35.47,除息,0.9963483146067414
2024-02-27,00773B,上櫃,36.8,36.66,除息,0.996195652173913
2024-02-27,00780B,上櫃,36.81,36.53,除息,0.9923933713664764
2024-02-27,00786B,上櫃,34.34,33.82,除息,0.9848573092603377
2024-02-27,00794B,上櫃,40.2,39.8,除息,0.9900497512437809
2024-02-27,00795B,上櫃,30.31,29.96,除息,0.9884526558891455
2024-02-27,00799B,上櫃,33.08,32.65,除息,0.9870012091898428
2024-02-27,00840B,上櫃,31.97,31.64,除息,0.9896778229590242
2024-02-27,00841B,上櫃,31.83,31.49,除息,0.9893182532202325
2024-02-27,00845B,上櫃,32.79,32.43,除息,0.989021043000915
2024-02-27,00846B,上櫃,34.99,34.6,除息,0.9888539582737925
2024-02-27,00847B,上櫃,27.7,27.42,除息,0.9898916967509026
2024-02-27,00850,上市,37.22,36.79,息,0.9884470714669532
2024-02-27,00860B,上櫃,38.25,37.76,除息,0.9871895424836601
2024-02-27,00878,上市,22.41,22.01,息,0.9821508255243195
2024-02-27,00890B,上櫃,34.17,33.77,除息,0.9882938249926837
2024-02-27,00891,上市,17.77,17.45,息,0.9819921215531795
2024-02-27,00894,上市,17.8,17.7,息,0.99438202247191
2024-02-27,00900,上市,14.44,14.32,息,0.9916897506925209
2024-02-27,00923,上市,18.54,18.31,息,0.9875943905070118
2024-02-27,00933B,上櫃,16.92,16.69,除息,0.9864066193853428
2024-02-27,00937B,上櫃,15.94,15.86,除息,0.9949811794228356
2024-02-27,4147,上櫃,108.0,106.1,除權,0.9824074074074074
2024-02-29,00731,上市,69.6,68.39,息,0.9826149425287357
2024-02-29,00758B,上櫃,53.45,52.86,除息,0.9889616463985033
2024-02-29,00759B,上櫃,57.0,56.4,除息,0.9894736842105263
2024-02-29,00760B,上櫃,54.0,53.29,除息,0.9868518518518519
2024-02-29,00929,上市,19.66,19.53,息,0.9933875890132249
2024-03-01,00775B,上市,33.95,33.8,息,0.9955817378497789
2024-03-01,00844B,上櫃,32.92,32.56,除息,0.9890643985419199
2024-03-01,00867B,上櫃,33.0,32.68,除息,0.9903030303030302
2024-03-04,00690,上市,31.35,30.6,息,0.9760765550239234
2024-03-04,00913,上市,19.42,18.96,息,0.976313079299691
2024-03-07,4966,上櫃,1085.0,1080.11,除息,0.9954930875576036
2024-03-11,3363,上櫃,120.5,120.0,除息,0.995850622406639
2024-03-11,5278,上櫃,230.0,226.99,除息,0.9869130434782609
2024-03-12,3035,上市,363.0,360.55,權,0.9932506887052341
2024-03-13,01010T,上市,10.25,10.05,息,0.9804878048780489
2024-03-14,01009T,上市,8.13,7.99,息,0.9827798277982779
2024-03-14,1712,上市,42.0,39.2,息,0.9333333333333333
2024-03-14,2613,上市,22.6,22.0,息,0.9734513274336283
2024-03-14,6548,上櫃,33.9,33.5,除息,0.9882005899705015
2024-03-18,00687B,上櫃,30.88,30.54,除息,0.9889896373056994
2024-03-18,00697B,上櫃,35.35,35.07,除息,0.9920792079207921
2024-03-18,00713,上市,54.35,53.47,息,0.9838086476540938
2024-03-18,00751B,上櫃,34.63,34.19,除息,0.9872942535373952
2024-03-18,00764B,上櫃,30.67,30.46,除息,0.9931529181610694
2024-03-18,00772B,上櫃,35.51,35.38,除息,0.9963390594198819
2024-03-18,00773B,上櫃,36.65,36.51,除息,0.9961800818553888
2024-03-18,00777B,上櫃,35.05,34.66,除息,0.9888730385164051
2024-03-18,00778B,上櫃,36.3,35.9,除息,0.9889807162534435
2024-03-18,00779B,上櫃,30.87,30.62,除息,0.9919015225137674
2024-03-18,00781B,上櫃,33.13,32.71,除息,0.9873226682764865
2024-03-18,00787B,上櫃,34.94,34.42,除息,0.9851173440183172
2024-03-18,00792B,上櫃,33.89,33.49,除息,0.9881971082915315
2024-03-18,00793B,上櫃,32.91,32.58,除息,0.9899726526891522
2024-03-18,00859B,上櫃,41.4,41.04,除息,0.991304347826087
2024-03-18,00862B,上櫃,32.9,32.57,除息,0.9899696048632219
2024-03-18,00863B,上櫃,33.7,33.34,除息,0.9893175074183976
2024-03-18,00883B,上櫃,32.33,31.98,除息,0.9891741416640891
2024-03-18,00896,上市,17.13,16.79,息,0.9801517805020432
2024-03-18,00915,上市,25.64,24.92,息,0.9719188767550703
2024-03-18,00918,上市,23.56,22.86,息,0.9702886247877759
2024-03-18,00919,上市,25.83,25.17,息,0.9744483159117306
2024-03-18,00922,上市,18.91,18.53,息,0.979904812268641
2024-03-18,00933B,上櫃,16.55,16.48,除息,0.9957703927492447
2024-03-18,00937B,上櫃,15.86,15.78,除息,0.9949558638083228
2024-03-18,2330,上市,753.0,749.5,息,0.9953519256308101
2024-03-18,9802,上市,124.5,122.5,息,0.9839357429718876
2024-03-19,00710B,上市,18.99,18.76,息,0.9878883622959453
2024-03-19,00711B,上市,16.2,16.0,息,0.9876543209876544
2024-03-19,00712,上市,9.65,9.47,息,0.9813471502590674
2024-03-19,00853B,上櫃,29.4,29.06,除息,0.9884353741496599
2024-03-19,00929,上市,21.03,20.9,息,0.9938183547313361
2024-03-19,5283,上市,117.0,113.0,息,0.9658119658119658
2024-03-19,5306,上市,143.5,142.75,息,0.9947735191637631
2024-03-19,9105,上市,3.72,3.65,息,0.9811827956989246
2024-03-20,00831B,上櫃,39.25,38.95,除息,0.9923566878980893
2024-03-20,5520,上櫃,90.0,85.4,除息,0.948888888888889
2024-03-21,00836B,上櫃,31.18,30.8,除息,0.9878127004490058
2024-03-21,00856B,上櫃,38.46,38.04,除息,0.9890795631825272
2024-03-21,00857B,上櫃,25.9,25.55,除息,0.9864864864864865
2024-03-21,00921,上市,18.4,18.1,息,0.9836956521739132
2024-03-21,00930,上市,21.29,21.04,息,0.9882573978393612
2024-03-21,1342,上市,140.0,135.0,息,0.9642857142857143
2024-03-21,2430,上市,40.7,38.5,息,0.9459459459459458
2024-03-21,3004,上市,98.7,96.21,息,0.974772036474164
2024-03-21,3008,上市,2570.0,2529.0,息,0.9840466926070038
2024-03-21,3029,上市,78.4,74.4,息,0.9489795918367347
2024-03-21,6534,上市,90.6,87.51,息,0.9658940397350995
2024-03-21,6541,上市,51.2,50.61,權,0.9884765624999999
2024-03-21,6590,上櫃,102.0,97.0,除息,0.9509803921568627
2024-03-21,6642,上櫃,51.7,50.2,除息,0.9709864603481625
2024-03-21,6821,上櫃,43.8,42.24,除息,0.9643835616438358
2024-03-22,1313,上市,13.5,13.3,息,0.9851851851851853
2024-03-22,2006,上市,77.7,73.5,息,0.9459459459459459
2024-03-22,2065,上櫃,65.7,62.84,除息,0.956468797564688
2024-03-22,4583,上市,260.5,250.5,息,0.9616122840690979
2024-03-22,5225,上市,123.0,116.42,息,0.9465040650406504
2024-03-22,5478,上櫃,166.5,157.5,除息,0.9459459459459459
2024-03-22,6281,上市,88.4,83.9,息,0.9490950226244343
2024-03-22,6895,上櫃,103.5,101.3,除息,0.978743961352657
2024-03-25,2630,上市,35.6,35.07,息,0.9851123595505618
2024-03-26,5007,上市,59.3,56.3,息,0.9494097807757167
2024-03-26,6276,上櫃,72.0,69.73,除息,0.9684722222222223
2024-03-27,2301,上市,120.5,117.99,息,0.9791701244813278
2024-03-27,2756,上櫃,86.8,84.3,除息,0.9711981566820277
2024-03-27,5222,上市,179.0,175.0,息,0.9776536312849162
2024-03-27,6015,上櫃,12.45,12.2,除息,0.9799196787148594
2024-03-27,6151,上櫃,28.6,27.1,除息,0.9475524475524476
2024-03-27,8401,上櫃,25.0,24.2,除息,0.968
2024-03-27,8938,上櫃,70.1,68.5,除息,0.9771754636233952
2024-03-28,01004T,上市,13.06,12.86,息,0.9846860643185298
2024-03-28,1457,上市,20.55,19.55,息,0.9513381995133819
2024-03-28,1477,上市,397.0,380.6,息,0.9586901763224182
2024-03-28,2108,上市,34.2,33.2,息,0.9707602339181287
2024-03-28,2458,上市,164.5,161.44,息,0.9813981762917933
2024-03-28,2752,上櫃,289.5,276.2,除息,0.9540587219343696
2024-03-28,2947,上櫃,80.2,79.4,除息,0.9900249376558604
2024-03-28,3005,上市,149.5,144.5,息,0.9665551839464883
2024-03-28,3558,上櫃,220.0,211.2,除權,0.96
2024-03-28,3706,上市,56.7,55.4,息,0.9770723104056437
2024-03-28,4105,上櫃,81.5,78.0,除息,0.9570552147239264
2024-03-28,4207,上櫃,18.4,18.0,除息,0.9782608695652175
2024-03-28,4420,上櫃,70.7,50.7,除息,0.7171145685997171
2024-03-28,4770,上市,451.0,439.0,息,0.9733924611973392
2024-03-28,4930,上市,36.1,33.8,息,0.9362880886426591
2024-03-28,4972,上櫃,28.4,27.7,除息,0.9753521126760564
2024-03-28,6021,上櫃,17.0,16.7,除息,0.9823529411764705
2024-03-28,6235,上市,103.5,101.82,息,0.983768115942029
2024-03-28,6415,上市,336.5,334.53,息,0.9941456166419018
2024-03-28,6581,上市,93.2,88.9,息,0.953862660944206
2024-03-28,6596,上櫃,78.7,73.4,除息,0.9326556543837358
2024-03-28,6697,上櫃,55.6,53.4,除息,0.9604316546762589
2024-03-28,6752,上櫃,137.5,134.5,除息,0.9781818181818182
2024-03-28,6865,上櫃,60.1,58.5,除息,0.9733777038269551
2024-03-28,8109,上櫃,104.5,98.5,除息,0.9425837320574163
2024-03-28,8908,上櫃,58.1,57.3,除息,0.9862306368330463
2024-03-28,8930,上櫃,41.75,39.25,除息,0.9401197604790419
2024-03-29,2324,上市,38.3,37.1,息,0.968668407310705
2024-03-29,2483,上市,23.95,23.65,息,0.9874739039665971
2024-03-29,3357,上櫃,121.0,116.5,除息,0.9628099173553719
2024-03-29,5388,上市,144.0,139.0,息,0.9652777777777778
2024-03-29,6125,上櫃,84.5,82.8,除息,0.9798816568047337
2024-03-29,6275,上櫃,65.6,62.63,除息,0.9547256097560977
2024-03-29,6859,上櫃,139.0,137.0,除息,0.9856115107913669
2024-04-01,4912,上市,123.5,122.72,息,0.9936842105263157
2024-04-01,5201,上櫃,37.35,35.85,除息,0.9598393574297189
2024-04-02,2070,上櫃,39.5,38.0,除息,0.9620253164556962
2024-04-02,2528,上市,46.9,46.4,息,0.9893390191897654
2024-04-02,2732,上櫃,131.5,128.0,除息,0.973384030418251
2024-04-02,3003,上市,70.7,69.2,息,0.9787835926449788
2024-04-02,3188,上櫃,28.9,27.3,除息,0.9446366782006921
2024-04-02,3257,上市,72.8,69.8,息,0.9587912087912088
2024-04-02,6148,上櫃,33.0,31.8,除息,0.9636363636363636
2024-04-02,6523,上櫃,170.0,168.0,除息,0.9882352941176471
2024-04-02,8027,上櫃,96.0,95.5,除息,0.9947916666666666
2024-04-03,6188,上櫃,98.4,95.2,除息,0.9674796747967479
2024-04-03,6873,上市,159.5,155.47,息,0.9747335423197492
2024-04-03,8435,上櫃,79.0,75.0,除息,0.9493670886075949
2024-04-08,1414,上市,19.45,19.2,息,0.987146529562982
2024-04-10,5212,上櫃,63.9,60.9,除息,0.9530516431924883
2024-04-10,8349,上櫃,67.5,66.0,除息,0.9777777777777777
2024-04-10,8349A,上櫃,45.0,43.1,除息,0.9577777777777778
2024-04-11,1315,上市,73.7,71.2,息,0.966078697421981
2024-04-11,1476,上市,554.0,540.5,息,0.9756317689530686
2024-04-11,1524,上市,37.1,35.8,息,0.9649595687331535
2024-04-11,1604,上市,30.3,28.8,息,0.9504950495049505
2024-04-11,2015,上市,72.8,69.3,息,0.9519230769230769
2024-04-11,2496,上市,77.1,72.42,息,0.9392996108949417
2024-04-11,2535,上市,58.2,55.2,息,0.9484536082474226
2024-04-11,3211,上櫃,91.8,86.27,除息,0.939760348583878
2024-04-11,4173,上櫃,22.9,21.98,除息,0.9598253275109171
2024-04-11,4532,上市,25.75,24.75,息,0.9611650485436893
2024-04-11,5287,上櫃,209.0,204.6,除息,0.9789473684210526
2024-04-11,6104,上櫃,108.0,106.2,除息,0.9833333333333334
2024-04-11,6224,上市,57.8,56.3,息,0.9740484429065744
2024-04-11,6294,上櫃,127.0,119.0,除息,0.937007874015748
2024-04-12,2382,上市,284.5,275.5,息,0.968365553602812
2024-04-12,3289,上櫃,127.0,125.98,除息,0.9919685039370079
2024-04-12,912000,上市,3.33,3.0,息,0.9009009009009009
2024-04-17,00734B,上櫃,15.73,15.55,除息,0.9885568976478067
2024-04-17,00842B,上櫃,33.07,32.62,除息,0.9863925007559721
2024-04-17,00936,上市,17.63,17.52,息,0.9937606352807714
2024-04-17,8091,上櫃,129.5,123.5,除息,0.9536679536679536
2024-04-18,0052,上市,160.75,154.32,息,0.96
2024-04-18,0056,上市,38.94,38.15,息,0.9797123780174628
2024-04-18,00694B,上櫃,41.31,41.07,除息,0.9941902687000725
2024-04-18,00695B,上櫃,34.68,34.48,除息,0.994232987312572
2024-04-18,00696B,上櫃,30.59,30.37,除息,0.9928081072245832
2024-04-18,00714,上市,18.66,18.53,息,0.9930332261521972
2024-04-18,00717,上市,15.63,15.46,息,0.9891234804862444
2024-04-18,00719B,上櫃,31.89,31.52,除息,0.9883976168077767
2024-04-18,00720B,上櫃,34.46,33.95,除息,0.9852002321532212
2024-04-18,00722B,上櫃,37.62,37.14,除息,0.9872408293460926
2024-04-18,00723B,上櫃,33.2,32.79,除息,0.9876506024096384
2024-04-18,00724B,上櫃,34.07,33.62,除息,0.9867918990314059
2024-04-18,00725B,上櫃,36.89,36.33,除息,0.984819734345351
2024-04-18,00726B,上櫃,33.98,33.47,除息,0.9849911712772219
2024-04-18,00727B,上櫃,39.89,39.41,除息,0.9879669089997493
2024-04-18,00733,上市,65.6,60.44,息,0.9213414634146342
2024-04-18,00740B,上櫃,39.65,39.17,除息,0.9878940731399749
2024-04-18,00741B,上櫃,38.62,38.16,除息,0.988089073019161
2024-04-18,00746B,上櫃,36.07,35.66,除息,0.9886332131965622
2024-04-18,00749B,上櫃,31.53,31.1,除息,0.9863621947351728
2024-04-18,00750B,上櫃,34.6,34.17,除息,0.9875722543352601
2024-04-18,00772B,上櫃,34.72,34.59,除息,0.9962557603686637
2024-04-18,00773B,上櫃,35.87,35.73,除息,0.9960970170058545
2024-04-18,00782B,上櫃,32.13,31.76,除息,0.9884842826019297
2024-04-18,00784B,上櫃,38.31,38.1,除息,0.9945184025058731
2024-04-18,00785B,上櫃,35.01,34.54,除息,0.9865752642102257
2024-04-18,00788B,上櫃,31.31,30.83,除息,0.984669434685404
2024-04-18,00848B,上櫃,34.71,34.31,除息,0.9884759435321233
2024-04-18,00849B,上櫃,37.45,37.0,除息,0.9879839786381842
2024-04-18,00870B,上櫃,29.09,28.69,除息,0.9862495702990719
2024-04-18,00884B,上櫃,29.92,29.74,除息,0.9939839572192513
2024-04-18,00905,上市,12.57,12.36,息,0.9832935560859188
2024-04-18,00908,上市,11.83,11.68,息,0.9873203719357565
2024-04-18,00909,上市,26.42,24.61,息,0.9314912944738833
2024-04-18,00912,上市,17.11,16.88,息,0.9865575686732905
2024-04-18,00927,上市,19.3,18.9,息,0.9792746113989637
2024-04-18,00933B,上櫃,16.22,16.15,除息,0.9956843403205918
2024-04-18,00937B,上櫃,15.56,15.48,除息,0.9948586118251928
2024-04-18,2109,上市,17.75,16.95,息,0.9549295774647887
2024-04-18,3218,上櫃,260.0,253.0,除息,0.9730769230769231
2024-04-18,4138,上櫃,134.5,127.75,除息,0.949814126394052
2024-04-18,4568,上櫃,55.5,53.0,除息,0.954954954954955
2024-04-18,6020,上櫃,19.65,18.75,除息,0.9541984732824428
2024-04-18,6128,上市,41.85,39.35,息,0.94026284348865
2024-04-18,6274,上櫃,168.0,163.99,除息,0.9761309523809525
2024-04-18,6732,上櫃,377.0,364.5,除息,0.96684350132626
2024-04-18,6756,上市,206.5,204.5,息,0.9903147699757869
2024-04-18,8996,上市,335.0,331.01,息,0.9880895522388059
2024-04-18,9911,上市,86.6,82.72,息,0.9551963048498846
2024-04-18,9962,上櫃,18.55,17.45,除息,0.9407008086253369
2024-04-19,00931B,上櫃,14.37,14.23,除息,0.9902574808629089
2024-04-19,1217,上市,12.15,11.92,息,0.9810699588477366
2024-04-19,4104,上市,94.6,90.8,息,0.959830866807611
2024-04-19,4528,上櫃,30.2,29.6,除息,0.980132450331126
2024-04-19,4973,上櫃,39.8,37.8,除息,0.949748743718593
2024-04-19,6791,上櫃,87.1,83.63,除息,0.9601607347876004
2024-04-19,8433,上櫃,105.0,99.06,除息,0.9434285714285715
2024-04-22,00834B,上櫃,34.81,34.41,除息,0.9885090491238149
2024-04-22,00888,上櫃,14.81,14.62,除息,0.9871708305199189
2024-04-22,00904,上市,15.83,15.78,息,0.9968414403032216
2024-04-22,00907,上市,14.86,14.71,息,0.9899057873485869
2024-04-22,3675,上櫃,303.5,299.01,除權,0.9852059308072487
2024-04-23,00789B,上櫃,51.4,50.8,除息,0.9883268482490272
2024-04-23,00790B,上櫃,54.6,54.01,除息,0.9891941391941391
2024-04-23,00791B,上櫃,56.45,55.91,除息,0.9904340124003542
2024-04-23,00929,上市,19.55,19.35,息,0.989769820971867
2024-04-25,1717,上市,31.25,30.45,息,0.9743999999999999
2024-04-25,2477,上市,21.6,21.1,息,0.9768518518518519
2024-04-25,2530,上市,52.2,51.66,息,0.989655172413793
2024-04-25,4137,上市,189.0,187.79,權,0.9935978835978836
2024-04-25,4566,上市,51.2,49.76,息,0.9718749999999999
2024-04-25,6192,上市,112.0,107.0,息,0.9553571428571429
2024-04-25,8104,上市,35.25,34.26,權,0.9719148936170212
2024-04-25,8446,上櫃,108.0,102.0,除息,0.9444444444444444
2024-05-02,01001T,上市,14.75,14.34,息,0.9722033898305085
2024-05-07,4923,上櫃,50.1,48.1,除息,0.9600798403193613
2024-05-08,3663,上櫃,44.7,44.11,除息,0.9868008948545861
2024-05-15,6679,上櫃,382.5,377.0,除息,0.9856209150326798
2024-05-16,00690,上市,32.93,32.03,息,0.9726692985119952
2024-05-16,00932,上市,18.01,17.49,息,0.971127151582454
2024-05-16,00936,上市,18.16,18.0,息,0.9911894273127754
2024-05-16,01002T,上市,17.2,16.8,息,0.9767441860465117
2024-05-16,01007T,上市,16.9,16.66,息,0.9857988165680475
2024-05-17,00679B,上櫃,29.63,29.3,除息,0.9888626392170099
2024-05-17,00754B,上櫃,36.79,36.37,除息,0.9885838543082359
2024-05-17,00755B,上櫃,34.73,34.28,除息,0.9870429023898648
2024-05-17,00756B,上櫃,33.35,32.84,除息,0.9847076461769116
2024-05-17,00761B,上櫃,37.21,36.73,除息,0.9871002418704649
2024-05-17,00771,上市,17.64,17.43,息,0.988095238095238
2024-05-17,00772B,上櫃,35.71,35.57,除息,0.9960795295435452
2024-05-17,00773B,上櫃,37.11,36.97,除息,0.9962274319590406
2024-05-17,00780B,上櫃,37.37,36.99,除息,0.9898314155739899
2024-05-17,00786B,上櫃,34.53,34.03,除息,0.9855198378221837
2024-05-17,00794B,上櫃,40.88,40.48,除息,0.9902152641878668
2024-05-17,00795B,上櫃,30.22,29.84,除息,0.9874255459960292
2024-05-17,00799B,上櫃,33.14,32.71,除息,0.9870247435123718
2024-05-17,00840B,上櫃,32.15,31.82,除息,0.9897356143079317
2024-05-17,00841B,上櫃,31.93,31.61,除息,0.9899780770435327
2024-05-17,00845B,上櫃,33.2,32.82,除息,0.9885542168674698
2024-05-17,00846B,上櫃,36.08,35.67,除息,0.9886363636363638
2024-05-17,00847B,上櫃,27.92,27.64,除息,0.989971346704871
2024-05-17,00850,上市,42.47,41.93,息,0.9872851424534966
2024-05-17,00860B,上櫃,38.88,38.32,除息,0.9855967078189299
2024-05-17,00878,上市,23.57,23.06,息,0.9783623249893932
2024-05-17,00890B,上櫃,34.48,34.05,除息,0.9875290023201856
2024-05-17,00891,上市,18.11,17.71,息,0.977912755383766
2024-05-17,00894,上市,19.3,19.2,息,0.9948186528497409
2024-05-17,00900,上市,16.22,16.12,息,0.9938347718865599
2024-05-17,00933B,上櫃,16.79,16.72,除息,0.9958308516974389
2024-05-17,00937B,上櫃,15.9,15.82,除息,0.9949685534591195
2024-05-17,1733,上市,35.45,34.35,息,0.9689703808180535
2024-05-17,6658,上市,44.0,42.8,息,0.9727272727272727
2024-05-17,8440,上櫃,42.3,42.13,除息,0.9959810874704493
2024-05-17,911608,上市,3.53,3.44,息,0.9745042492917847
2024-05-21,00731,上市,77.45,74.07,息,0.9563589412524208
2024-05-21,00775B,上市,34.38,34.06,息,0.9906922629435718
2024-05-21,00844B,上櫃,33.4,33.08,除息,0.9904191616766467
2024-05-21,00867B,上櫃,33.21,32.89,除息,0.9903643480879253
2024-05-21,00929,上市,20.42,20.22,息,0.9902056807051909
2024-05-22,00758B,上櫃,53.4,52.81,除息,0.9889513108614233
2024-05-22,00759B,上櫃,57.2,56.59,除息,0.9893356643356643
2024-05-22,00760B,上櫃,55.55,54.84,除息,0.9872187218721873
2024-05-23,00930,上市,20.8,20.44,息,0.9826923076923078
2024-05-23,6147,上櫃,79.5,75.75,除息,0.9528301886792453
2024-05-23,6248,上櫃,34.65,32.65,除息,0.9422799422799423
2024-05-23,8074,上櫃,23.45,22.45,除息,0.9573560767590619
2024-05-27,1568,上市,31.8,30.46,息,0.9578616352201258
2024-05-27,6846,上櫃,80.0,76.5,除息,0.95625
2024-05-28,2736,上櫃,27.9,26.58,除權,0.9526881720430107
2024-05-28,3149,上市,26.1,24.69,權,0.9459770114942528
2024-05-29,2332,上市,18.85,18.31,息,0.9713527851458884
2024-05-29,6570,上櫃,56.2,53.6,除息,0.9537366548042704
2024-05-29,6712,上櫃,202.0,178.18,除權息,0.8820792079207921
2024-05-30,2467,上市,141.0,138.0,息,0.9787234042553191
2024-05-30,2543,上市,59.5,48.42,權息,0.8137815126050421
2024-05-30,3483,上櫃,198.0,195.26,除權,0.9861616161616161
2024-05-30,6204,上櫃,146.5,145.64,除息,0.9941296928327644
2024-05-30,6269,上市,97.3,92.3,息,0.9486125385405961
2024-05-30,6525,上市,71.7,68.2,息,0.9511854951185496
2024-05-31,1587,上市,68.7,68.19,息,0.9925764192139738
2024-05-31,1702,上市,62.0,59.5,息,0.9596774193548387
2024-05-31,1708,上市,34.5,33.0,息,0.9565217391304348
2024-05-31,2114,上市,111.0,106.0,息,0.954954954954955
2024-05-31,2486,上市,97.1,95.19,權息,0.9803295571575695
2024-05-31,2916,上櫃,67.9,60.51,除權息,0.8911634756995581
2024-05-31,8933,上櫃,10.5,10.37,除權,0.9876190476190475
2024-06-03,2313,上市,73.2,71.7,息,0.9795081967213115
2024-06-03,3443,上市,1455.0,1441.0,息,0.9903780068728523
2024-06-04,6412,上市,155.5,149.5,息,0.9614147909967846
2024-06-04,6788,上櫃,146.5,140.5,除息,0.9590443686006825
2024-06-04,8487,上市,83.3,78.8,息,0.9459783913565426
2024-06-05,1259,上櫃,73.6,71.8,除息,0.9755434782608696
2024-06-05,2105,上市,61.5,59.5,息,0.967479674796748
2024-06-05,5878,上櫃,49.9,47.4,除息,0.9498997995991983
2024-06-05,6185,上櫃,16.3,15.78,除息,0.9680981595092024
2024-06-05,6785,上櫃,273.5,272.0,除息,0.9945155393053017
2024-06-05,6894,上櫃,229.5,223.0,除息,0.971677559912854
2024-06-06,4133,上市,33.2,32.48,息,0.978313253012048
2024-06-06,4440,上市,25.8,24.8,息,0.9612403100775194
2024-06-06,4722,上市,41.9,40.9,息,0.9761336515513126
2024-06-06,4958,上市,118.5,115.22,息,0.9723206751054853
2024-06-06,5523,上櫃,31.45,29.95,除息,0.9523052464228935
2024-06-06,5609,上櫃,101.0,95.0,除息,0.9405940594059405
2024-06-06,6690,上櫃,178.5,173.3,除息,0.9708683473389357
2024-06-06,8924,上櫃,92.6,88.3,除息,0.9535637149028078
2024-06-07,1323,上市,31.3,30.3,息,0.9680511182108626
2024-06-07,1611,上市,17.65,17.15,息,0.971671388101983
2024-06-07,4995,上櫃,61.5,58.3,除息,0.9479674796747967
2024-06-07,6143,上櫃,137.0,133.0,除息,0.9708029197080292
2024-06-07,6841,上櫃,92.0,91.0,除息,0.9891304347826086
2024-06-07,9940,上市,33.55,31.95,息,0.9523099850968704
2024-06-11,2636,上市,112.5,109.0,息,0.9688888888888889
2024-06-11,2762,上市,100.0,94.14,息,0.9414
2024-06-11,4760,上櫃,143.5,140.8,除息,0.9811846689895471
2024-06-11,4939,上櫃,22.55,22.05,除息,0.9778270509977827
2024-06-11,5309,上櫃,34.95,34.25,除息,0.9799713876967096
2024-06-11,6669,上市,2630.0,2588.0,息,0.9840304182509506
2024-06-11,8028,上市,64.2,62.4,息,0.9719626168224298
2024-06-11,8438,上市,41.2,40.3,息,0.9781553398058251
2024-06-12,2020,上市,39.9,37.9,息,0.949874686716792
2024-06-12,2360,上市,295.5,288.89,息,0.9776311336717428
2024-06-12,2850,上市,95.2,90.21,息,0.9475840336134452
2024-06-12,4121,上櫃,22.95,22.45,除息,0.9782135076252724
2024-06-12,6861,上市,73.4,72.3,息,0.9850136239782015
2024-06-12,8424,上櫃,73.8,69.8,除息,0.94579945799458
2024-06-12,9924,上市,56.7,53.7,息,0.9470899470899471
2024-06-13,1472,上市,72.2,70.2,息,0.9722991689750693
2024-06-13,1515,上市,46.15,44.95,息,0.9739978331527628
2024-06-13,1760,上市,98.5,97.0,息,0.9847715736040609
2024-06-13,1773,上市,159.5,156.3,息,0.9799373040752352
2024-06-13,1776,上市,17.9,17.4,息,0.9720670391061452
2024-06-13,2330,上市,909.0,905.5,息,0.9961496149614961
2024-06-13,2615,上市,83.0,81.5,息,0.9819277108433735
2024-06-13,2642,上市,37.85,37.05,息,0.9788639365918097
2024-06-13,2851,上市,27.45,26.05,息,0.9489981785063752
2024-06-13,2908,上市,21.75,21.16,息,0.9728735632183908
2024-06-13,3557,上市,75.8,72.8,息,0.9604221635883905
2024-06-13,4535,上櫃,34.5,32.9,除息,0.9536231884057971
2024-06-13,4729,上櫃,17.55,17.05,除息,0.9715099715099715
2024-06-13,6123,上櫃,71.7,68.8,除息,0.9595536959553695
2024-06-13,6146,上櫃,241.0,230.5,除息,0.9564315352697096
2024-06-13,6243,上市,63.3,62.1,息,0.981042654028436
2024-06-13,6546,上櫃,162.0,158.5,除息,0.9783950617283951
2024-06-14,1788,上櫃,146.5,139.5,除息,0.9522184300341296
2024-06-14,2506,上市,12.25,12.05,息,0.9836734693877551
2024-06-14,3030,上市,181.0,177.7,息,0.9817679558011049
2024-06-14,3679,上市,142.0,134.5,息,0.9471830985915493
2024-06-14,6425,上櫃,74.1,73.6,除息,0.9932523616734144
2024-06-17,1584,上櫃,35.0,33.5,除息,0.9571428571428572
2024-06-17,1593,上櫃,42.55,40.95,除息,0.9623971797884843
2024-06-17,2106,上市,33.95,32.95,息,0.9705449189985272
2024-06-17,3164,上市,24.5,24.0,息,0.9795918367346939
2024-06-17,3563,上市,413.5,407.5,息,0.9854897218863361
2024-06-17,4945,上櫃,99.6,97.6,除息,0.9799196787148594
2024-06-17,5403,上櫃,125.0,119.0,除息,0.952
2024-06-17,5902,上櫃,35.6,34.1,除息,0.9578651685393258
2024-06-17,6291,上櫃,161.5,153.5,除息,0.9504643962848297
2024-06-17,6538,上櫃,183.5,176.49,除息,0.9617983651226159
2024-06-17,8432,上櫃,63.5,62.22,除息,0.9798425196850393
2024-06-18,00936,上市,19.86,19.61,息,0.9874118831822759
2024-06-18,00942B,上櫃,15.81,15.71,除息,0.9936748893105629
2024-06-18,1416,上市,12.95,12.45,息,0.9613899613899614
2024-06-18,1445,上市,23.5,21.0,息,0.8936170212765957
2024-06-18,1504,上市,57.6,55.4,息,0.9618055555555555
2024-06-18,2231,上市,129.0,126.0,息,0.9767441860465116
2024-06-18,2308,上市,352.0,345.57,息,0.9817329545454545
2024-06-18,2385,上市,194.0,186.2,息,0.9597938144329896
2024-06-18,2432,上市,39.35,37.7,息,0.9580686149936468
2024-06-18,2608,上市,45.4,42.8,息,0.9427312775330396
2024-06-18,2723,上市,91.7,88.2,息,0.9618320610687023
2024-06-18,2832,上市,28.45,27.15,息,0.9543057996485061
2024-06-18,3118,上櫃,36.1,34.4,除息,0.9529085872576176
2024-06-18,4527,上櫃,46.95,44.55,除息,0.9488817891373801
2024-06-18,4974,上櫃,73.6,69.4,除息,0.9429347826086958
2024-06-18,4994,上市,129.0,125.0,息,0.9689922480620154
2024-06-18,5244,上市,47.1,45.9,息,0.9745222929936305
2024-06-18,5519,上市,49.2,47.0,息,0.9552845528455284
2024-06-18,5522,上市,87.2,84.7,息,0.9713302752293578
2024-06-18,6024,上市,60.9,57.46,息,0.9435139573070608
2024-06-18,6125,上櫃,110.5,109.71,除權,0.9928506787330316
2024-06-18,6154,上櫃,17.1,16.38,除息,0.9578947368421051
2024-06-18,6494,上櫃,72.0,70.38,除息,0.9774999999999999
2024-06-18,6530,上櫃,48.7,47.5,除息,0.9753593429158111
2024-06-18,6568,上櫃,147.0,145.18,除息,0.9876190476190476
2024-06-18,8416,上櫃,185.0,177.0,除息,0.9567567567567568
2024-06-19,00713,上市,59.4,57.9,息,0.9747474747474747
2024-06-19,00896,上市,18.76,18.31,息,0.9760127931769721
2024-06-19,00915,上市,28.28,27.56,息,0.9745403111739744
2024-06-19,00918,上市,26.12,25.32,息,0.9693721286370597
2024-06-19,00921,上市,19.86,19.28,息,0.9707955689828802
2024-06-19,2362,上市,55.2,53.6,息,0.9710144927536232
2024-06-19,3094,上市,31.5,30.89,息,0.9806349206349206
2024-06-19,3515,上市,239.5,232.59,息,0.9711482254697286
2024-06-19,3518,上市,32.0,31.12,權,0.9725
2024-06-19,4153,上櫃,43.1,41.85,除息,0.9709976798143851
2024-06-19,4433,上櫃,29.7,28.7,除息,0.9663299663299664
2024-06-19,4571,上市,136.5,133.4,息,0.9772893772893774
2024-06-19,6491,上市,491.5,481.5,息,0.9796541200406917
2024-06-19,8066,上櫃,30.05,29.05,除息,0.9667221297836939
2024-06-20,00687B,上櫃,31.9,31.56,除息,0.9893416927899686
2024-06-20,00697B,上櫃,36.38,36.1,除息,0.9923034634414513
2024-06-20,00710B,上市,19.62,19.36,息,0.9867482161060142
2024-06-20,00711B,上市,16.67,16.48,息,0.9886022795440911
2024-06-20,00712,上市,9.81,9.59,息,0.9775739041794087
2024-06-20,00751B,上櫃,35.32,34.85,除息,0.9866930917327293
2024-06-20,00772B,上櫃,36.27,36.13,除息,0.9961400606561897
2024-06-20,00773B,上櫃,37.56,37.42,除息,0.9962726304579339
2024-06-20,00777B,上櫃,35.94,35.55,除息,0.9891485809682804
2024-06-20,00778B,上櫃,37.26,36.85,除息,0.9889962426194311
2024-06-20,00779B,上櫃,32.09,31.81,除息,0.9912745403552508
2024-06-20,00781B,上櫃,33.34,32.92,除息,0.9874025194961007
2024-06-20,00787B,上櫃,35.59,35.04,除息,0.9845462208485528
2024-06-20,00862B,上櫃,33.94,33.51,除息,0.9873305833824396
2024-06-20,00863B,上櫃,34.8,34.4,除息,0.9885057471264368
2024-06-20,00883B,上櫃,33.15,32.77,除息,0.9885369532428357
2024-06-20,00916,上市,22.54,22.32,息,0.9902395740905058
2024-06-20,00929,上市,21.52,21.32,息,0.9907063197026023
2024-06-20,00933B,上櫃,17.05,16.98,除息,0.9958944281524926
2024-06-20,1319,上市,122.5,118.5,息,0.9673469387755103
2024-06-20,1605,上市,36.85,35.75,息,0.9701492537313432
2024-06-20,1626,上市,16.1,15.8,息,0.9813664596273292
2024-06-20,1707,上市,160.5,153.6,息,0.9570093457943925
2024-06-20,1711,上市,18.9,18.75,息,0.9920634920634921
2024-06-20,2207,上市,640.0,620.0,息,0.96875
2024-06-20,2353,上市,49.5,47.9,息,0.9676767676767677
2024-06-20,2388,上市,124.5,124.4,息,0.9991967871485944
2024-06-20,2423,上市,43.15,40.95,息,0.9490150637311704
2024-06-20,2450,上市,40.2,38.2,息,0.9502487562189055
2024-06-20,2480,上市,127.0,120.36,息,0.9477165354330709
2024-06-20,2707,上市,224.5,213.11,息,0.9492650334075724
2024-06-20,2753,上市,166.0,160.99,息,0.9698192771084337
2024-06-20,3015,上市,66.5,63.3,息,0.9518796992481202
2024-06-20,3019,上市,70.9,69.1,息,0.9746121297602255
2024-06-20,3042,上市,115.5,111.0,息,0.961038961038961
2024-06-20,3338,上市,83.0,81.0,息,0.9759036144578314
2024-06-20,3543,上市,23.5,22.5,息,0.9574468085106383
2024-06-20,3680,上櫃,420.0,416.5,除息,0.9916666666666667
2024-06-20,4413,上櫃,18.5,18.1,除息,0.9783783783783785
2024-06-20,4766,上市,386.5,371.5,息,0.9611901681759379
2024-06-20,4915,上市,110.0,106.0,息,0.9636363636363636
2024-06-20,5443,上櫃,64.0,62.8,除息,0.98125
2024-06-20,6184,上市,55.6,52.6,息,0.9460431654676259
2024-06-20,6205,上市,74.2,72.7,息,0.9797843665768194
2024-06-20,6242,上櫃,52.0,49.5,除息,0.9519230769230769
2024-06-20,6266,上櫃,35.8,32.73,除權息,0.9142458100558659
2024-06-20,6292,上櫃,80.9,76.7,除息,0.9480840543881335
2024-06-20,6531,上市,382.5,375.5,息,0.9816993464052287
2024-06-20,6606,上市,28.25,26.75,息,0.9469026548672567
2024-06-20,6804,上櫃,48.6,46.0,除息,0.9465020576131687
2024-06-21,00853B,上櫃,29.95,29.62,除息,0.9889816360601003
2024-06-21,2548,上市,189.5,165.45,權息,0.8730870712401054
2024-06-21,4747,上櫃,73.8,72.3,除息,0.9796747967479674
2024-06-21,5904,上櫃,526.0,500.0,除權息,0.9505703422053232
2024-06-21,6023,上櫃,93.4,88.4,除息,0.9464668094218416
2024-06-21,6167,上櫃,16.2,15.7,除息,0.9691358024691358
2024-06-21,6207,上櫃,76.0,74.5,除息,0.9802631578947368
2024-06-21,9910,上市,165.0,160.7,息,0.9739393939393939
2024-06-24,00764B,上櫃,31.61,31.34,除息,0.9914583992407466
2024-06-24,00792B,上櫃,34.42,33.97,除息,0.9869262056943636
2024-06-24,00793B,上櫃,33.43,33.0,除息,0.9871373018247084
2024-06-24,00859B,上櫃,42.53,42.16,除息,0.9913002586409592
2024-06-24,00919,上市,26.94,26.24,息,0.9740163325909428
2024-06-24,00937B,上櫃,15.97,15.89,除息,0.9949906073888541
2024-06-24,1904,上市,29.1,28.6,息,0.9828178694158075
2024-06-24,2247,上市,324.0,306.0,息,0.9444444444444444
2024-06-24,2337,上市,27.45,26.95,息,0.9817850637522769
2024-06-24,2347,上市,84.3,81.3,息,0.9644128113879004
2024-06-24,2455,上市,172.5,170.3,息,0.9872463768115942
2024-06-24,2643,上櫃,87.6,82.6,除息,0.9429223744292238
2024-06-24,3026,上市,99.7,94.7,息,0.9498495486459378
2024-06-24,3169,上櫃,134.0,130.5,除息,0.9738805970149254
2024-06-24,3374,上櫃,179.0,177.0,除息,0.9888268156424581
2024-06-24,3705,上市,54.4,52.1,息,0.9577205882352942
2024-06-24,3709,上櫃,27.95,27.15,除息,0.9713774597495527
2024-06-24,4183,上櫃,26.9,26.1,除息,0.9702602230483273
2024-06-24,4739,上市,67.4,66.6,息,0.9881305637982194
2024-06-24,5434,上市,275.5,265.5,息,0.9637023593466425
2024-06-24,5601,上櫃,36.3,35.92,除息,0.9895316804407714
2024-06-24,6176,上市,207.0,197.0,息,0.9516908212560387
2024-06-24,6548,上櫃,40.0,39.59,除息,0.9897500000000001
2024-06-24,6651,上櫃,76.4,72.4,除息,0.9476439790575917
2024-06-24,6870,上櫃,193.5,190.2,除息,0.9829457364341084
2024-06-24,8016,上市,278.5,266.5,息,0.9569120287253142
2024-06-24,8070,上市,47.8,45.83,息,0.9587866108786611
2024-06-24,9917,上市,135.5,130.3,息,0.9616236162361624
2024-06-25,00836B,上櫃,31.44,31.1,除息,0.9891857506361323
2024-06-25,00856B,上櫃,39.01,38.56,除息,0.9884644962830045
2024-06-25,00857B,上櫃,26.22,26.01,除息,0.9919908466819223
2024-06-25,00907,上市,16.86,16.53,息,0.9804270462633453
2024-06-25,2504,上市,46.55,44.45,息,0.9548872180451129
2024-06-25,2641,上櫃,21.7,21.22,除息,0.9778801843317972
2024-06-25,3231,上市,110.0,107.4,息,0.9763636363636364
2024-06-25,3413,上市,324.5,313.2,息,0.9651771956856702
2024-06-25,3556,上櫃,53.2,52.3,除息,0.9830827067669172
2024-06-25,4538,上櫃,20.85,20.05,除息,0.9616306954436451
2024-06-25,4952,上市,64.4,63.1,息,0.9798136645962733
2024-06-25,5864,上櫃,23.3,20.73,除權息,0.8896995708154506
2024-06-25,6111,上櫃,75.7,75.19,除權,0.9932628797886393
2024-06-25,6165,上市,40.45,40.05,息,0.9901112484548824
2024-06-25,6214,上市,132.0,126.8,息,0.9606060606060606
2024-06-25,6243,上市,62.5,61.97,權,0.99152
2024-06-25,6438,上市,113.5,111.0,息,0.9779735682819384
2024-06-25,6449,上市,157.0,154.7,息,0.9853503184713375
2024-06-25,6640,上櫃,590.0,585.0,除息,0.9915254237288136
2024-06-25,6643,上櫃,1245.0,1030.81,除權息,0.8279598393574297
2024-06-25,8087,上櫃,52.8,52.31,除息,0.9907196969696971
2024-06-25,8210,上市,292.0,287.0,息,0.9828767123287672
2024-06-25,9944,上市,22.65,22.05,息,0.9735099337748345
2024-06-26,1215,上市,114.0,108.5,息,0.9517543859649122
2024-06-26,1449,上市,19.35,18.58,權,0.960206718346253
2024-06-26,1464,上市,14.2,13.95,息,0.9823943661971831
2024-06-26,2329,上市,61.1,59.91,息,0.9805237315875613
2024-06-26,2809,上市,66.5,63.5,息,0.9548872180451128
2024-06-26,3035,上市,314.0,309.7,息,0.9863057324840764
2024-06-26,3168,上市,64.7,61.14,息,0.9449768160741885
2024-06-26,3714,上市,43.85,42.93,息,0.9790193842645382
2024-06-26,4557,上市,119.0,113.0,息,0.9495798319327731
2024-06-26,4906,上市,37.9,36.41,息,0.9606860158311346
2024-06-26,4951,上櫃,83.7,81.2,除息,0.970131421744325
2024-06-26,5009,上櫃,52.4,49.9,除息,0.9522900763358778
2024-06-26,5213,上櫃,42.15,40.53,除息,0.9615658362989324
2024-06-26,5274,上櫃,4770.0,4750.0,除息,0.9958071278825996
2024-06-26,5312,上櫃,108.5,102.5,除息,0.9447004608294931
2024-06-26,8227,上櫃,250.0,247.7,除息,0.9907999999999999
2024-06-27,1219,上市,19.15,18.65,息,0.9738903394255874
2024-06-27,1437,上市,37.9,36.77,息,0.970184696569921
2024-06-27,1473,上市,48.7,47.5,息,0.9753593429158111
2024-06-27,1525,上市,77.3,74.0,息,0.9573091849935317
2024-06-27,2022,上市,11.35,11.15,息,0.9823788546255507
2024-06-27,2063,上櫃,51.5,50.0,除息,0.970873786407767
2024-06-27,2327,上市,763.0,743.02,息,0.9738138925294888
2024-06-27,2368,上市,201.0,197.5,息,0.9825870646766169
2024-06-27,2436,上市,62.3,61.09,息,0.980577849117175
2024-06-27,2478,上市,54.3,52.8,息,0.9723756906077348
2024-06-27,2530,上市,48.0,47.8,息,0.9958333333333332
2024-06-27,2603,上市,200.0,190.03,息,0.95015
2024-06-27,2606,上市,58.1,55.7,息,0.9586919104991395
2024-06-27,2885,上市,33.8,32.7,息,0.9674556213017753
2024-06-27,3040,上市,35.5,34.5,息,0.971830985915493
2024-06-27,3090,上市,68.3,64.9,息,0.9502196193265009
2024-06-27,3163,上櫃,136.0,132.4,除息,0.973529411764706
2024-06-27,3260,上櫃,108.5,105.5,除息,0.9723502304147466
2024-06-27,3580,上櫃,79.8,77.78,除息,0.97468671679198
2024-06-27,3583,上市,354.0,350.0,息,0.9887005649717514
2024-06-27,3591,上市,29.6,29.1,息,0.9831081081081081
2024-06-27,3684,上櫃,47.9,47.1,除息,0.9832985386221295
2024-06-27,4116,上櫃,58.3,56.3,除息,0.9656946826758147
2024-06-27,4175,上櫃,73.5,71.9,除息,0.9782312925170069
2024-06-27,4545,上市,57.4,56.4,息,0.9825783972125436
2024-06-27,4555,上市,63.0,62.5,息,0.9920634920634921
2024-06-27,4745,上櫃,23.5,23.1,除息,0.9829787234042554
2024-06-27,4938,上市,114.5,110.49,息,0.9649781659388645
2024-06-27,4961,上市,278.0,267.36,息,0.9617266187050361
2024-06-27,5209,上櫃,199.5,188.99,除息,0.9473182957393484
2024-06-27,5438,上櫃,18.1,17.6,除息,0.9723756906077348
2024-06-27,6195,上櫃,42.5,40.5,除息,0.9529411764705882
2024-06-27,6257,上市,78.4,75.8,息,0.9668367346938774
2024-06-27,6271,上市,152.5,150.1,息,0.9842622950819672
2024-06-27,6477,上市,39.3,38.5,息,0.9796437659033079
2024-06-27,6523,上櫃,173.5,171.5,除息,0.9884726224783862
2024-06-27,6532,上櫃,68.6,66.2,除息,0.9650145772594754
2024-06-27,6613,上櫃,195.0,188.04,除息,0.9643076923076923
2024-06-27,6667,上櫃,188.5,182.04,除息,0.9657294429708222
2024-06-27,6768,上市,97.3,93.5,息,0.9609455292908531
2024-06-27,6856,上櫃,65.8,61.98,除息,0.9419452887537993
2024-06-27,8034,上櫃,24.4,23.2,除息,0.9508196721311476
2024-06-27,8042,上櫃,36.9,35.7,除息,0.9674796747967481
2024-06-27,8064,上櫃,47.45,46.75,除息,0.9852476290832455
2024-06-27,8150,上市,45.0,43.2,息,0.9600000000000001
2024-06-27,8240,上櫃,37.2,35.7,除息,0.9596774193548387
2024-06-27,8279,上櫃,160.0,155.0,除息,0.96875
2024-06-27,8342,上櫃,84.8,81.0,除息,0.9551886792452831
2024-06-27,8431,上櫃,56.1,55.8,除息,0.9946524064171123
2024-06-27,8921,上櫃,18.75,18.42,除息,0.9824
2024-06-27,9904,上市,36.75,35.65,息,0.9700680272108844
2024-06-27,9931,上市,37.05,36.05,息,0.9730094466936572
2024-06-28,1341,上市,71.3,66.89,息,0.938148667601683
2024-06-28,1472,上市,70.0,66.38,權,0.9482857142857142
2024-06-28,1731,上市,26.2,25.05,息,0.9561068702290076
2024-06-28,2012,上市,25.05,24.14,息,0.9636726546906188
2024-06-28,2069,上市,16.45,15.95,息,0.9696048632218845
2024-06-28,2605,上市,31.45,30.7,息,0.9761526232114467
2024-06-28,2637,上市,71.0,68.25,息,0.9612676056338029
2024-06-28,3264,上櫃,73.1,69.8,除息,0.9548563611491109
2024-06-28,3388,上櫃,77.4,74.3,除息,0.9599483204134366
2024-06-28,3416,上市,155.5,150.39,息,0.9671382636655947
2024-06-28,3455,上櫃,107.0,102.0,除息,0.9532710280373832
2024-06-28,3489,上櫃,27.65,27.25,除息,0.9855334538878843
2024-06-28,3669,上市,51.3,49.96,息,0.973879142300195
2024-06-28,5236,上櫃,160.5,153.5,除息,0.956386292834891
2024-06-28,5306,上市,140.0,139.41,息,0.9957857142857143
2024-06-28,6212,上櫃,77.2,73.7,除息,0.9546632124352331
2024-06-28,6585,上市,206.5,202.59,息,0.9810653753026635
2024-06-28,8091,上櫃,162.0,157.72,除權,0.9735802469135802
2024-06-28,8112,上市,81.7,77.66,息,0.9505507955936352
2024-06-28,8112A,上市,43.45,41.42,息,0.9532796317606443
2024-06-28,8341,上市,99.1,95.3,息,0.9616548940464178
2024-06-28,8422,上市,191.0,181.0,息,0.9476439790575916
2024-06-28,8942,上櫃,74.4,66.33,除權息,0.8915322580645161
2024-07-01,1101,上市,34.2,33.2,息,0.9707602339181287
2024-07-01,1101B,上市,48.4,46.63,息,0.9634297520661158
2024-07-01,1234,上市,44.65,42.75,息,0.9574468085106383
2024-07-01,1513,上市,188.0,184.4,息,0.9808510638297873
2024-07-01,1521,上市,38.95,38.25,息,0.9820282413350448
2024-07-01,1536,上市,55.3,54.3,息,0.9819168173598554
2024-07-01,2107,上市,26.95,25.65,息,0.9517625231910946
2024-07-01,2363,上市,56.5,56.2,息,0.9946902654867257
2024-07-01,2597,上市,182.5,177.1,息,0.9704109589041096
2024-07-01,2882,上市,59.0,57.0,息,0.9661016949152542
2024-07-01,2882A,上市,61.1,58.8,息,0.9623567921440261
2024-07-01,2882B,上市,59.1,56.97,息,0.9639593908629441
2024-07-01,2883,上市,15.1,14.59,息,0.9662251655629139
2024-07-01,2883B,上市,7.6,7.24,息,0.9526315789473685
2024-07-01,3373,上櫃,27.0,26.0,除息,0.9629629629629629
2024-07-01,3592,上市,411.0,395.8,息,0.9630170316301704
2024-07-01,3708,上市,138.0,132.44,息,0.9597101449275363
2024-07-01,3711,上市,168.5,163.29,息,0.969080118694362
2024-07-01,4119,上市,90.4,89.15,息,0.9861725663716814
2024-07-01,4188,上櫃,27.6,26.87,除權,0.9735507246376811
2024-07-01,4550,上櫃,39.4,37.3,除息,0.9467005076142132
2024-07-01,5230,上櫃,42.35,41.83,除息,0.9877213695395513
2024-07-01,5315,上櫃,19.05,18.25,除息,0.958005249343832
2024-07-01,5353,上櫃,35.75,34.33,除息,0.9602797202797202
2024-07-01,6109,上櫃,13.9,13.6,除息,0.9784172661870503
2024-07-01,6561,上櫃,361.0,350.4,除息,0.9706371191135733
2024-07-01,6655,上市,123.5,120.5,息,0.9757085020242915
2024-07-01,6903,上櫃,192.5,183.23,除息,0.9518441558441558
2024-07-01,8155,上櫃,144.0,140.4,除息,0.9750000000000001
2024-07-01,8440,上櫃,57.0,49.57,除權,0.8696491228070176
2024-07-01,8463,上市,29.7,29.05,息,0.9781144781144782
2024-07-01,8481,上市,52.4,50.4,息,0.9618320610687023
2024-07-01,8926,上市,47.9,45.97,息,0.9597077244258873
2024-07-01,9934,上市,19.3,18.1,息,0.9378238341968912
2024-07-02,1456,上市,19.95,19.75,息,0.9899749373433584
2024-07-02,1612,上市,39.05,37.05,息,0.9487836107554417
2024-07-02,1710,上市,17.2,17.0,息,0.9883720930232559
2024-07-02,2303,上市,56.9,53.89,息,0.9471001757469245
2024-07-02,2317,上市,216.0,210.6,息,0.975
2024-07-02,2344,上市,25.5,25.32,權,0.9929411764705882
2024-07-02,2354,上市,70.4,68.9,息,0.9786931818181818
2024-07-02,2429,上市,38.9,29.15,權,0.7493573264781491
2024-07-02,2611,上市,33.0,30.7,息,0.9303030303030303
2024-07-02,2755,上櫃,98.4,94.8,除息,0.9634146341463414
2024-07-02,2820,上市,15.6,14.87,息,0.9532051282051281
2024-07-02,2887E,上市,52.8,50.42,息,0.9549242424242425
2024-07-02,2887F,上市,47.35,45.45,息,0.9598732840549102
2024-07-02,2887Z1,上市,16.7,16.04,息,0.9604790419161676
2024-07-02,3038,上市,32.3,30.7,息,0.9504643962848298
2024-07-02,3512,上櫃,43.65,40.44,除息,0.9264604810996563
2024-07-02,4711,上櫃,17.15,16.65,除息,0.9708454810495627
2024-07-02,5016,上櫃,28.4,27.7,除息,0.9753521126760564
2024-07-02,6263,上櫃,178.5,171.1,除息,0.9585434173669467
2024-07-02,6285,上市,157.0,151.0,息,0.9617834394904459
2024-07-02,6542,上櫃,60.1,59.1,除息,0.9833610648918469
2024-07-02,6593,上櫃,102.5,101.5,除息,0.9902439024390244
2024-07-02,6598,上市,31.0,28.95,權,0.9338709677419355
2024-07-02,6672,上市,84.4,81.05,息,0.9603080568720378
2024-07-02,6693,上櫃,75.4,74.4,除息,0.986737400530504
2024-07-02,6789,上市,348.0,347.0,息,0.9971264367816092
2024-07-02,6952,上市,50.9,49.9,息,0.9803536345776032
2024-07-02,7402,上櫃,107.5,106.01,除息,0.986139534883721
2024-07-02,8054,上櫃,154.5,154.0,除息,0.9967637540453075
2024-07-02,8081,上市,300.5,286.5,息,0.9534109816971714
2024-07-02,8083,上櫃,177.0,170.0,除息,0.96045197740113
2024-07-02,8111,上櫃,23.7,22.9,除息,0.9662447257383966
2024-07-02,8271,上市,67.3,64.15,息,0.9531946508172364
2024-07-02,910861,上市,7.05,6.92,息,0.9815602836879432
2024-07-02,9902,上市,16.5,16.2,息,0.9818181818181818
2024-07-03,1219,上市,18.9,18.34,權,0.9703703703703704
2024-07-03,1452,上市,16.8,16.5,息,0.9821428571428571
2024-07-03,1817,上市,39.75,37.95,息,0.9547169811320756
2024-07-03,2031,上市,64.1,61.1,息,0.9531981279251172
2024-07-03,2357,上市,490.0,473.0,息,0.9653061224489796
2024-07-03,2402,上市,38.25,37.06,息,0.9688888888888889
2024-07-03,2421,上市,111.5,108.0,息,0.968609865470852
2024-07-03,2464,上市,70.2,69.7,息,0.9928774928774928
2024-07-03,2941,上櫃,90.0,86.82,除息,0.9646666666666666
2024-07-03,3276,上櫃,17.8,17.6,除息,0.9887640449438203
2024-07-03,4126,上櫃,93.2,88.4,除息,0.9484978540772533
2024-07-03,4442,上櫃,29.7,28.9,除息,0.9730639730639731
2024-07-03,4510,上櫃,16.9,16.2,除息,0.9585798816568047
2024-07-03,4542,上櫃,77.0,75.5,除息,0.9805194805194806
2024-07-03,4706,上櫃,30.0,29.8,除息,0.9933333333333334
2024-07-03,6155,上市,29.4,28.55,息,0.9710884353741497
2024-07-03,6615,上櫃,71.7,71.5,除息,0.99721059972106
2024-07-03,6624,上櫃,40.4,39.4,除息,0.9752475247524752
2024-07-03,6716,上櫃,123.5,121.5,除息,0.9838056680161943
2024-07-03,8482,上市,65.1,62.8,息,0.9646697388632873
2024-07-03,8923,上櫃,20.8,20.0,除息,0.9615384615384615
2024-07-04,1336,上櫃,20.75,20.34,除息,0.9802409638554217
2024-07-04,1451,上市,20.35,19.84,息,0.9749385749385748
2024-07-04,1570,上櫃,31.85,30.85,除息,0.9686028257456829
2024-07-04,1580,上櫃,160.0,151.0,除息,0.94375
2024-07-04,1752,上市,53.8,51.8,息,0.9628252788104089
2024-07-04,1789,上市,28.9,28.6,息,0.9896193771626298
2024-07-04,1906,上市,16.0,15.85,息,0.990625
2024-07-04,2010,上市,20.4,19.4,息,0.9509803921568627
2024-07-04,2013,上市,59.0,57.1,息,0.9677966101694916
2024-07-04,2030,上市,17.8,17.3,息,0.9719101123595506
2024-07-04,2103,上市,23.65,23.09,息,0.9763213530655391
2024-07-04,2312,上市,18.25,17.95,息,0.9835616438356164
2024-07-04,2412,上市,125.5,120.74,息,0.9620717131474104
2024-07-04,2425,上市,37.65,37.2,息,0.9880478087649404
2024-07-04,2433,上市,53.0,50.0,息,0.9433962264150944
2024-07-04,2454,上市,1405.0,1374.59,息,0.9783558718861209
2024-07-04,2474,上市,233.5,228.5,息,0.9785867237687366
2024-07-04,2727,上市,239.5,224.55,息,0.9375782881002088
2024-07-04,3006,上市,103.0,102.4,息,0.9941747572815535
2024-07-04,3016,上市,67.3,66.8,息,0.9925705794947994
2024-07-04,3046,上市,64.5,62.5,息,0.9689922480620154
2024-07-04,3093,上櫃,31.85,30.05,除息,0.9434850863422292
2024-07-04,3189,上市,95.1,94.09,息,0.98937960042061
2024-07-04,3213,上櫃,111.0,105.6,除息,0.9513513513513513
2024-07-04,3217,上櫃,171.0,164.6,除息,0.9625730994152046
2024-07-04,3303,上櫃,46.3,44.55,除息,0.9622030237580993
2024-07-04,3479,上櫃,116.0,110.01,除息,0.9483620689655173
2024-07-04,3529,上櫃,2560.0,2542.5,除息,0.9931640625
2024-07-04,3540,上櫃,48.45,47.55,除息,0.981424148606811
2024-07-04,3570,上櫃,169.5,161.5,除息,0.9528023598820059
2024-07-04,3703,上市,37.25,35.75,息,0.959731543624161
2024-07-04,4102,上櫃,37.1,36.3,除息,0.9784366576819405
2024-07-04,5234,上市,147.0,142.9,息,0.972108843537415
2024-07-04,5347,上櫃,131.0,126.5,除息,0.9656488549618321
2024-07-04,5452,上櫃,35.85,35.7,除息,0.99581589958159
2024-07-04,5474,上櫃,191.0,187.5,除息,0.981675392670157
2024-07-04,5515,上市,24.35,23.35,息,0.9589322381930185
2024-07-04,5536,上櫃,258.5,252.5,除息,0.97678916827853
2024-07-04,6121,上櫃,414.0,402.3,除息,0.9717391304347827
2024-07-04,6197,上市,188.0,183.8,息,0.9776595744680852
2024-07-04,6270,上櫃,32.2,31.2,除息,0.9689440993788819
2024-07-04,6470,上櫃,58.4,55.6,除息,0.952054794520548
2024-07-04,6641,上市,41.4,40.4,息,0.9758454106280193
2024-07-04,6751,上櫃,72.2,70.2,除息,0.9722991689750693
2024-07-04,6776,上市,63.7,60.2,息,0.945054945054945
2024-07-04,6781,上市,620.0,608.4,息,0.9812903225806451
2024-07-04,6792,上市,80.7,77.1,息,0.9553903345724906
2024-07-04,6803,上櫃,314.0,299.51,除息,0.9538535031847133
2024-07-04,6811,上櫃,288.0,279.5,除息,0.9704861111111112
2024-07-04,6844,上櫃,161.0,154.9,除息,0.962111801242236
2024-07-04,6922,上櫃,172.5,168.93,除息,0.979304347826087
2024-07-04,8021,上市,30.9,30.1,息,0.9741100323624596
2024-07-04,8162,上市,38.85,38.35,息,0.9871299871299871
2024-07-04,8163,上市,69.3,65.3,息,0.9422799422799423
2024-07-04,8213,上市,39.6,38.6,息,0.9747474747474747
2024-07-04,8367,上市,50.4,47.9,息,0.9503968253968254
2024-07-04,8454,上市,427.0,412.2,息,0.9653395784543325
2024-07-04,8499,上市,124.5,120.5,息,0.9678714859437751
2024-07-04,8917,上櫃,61.7,59.5,除息,0.9643435980551053
2024-07-04,9939,上市,171.0,165.65,息,0.9687134502923977
2024-07-04,9943,上市,90.1,84.9,息,0.9422863485016649
2024-07-05,1410,上市,36.85,36.55,息,0.9918588873812754
2024-07-05,1713,上市,59.9,58.5,息,0.9766277128547579
2024-07-05,2373,上市,77.0,72.9,息,0.9467532467532468
2024-07-05,2417,上市,53.2,53.04,息,0.9969924812030074
2024-07-05,2838A,上市,53.8,51.24,息,0.9524163568773235
2024-07-05,3055,上市,92.6,91.58,息,0.9889848812095032
2024-07-05,3564,上櫃,102.0,101.65,除息,0.9965686274509804
2024-07-05,3704,上市,41.2,39.7,息,0.9635922330097088
2024-07-05,5015,上櫃,48.5,45.5,除息,0.9381443298969072
2024-07-05,5706,上市,78.1,69.18,權息,0.8857874519846353
2024-07-05,6115,上市,59.4,56.4,息,0.9494949494949495
2024-07-05,6591,上市,62.0,59.27,息,0.955967741935484
2024-07-05,8099,上櫃,114.0,112.15,除息,0.9837719298245614
2024-07-05,8249,上市,30.15,29.05,息,0.9635157545605307
2024-07-05,8462,上市,118.0,115.88,息,0.9820338983050847
2024-07-08,2316,上市,56.0,55.5,息,0.9910714285714286
2024-07-08,2451,上市,119.5,114.5,息,0.9581589958158996
2024-07-08,2534,上市,26.85,25.85,息,0.962756052141527
2024-07-08,2618,上市,37.35,35.55,息,0.9518072289156625
2024-07-08,3045,上市,116.0,111.7,息,0.9629310344827586
2024-07-08,3290,上櫃,29.0,28.0,除息,0.9655172413793104
2024-07-08,3310,上櫃,106.0,101.7,除息,0.959433962264151
2024-07-08,4163,上櫃,124.5,121.0,除息,0.9718875502008032
2024-07-08,5533,上市,24.3,23.1,息,0.9506172839506173
2024-07-08,5538,上市,31.25,30.25,息,0.968
2024-07-08,6136,上市,24.3,23.1,息,0.9506172839506173
2024-07-08,6233,上櫃,37.55,37.34,除息,0.9944074567243677
2024-07-08,6506,上櫃,18.3,17.9,除息,0.9781420765027321
2024-07-08,6612,上櫃,172.0,156.18,除權息,0.9080232558139535
2024-07-08,6807,上市,60.5,57.9,息,0.9570247933884297
2024-07-08,6835,上市,52.4,50.4,息,0.9618320610687023
2024-07-08,7556,上櫃,144.0,134.76,除權息,0.9358333333333333
2024-07-09,1595,上櫃,42.25,41.25,除息,0.9763313609467456
2024-07-09,1614,上市,45.2,44.12,息,0.9761061946902654
2024-07-09,2028,上市,25.9,25.6,息,0.9884169884169886
2024-07-09,2387,上市,59.7,56.7,息,0.949748743718593
2024-07-09,2397,上市,91.0,88.0,息,0.967032967032967
2024-07-09,2493,上市,97.1,92.1,息,0.9485066941297631
2024-07-09,2607,上市,31.6,30.5,息,0.9651898734177214
2024-07-09,2609,上市,67.5,65.5,息,0.9703703703703703
2024-07-09,2612,上市,45.6,44.6,息,0.9780701754385965
2024-07-09,2836A,上市,21.6,20.82,息,0.9638888888888888
2024-07-09,3021,上市,26.5,26.2,息,0.9886792452830189
2024-07-09,3130,上市,243.0,229.39,息,0.943991769547325
2024-07-09,3227,上櫃,184.5,179.98,除息,0.9755013550135501
2024-07-09,3430,上櫃,59.3,57.3,除息,0.9662731871838112
2024-07-09,4305,上櫃,47.7,45.2,除息,0.9475890985324947
2024-07-09,4417,上櫃,39.3,37.3,除息,0.9491094147582697
2024-07-09,4533,上櫃,47.0,45.84,除息,0.9753191489361703
2024-07-09,4755,上市,153.0,149.5,息,0.9771241830065359
2024-07-09,4953,上櫃,135.0,130.04,除息,0.9632592592592591
2024-07-09,5215,上市,54.9,53.4,息,0.9726775956284153
2024-07-09,5220,上櫃,27.0,26.1,除息,0.9666666666666667
2024-07-09,5285,上市,69.3,67.3,息,0.9711399711399712
2024-07-09,5469,上市,54.6,52.99,息,0.9705128205128205
2024-07-09,5511,上櫃,71.4,66.4,除息,0.9299719887955182
2024-07-09,6180,上櫃,80.1,76.82,除息,0.9590511860174782
2024-07-09,6190,上櫃,42.5,41.34,除息,0.9727058823529413
2024-07-09,6191,上市,72.1,68.8,息,0.9542302357836339
2024-07-09,6215,上市,64.6,63.6,息,0.9845201238390094
2024-07-09,6237,上櫃,55.0,54.75,除息,0.9954545454545455
2024-07-09,6469,上櫃,242.0,238.4,除息,0.9851239669421488
2024-07-09,6505,上市,65.7,63.7,息,0.969558599695586
2024-07-09,6508,上櫃,33.15,32.15,除息,0.9698340874811463
2024-07-09,6510,上櫃,489.5,489.0,除息,0.9989785495403473
2024-07-09,6526,上市,738.0,733.04,息,0.9932791327913278
2024-07-09,6667,上櫃,211.5,209.0,除權,0.9881796690307328
2024-07-09,6728,上櫃,135.5,129.08,除權,0.9526199261992621
2024-07-09,6904,上櫃,164.5,160.4,除息,0.9750759878419453
2024-07-09,8255,上櫃,216.5,211.5,除息,0.976905311778291
2024-07-09,8299,上櫃,613.0,604.34,除息,0.9858727569331158
2024-07-09,8358,上櫃,70.3,68.8,除息,0.9786628733997155
2024-07-09,8426,上櫃,52.7,50.2,除息,0.952561669829222
2024-07-09,8464,上市,405.0,393.0,息,0.9703703703703703
2024-07-09,8476,上市,64.4,60.98,權息,0.9468944099378881
2024-07-10,1233,上市,34.35,33.45,息,0.9737991266375546
2024-07-10,1325,上市,32.1,31.5,息,0.9813084112149533
2024-07-10,1326,上市,48.5,47.25,息,0.9742268041237113
2024-07-10,1475,上市,65.2,63.2,息,0.9693251533742331
2024-07-10,1608,上市,40.5,39.5,息,0.9753086419753086
2024-07-10,1796,上櫃,64.0,62.0,除息,0.96875
2024-07-10,2049,上市,211.5,209.0,息,0.9881796690307328
2024-07-10,2239,上市,52.0,51.34,息,0.9873076923076923
2024-07-10,2359,上市,163.0,161.3,息,0.9895705521472393
2024-07-10,2492,上市,118.0,115.84,息,0.9816949152542374
2024-07-10,2616,上市,24.35,23.92,息,0.982340862422998
2024-07-10,2634,上市,52.3,50.88,息,0.9728489483747611
2024-07-10,2910,上市,27.0,26.65,息,0.9870370370370369
2024-07-10,3014,上市,177.0,169.0,息,0.9548022598870056
2024-07-10,3024,上市,22.25,22.15,息,0.995505617977528
2024-07-10,3034,上市,604.0,572.0,息,0.9470198675496688
2024-07-10,3044,上市,212.0,204.5,息,0.964622641509434
2024-07-10,3171,上櫃,30.4,28.4,除息,0.9342105263157895
2024-07-10,3265,上櫃,138.0,133.2,除息,0.9652173913043477
2024-07-10,3311,上市,39.8,38.6,息,0.9698492462311559
2024-07-10,3653,上市,1275.0,1265.14,息,0.9922666666666667
2024-07-10,4164,上市,52.1,50.09,息,0.9614203454894434
2024-07-10,4584,上櫃,76.3,75.1,除息,0.9842726081258191
2024-07-10,4721,上櫃,82.5,81.4,除息,0.9866666666666667
2024-07-10,4771,上市,272.0,268.76,息,0.9880882352941176
2024-07-10,4904,上市,86.5,83.25,息,0.9624277456647399
2024-07-10,5284,上市,130.5,125.5,息,0.9616858237547893
2024-07-10,5356,上櫃,39.45,37.15,除息,0.9416983523447401
2024-07-10,5432,上櫃,293.0,292.0,除息,0.9965870307167235
2024-07-10,5508,上櫃,224.0,212.71,除息,0.9495982142857143
2024-07-10,5603,上櫃,26.9,25.7,除息,0.9553903345724908
2024-07-10,6173,上櫃,52.4,51.19,除息,0.9769083969465648
2024-07-10,6235,上市,93.1,92.31,權,0.991514500537057
2024-07-10,6418,上櫃,24.4,23.3,除息,0.9549180327868854
2024-07-10,8088,上櫃,43.7,41.1,除息,0.9405034324942791
2024-07-10,8147,上櫃,128.0,125.67,除息,0.981796875
2024-07-10,8478,上市,397.0,381.8,權息,0.9617128463476071
2024-07-11,00940,上市,10.32,10.27,息,0.9951550387596898
2024-07-11,1419,上市,48.7,47.5,息,0.9753593429158111
2024-07-11,1423,上市,45.35,44.75,息,0.9867695700110253
2024-07-11,1560,上市,354.5,350.5,息,0.9887165021156559
2024-07-11,1723,上市,106.0,102.0,息,0.9622641509433962
2024-07-11,1907,上市,31.4,30.5,息,0.9713375796178344
2024-07-11,2235,上櫃,51.8,49.3,除息,0.9517374517374517
2024-07-11,2340,上市,43.1,42.6,息,0.988399071925754
2024-07-11,2356,上市,57.0,55.5,息,0.9736842105263158
2024-07-11,2419,上市,32.75,32.45,息,0.9908396946564887
2024-07-11,2453,上市,68.2,65.8,息,0.9648093841642228
2024-07-11,2645,上市,111.0,106.5,息,0.9594594594594594
2024-07-11,2888,上市,11.85,11.51,權,0.9713080168776371
2024-07-11,2888A,上市,31.6,31.34,權,0.9917721518987341
2024-07-11,2888B,上市,31.85,31.59,權,0.9918367346938775
2024-07-11,2904,上市,19.05,18.45,息,0.968503937007874
2024-07-11,3037,上市,175.5,172.49,息,0.9828490028490029
2024-07-11,3060,上市,33.6,33.35,息,0.9925595238095238
2024-07-11,3167,上市,70.2,69.7,息,0.9928774928774928
2024-07-11,3305,上市,77.9,75.9,息,0.9743260590500642
2024-07-11,3322,上櫃,23.95,23.53,除權,0.9824634655532359
2024-07-11,3354,上櫃,23.0,22.8,除息,0.991304347826087
2024-07-11,3441,上櫃,39.5,39.0,除息,0.9873417721518988
2024-07-11,3545,上市,85.6,84.6,息,0.9883177570093458
2024-07-11,3567,上櫃,43.25,40.55,除息,0.93757225433526
2024-07-11,3577,上櫃,54.8,53.8,除息,0.9817518248175182
2024-07-11,3581,上櫃,52.0,51.5,除息,0.9903846153846154
2024-07-11,3588,上市,90.2,88.04,權息,0.9760532150776053
2024-07-11,3597,上櫃,26.8,26.5,除息,0.9888059701492538
2024-07-11,3652,上市,48.4,48.05,息,0.9927685950413223
2024-07-11,3715,上市,62.5,61.0,息,0.976
2024-07-11,4148,上市,48.4,47.4,息,0.9793388429752066
2024-07-11,4588,上市,127.0,124.0,息,0.9763779527559056
2024-07-11,5292,上市,182.0,161.36,權息,0.8865934065934067
2024-07-11,5371,上櫃,86.0,83.0,除息,0.9651162790697675
2024-07-11,5465,上櫃,38.05,36.55,除息,0.9605781865965834
2024-07-11,6130,上櫃,35.6,35.1,除息,0.9859550561797753
2024-07-11,6166,上市,80.7,79.7,息,0.9876084262701363
2024-07-11,6213,上市,115.5,114.0,息,0.987012987012987
2024-07-11,6223,上櫃,600.0,592.5,除息,0.9875
2024-07-11,6231,上櫃,523.0,433.75,除權息,0.8293499043977055
2024-07-11,6278,上市,131.0,126.0,息,0.9618320610687023
2024-07-11,6527,上櫃,88.3,86.24,除息,0.9766704416761042
2024-07-11,6556,上櫃,104.0,101.0,除息,0.9711538461538461
2024-07-11,6629,上櫃,117.0,115.0,除息,0.9829059829059829
2024-07-11,6683,上櫃,413.5,406.99,除息,0.9842563482466747
2024-07-11,6735,上櫃,90.8,86.19,除權息,0.9492290748898679
2024-07-11,6754,上市,65.8,62.3,息,0.9468085106382979
2024-07-11,6830,上市,144.0,139.5,息,0.96875
2024-07-11,8110,上市,21.4,21.19,息,0.9901869158878506
2024-07-11,8114,上市,191.5,186.8,息,0.9754569190600523
2024-07-11,8183,上櫃,43.45,41.65,除息,0.958573072497123
2024-07-11,8374,上市,115.5,115.2,息,0.9974025974025974
2024-07-11,8905,上櫃,31.9,30.1,除息,0.9435736677115988
2024-07-11,8941,上櫃,77.1,75.1,除息,0.9740596627756161
2024-07-11,9905,上市,24.6,23.5,息,0.9552845528455284
2024-07-12,2008,上市,25.95,24.95,息,0.9614643545279383
2024-07-12,2302,上市,18.7,18.39,息,0.9834224598930482
2024-07-12,2404,上市,373.0,352.0,息,0.9436997319034852
2024-07-12,2459,上市,77.2,73.2,息,0.9481865284974094
2024-07-12,3380,上市,36.0,34.99,息,0.9719444444444445
2024-07-12,3587,上櫃,290.0,281.07,除息,0.9692068965517241
2024-07-12,3624,上櫃,56.0,54.8,除息,0.9785714285714285
2024-07-12,4167,上櫃,23.15,23.06,除息,0.9961123110151188
2024-07-12,4999,上市,35.25,34.25,息,0.9716312056737588
2024-07-12,6605,上市,252.5,246.0,息,0.9742574257425742
2024-07-12,6790,上市,55.7,52.7,息,0.9461400359066428
2024-07-12,6899,上櫃,64.4,61.22,除息,0.9506211180124222
2024-07-12,8072,上市,30.4,29.65,息,0.975328947368421
2024-07-12,8222,上市,42.95,42.65,息,0.9930151338766006
2024-07-12,9907,上市,15.55,15.25,息,0.9807073954983923
2024-07-12,9933,上市,52.8,50.75,息,0.9611742424242424
2024-07-15,00936,上市,18.43,18.27,息,0.9913185024416712
2024-07-15,1220,上市,15.8,15.4,息,0.9746835443037974
2024-07-15,1470,上市,20.7,20.12,息,0.9719806763285025
2024-07-15,2889,上市,17.05,15.92,權息,0.9337243401759531
2024-07-15,2891,上市,40.2,38.39,息,0.9549751243781094
2024-07-15,2891B,上市,61.2,58.95,息,0.9632352941176471
2024-07-15,2891C,上市,58.7,56.78,息,0.9672913117546849
2024-07-15,3490,上櫃,43.3,42.1,除息,0.9722863741339492
2024-07-15,3596,上市,162.0,155.0,息,0.9567901234567902
2024-07-15,3611,上櫃,223.5,210.5,除息,0.941834451901566
2024-07-15,4536,上市,195.5,187.0,息,0.9565217391304348
2024-07-15,5289,上櫃,327.0,310.59,除權息,0.9498165137614678
2024-07-15,6170,上櫃,59.5,56.77,除息,0.9541176470588236
2024-07-15,6763,上櫃,436.0,426.9,除息,0.9791284403669724
2024-07-15,9926,上市,55.1,53.1,息,0.9637023593466425
2024-07-16,0050,上市,196.7,195.7,息,0.9949161159125572
2024-07-16,0056,上市,42.37,41.3,息,0.9747462827472269
2024-07-16,006203,上市,92.95,92.05,息,0.9903173749327595
2024-07-16,006208,上市,115.4,114.61,息,0.9931542461005198
2024-07-16,00692,上市,46.28,45.86,息,0.990924805531547
2024-07-16,00694B,上櫃,42.04,41.75,除息,0.9931018078020932
2024-07-16,00695B,上櫃,36.25,36.0,除息,0.993103448275862
2024-07-16,00696B,上櫃,32.36,32.05,除息,0.9904202719406674
2024-07-16,00702,上市,24.01,23.35,息,0.9725114535610162
2024-07-16,00717,上市,16.22,16.04,息,0.9889025893958077
2024-07-16,00719B,上櫃,32.26,31.87,除息,0.9879107253564787
2024-07-16,00720B,上櫃,36.2,35.68,除息,0.9856353591160221
2024-07-16,00725B,上櫃,38.59,37.93,除息,0.982897123607152
2024-07-16,00726B,上櫃,35.16,34.57,除息,0.9832195676905575
2024-07-16,00727B,上櫃,40.95,40.38,除息,0.9860805860805861
2024-07-16,00734B,上櫃,16.08,15.92,除息,0.9900497512437811
2024-07-16,00735,上市,42.47,39.74,息,0.9357193312926773
2024-07-16,00736,上市,23.65,23.52,息,0.9945031712473573
2024-07-16,00740B,上櫃,41.66,41.1,除息,0.9865578492558811
2024-07-16,00741B,上櫃,39.55,39.07,除息,0.9878634639696587
2024-07-16,00746B,上櫃,37.83,37.39,除息,0.9883690192968544
2024-07-16,00749B,上櫃,33.02,32.59,除息,0.9869775893397941
2024-07-16,00750B,上櫃,36.38,36.0,除息,0.9895547003848267
2024-07-16,00772B,上櫃,36.37,36.23,除息,0.9961506736321144
2024-07-16,00773B,上櫃,37.89,37.74,除息,0.9960411718131433
2024-07-16,00782B,上櫃,33.34,32.93,除息,0.9877024595080983
2024-07-16,00784B,上櫃,39.06,38.83,除息,0.9941116231438811
2024-07-16,00785B,上櫃,36.97,36.54,除息,0.9883689477955099
2024-07-16,00788B,上櫃,32.52,32.03,除息,0.9849323493234932
2024-07-16,00842B,上櫃,34.11,33.66,除息,0.9868073878627968
2024-07-16,00848B,上櫃,36.2,35.75,除息,0.9875690607734806
2024-07-16,00849B,上櫃,37.92,37.59,除息,0.9912974683544304
2024-07-16,00870B,上櫃,30.73,30.33,除息,0.9869834038398958
2024-07-16,00882,上市,11.87,11.47,息,0.9663016006739681
2024-07-16,00884B,上櫃,31.72,31.42,除息,0.9905422446406054
2024-07-16,00892,上市,18.34,18.19,息,0.9918211559432935
2024-07-16,00905,上市,15.55,15.18,息,0.9762057877813504
2024-07-16,00908,上市,13.11,12.86,息,0.9809305873379099
2024-07-16,00912,上市,20.5,20.25,息,0.9878048780487805
2024-07-16,00928,上櫃,19.06,17.95,除息,0.9417628541448059
2024-07-16,00933B,上櫃,17.14,17.07,除息,0.9959159859976663
2024-07-16,00934,上市,20.82,20.49,息,0.9841498559077809
2024-07-16,00942B,上櫃,15.8,15.73,除息,0.9955696202531645
2024-07-16,00944,上市,15.52,15.46,息,0.9961340206185568
2024-07-16,00945B,上市,15.4,15.29,息,0.9928571428571428
2024-07-16,1104,上市,35.75,33.28,權息,0.9309090909090909
2024-07-16,1110,上市,22.45,22.25,息,0.9910913140311804
2024-07-16,1264,上櫃,320.0,306.0,除息,0.95625
2024-07-16,1446,上市,53.3,52.6,息,0.9868667917448406
2024-07-16,2029,上市,27.9,26.65,息,0.9551971326164874
2024-07-16,2115,上市,33.8,31.23,權息,0.9239644970414203
2024-07-16,2211,上市,140.5,134.0,息,0.9537366548042705
2024-07-16,2449,上市,128.5,125.3,息,0.9750972762645914
2024-07-16,2501,上市,31.4,30.4,息,0.9681528662420382
2024-07-16,2536,上市,34.6,34.1,息,0.9855491329479769
2024-07-16,2633,上市,30.65,29.63,息,0.966721044045677
2024-07-16,2722,上市,55.0,53.41,權息,0.971090909090909
2024-07-16,2729,上櫃,244.0,212.73,除權息,0.8718442622950819
2024-07-16,2903,上市,32.85,31.25,息,0.9512937595129376
2024-07-16,2906,上市,22.05,21.45,息,0.9727891156462585
2024-07-16,3114,上櫃,29.5,28.3,除息,0.9593220338983051
2024-07-16,3138,上市,134.5,131.9,息,0.9806691449814127
2024-07-16,4161,上櫃,34.95,34.25,除息,0.9799713876967096
2024-07-16,4526,上市,32.1,31.9,息,0.9937694704049843
2024-07-16,4554,上櫃,30.95,29.95,除息,0.9676898222940226
2024-07-16,4741,上櫃,39.75,37.95,除息,0.9547169811320756
2024-07-16,4744,上櫃,23.95,23.85,除息,0.9958246346555324
2024-07-16,5351,上櫃,47.25,46.26,除權,0.979047619047619
2024-07-16,5471,上市,52.7,51.5,息,0.9772296015180265
2024-07-16,6005,上市,24.85,23.52,息,0.9464788732394366
2024-07-16,6026,上櫃,15.95,14.67,除息,0.9197492163009405
2024-07-16,6129,上櫃,26.75,26.5,除息,0.9906542056074766
2024-07-16,6244,上櫃,32.0,31.68,除息,0.99
2024-07-16,6405,上市,26.7,26.6,息,0.9962546816479402
2024-07-16,6592,上市,120.5,106.81,權息,0.886390041493776
2024-07-16,6592A,上市,99.0,94.8,息,0.9575757575757575
2024-07-16,6592B,上市,96.0,94.45,息,0.9838541666666667
2024-07-16,6645,上市,37.0,35.23,權,0.9521621621621621
2024-07-16,6670,上市,292.0,279.69,息,0.9578424657534247
2024-07-16,6741,上櫃,95.5,94.55,除息,0.9900523560209423
2024-07-16,6829,上櫃,125.5,122.5,除息,0.9760956175298805
2024-07-16,6843,上櫃,54.1,51.6,除息,0.9537892791127541
2024-07-16,6881,上櫃,237.5,228.5,除息,0.9621052631578947
2024-07-16,6937,上市,316.0,314.0,息,0.9936708860759493
2024-07-16,8046,上市,187.5,182.0,息,0.9706666666666667
2024-07-16,9930,上市,67.8,64.8,息,0.9557522123893806
2024-07-16,9945,上市,46.4,44.9,息,0.9676724137931034
2024-07-17,00789B,上櫃,53.65,53.02,除息,0.9882572227399814
2024-07-17,00790B,上櫃,56.8,56.21,除息,0.9896126760563381
2024-07-17,00791B,上櫃,57.4,56.84,除息,0.9902439024390245
2024-07-17,00911,上市,32.41,31.21,息,0.9629743906201791
2024-07-17,00929,上市,20.8,20.62,息,0.9913461538461539
2024-07-17,1232,上市,147.5,140.9,息,0.9552542372881356
2024-07-17,1256,上市,196.0,189.4,息,0.9663265306122449
2024-07-17,1303,上市,48.9,48.2,息,0.9856850715746422
2024-07-17,1338,上市,33.25,32.75,息,0.9849624060150376
2024-07-17,1342,上市,115.5,105.0,權,0.9090909090909091
2024-07-17,1726,上市,83.2,79.7,息,0.9579326923076923
2024-07-17,2221,上櫃,31.8,30.5,除息,0.9591194968553459
2024-07-17,2228,上市,108.0,103.0,息,0.9537037037037037
2024-07-17,2462,上市,35.6,34.45,息,0.9676966292134832
2024-07-17,2704,上市,71.5,70.5,息,0.986013986013986
2024-07-17,2945,上市,43.8,42.6,息,0.9726027397260275
2024-07-17,3031,上市,23.3,22.5,息,0.9656652360515021
2024-07-17,3206,上櫃,50.1,47.6,除息,0.9500998003992016
2024-07-17,4205,上櫃,94.4,91.4,除息,0.9682203389830508
2024-07-17,4576,上市,80.3,80.2,息,0.9987546699875468
2024-07-17,4728,上櫃,305.5,294.5,除息,0.9639934533551555
2024-07-17,5291,上櫃,28.75,27.95,除息,0.9721739130434782
2024-07-17,5876,上市,45.1,43.3,息,0.9600886917960088
2024-07-17,6112,上市,70.3,67.55,息,0.9608819345661451
2024-07-17,6187,上櫃,260.0,256.19,除權息,0.9853461538461539
2024-07-17,6189,上市,97.3,93.84,息,0.9644398766700926
2024-07-17,6194,上櫃,38.45,36.65,除息,0.9531859557867359
2024-07-17,6196,上市,170.0,164.0,息,0.9647058823529412
2024-07-17,6485,上櫃,78.3,77.1,除息,0.9846743295019157
2024-07-17,6486,上櫃,99.7,94.01,除息,0.9429287863590773
2024-07-17,6574,上櫃,52.4,48.9,除息,0.933206106870229
2024-07-17,6890,上市,291.5,287.08,息,0.98483704974271
2024-07-17,8182,上櫃,37.3,36.1,除息,0.9678284182305631
2024-07-17,8261,上市,87.8,85.31,息,0.9716400911161732
2024-07-17,8383,上櫃,46.8,45.3,除息,0.967948717948718
2024-07-17,9918,上市,41.7,40.2,息,0.9640287769784173
2024-07-18,00904,上市,19.84,19.74,息,0.9949596774193548
2024-07-18,00931B,上櫃,15.23,15.1,除息,0.9914642153644123
2024-07-18,1102,上市,44.2,42.1,息,0.9524886877828054
2024-07-18,1103,上市,18.6,18.1,息,0.9731182795698925
2024-07-18,1109,上市,19.95,18.75,息,0.9398496240601504
2024-07-18,1227,上市,40.75,39.5,息,0.9693251533742331
2024-07-18,1236,上市,25.45,24.8,息,0.9744597249508842
2024-07-18,1402,上市,37.3,35.95,息,0.9638069705093836
2024-07-18,1522,上市,72.0,70.0,息,0.9722222222222222
2024-07-18,1522A,上市,46.05,44.05,息,0.9565689467969598
2024-07-18,1563,上市,71.9,70.09,息,0.9748261474269819
2024-07-18,1598,上市,31.9,30.38,權,0.9523510971786834
2024-07-18,1785,上櫃,71.5,70.3,除息,0.9832167832167832
2024-07-18,2204,上市,129.0,123.0,息,0.9534883720930233
2024-07-18,2374,上市,54.7,53.79,息,0.9833638025594149
2024-07-18,2392,上市,83.6,81.6,息,0.9760765550239234
2024-07-18,2395,上市,374.5,365.05,息,0.974766355140187
2024-07-18,2461,上市,24.25,23.59,息,0.9727835051546392
2024-07-18,2482,上市,40.8,39.8,息,0.9754901960784313
2024-07-18,2610,上市,23.5,22.8,息,0.9702127659574469
2024-07-18,3022,上市,96.2,92.7,息,0.9636174636174636
2024-07-18,3071,上櫃,37.9,36.87,除息,0.9728232189973615
2024-07-18,3221,上櫃,31.6,30.9,除息,0.9778481012658227
2024-07-18,3362,上櫃,273.0,272.0,除息,0.9963369963369964
2024-07-18,3406,上市,605.0,593.0,息,0.9801652892561984
2024-07-18,3607,上市,22.45,21.75,息,0.9688195991091314
2024-07-18,3615,上櫃,30.5,29.8,除息,0.9770491803278689
2024-07-18,3687,上櫃,100.5,98.93,除息,0.9843781094527364
2024-07-18,3701,上市,49.8,49.1,息,0.9859437751004017
2024-07-18,4129,上櫃,102.0,98.0,除息,0.9607843137254902
2024-07-18,4306,上市,22.05,21.06,息,0.9551020408163264
2024-07-18,4549,上櫃,148.0,144.0,除息,0.972972972972973
2024-07-18,5011,上櫃,24.85,23.85,除息,0.959758551307847
2024-07-18,5525,上市,41.0,39.8,息,0.9707317073170731
2024-07-18,5871,上市,162.0,152.45,權息,0.9410493827160493
2024-07-18,5871A,上市,97.9,94.1,息,0.961184882533197
2024-07-18,6101,上櫃,45.95,45.78,除息,0.9963003264417845
2024-07-18,6120,上市,15.95,15.85,息,0.9937304075235109
2024-07-18,6161,上櫃,61.1,59.1,除息,0.967266775777414
2024-07-18,6217,上櫃,49.5,49.2,除息,0.993939393939394
2024-07-18,6218,上櫃,33.25,32.75,除息,0.9849624060150376
2024-07-18,6220,上櫃,23.7,22.9,除息,0.9662447257383966
2024-07-18,6229,上櫃,42.4,41.9,除息,0.9882075471698113
2024-07-18,6284,上櫃,100.0,98.0,除息,0.98
2024-07-18,6488,上櫃,576.0,565.0,除息,0.9809027777777778
2024-07-18,6609,上櫃,49.5,48.6,除息,0.9818181818181818
2024-07-18,6625,上市,99.9,87.63,權息,0.8771771771771771
2024-07-18,6671,上市,48.0,45.5,息,0.9479166666666666
2024-07-18,6719,上市,296.5,294.5,息,0.9932546374367622
2024-07-18,6727,上櫃,67.0,65.0,除息,0.9701492537313433
2024-07-18,6747,上櫃,179.0,154.41,除權息,0.8626256983240224
2024-07-18,6933,上市,309.5,306.52,息,0.9903715670436187
2024-07-18,8215,上市,35.0,33.8,息,0.9657142857142856
2024-07-18,8284,上櫃,67.5,64.0,除息,0.9481481481481482
2024-07-18,9919,上市,22.2,21.9,息,0.9864864864864864
2024-07-18,9935,上市,27.05,26.55,息,0.9815157116451017
2024-07-19,00714,上市,21.1,20.97,息,0.9938388625592416
2024-07-19,00722B,上櫃,40.05,39.53,除息,0.9870162297128591
2024-07-19,00723B,上櫃,35.15,34.71,除息,0.9874822190611665
2024-07-19,00724B,上櫃,36.22,35.74,除息,0.9867476532302596
2024-07-19,00834B,上櫃,36.21,35.81,除息,0.9889533278099972
2024-07-19,00927,上市,21.05,20.41,息,0.9695961995249406
2024-07-19,00937B,上櫃,16.25,16.17,除息,0.9950769230769232
2024-07-19,1535,上市,70.6,67.3,息,0.953257790368272
2024-07-19,1582,上市,114.5,110.46,息,0.9647161572052401
2024-07-19,1777,上櫃,104.0,100.5,除息,0.9663461538461539
2024-07-19,2427,上市,32.35,31.45,息,0.972179289026275
2024-07-19,2617,上市,36.45,34.85,息,0.9561042524005486
2024-07-19,2640,上櫃,123.5,117.5,除息,0.951417004048583
2024-07-19,2881,上市,89.9,87.4,息,0.9721913236929922
2024-07-19,2881A,上市,63.8,61.13,息,0.9581504702194358
2024-07-19,2881B,上市,59.5,57.34,息,0.9636974789915967
2024-07-19,2881C,上市,53.0,51.2,息,0.9660377358490566
2024-07-19,3675,上櫃,351.0,346.0,除息,0.9857549857549858
2024-07-19,4120,上櫃,50.0,49.0,除息,0.98
2024-07-19,4935,上市,61.9,60.4,息,0.975767366720517
2024-07-19,6419,上櫃,173.0,169.2,除息,0.9780346820809248
2024-07-19,6796,上市,100.0,98.2,息,0.982
2024-07-19,6928,上市,79.9,78.9,息,0.9874843554443054
2024-07-22,1618,上市,56.4,55.4,息,0.9822695035460993
2024-07-22,2405,上市,23.85,23.68,息,0.9928721174004193
2024-07-22,2731,上市,162.0,154.0,息,0.9506172839506173
2024-07-22,3081,上櫃,148.0,147.5,除息,0.9966216216216216
2024-07-22,3390,上櫃,32.5,31.8,除息,0.9784615384615385
2024-07-22,3402,上櫃,112.5,108.0,除息,0.96
2024-07-22,3465,上櫃,68.0,67.0,除息,0.9852941176470589
2024-07-22,3491,上櫃,300.0,296.65,除息,0.9888333333333332
2024-07-22,3551,上櫃,97.8,95.0,除息,0.9713701431492843
2024-07-22,3712,上市,61.4,59.4,息,0.9674267100977199
2024-07-22,4506,上櫃,108.0,104.0,除息,0.9629629629629629
2024-07-22,5546,上市,32.15,30.15,息,0.937791601866252
2024-07-22,6409,上市,1770.0,1732.49,息,0.9788079096045198
2024-07-22,6515,上市,979.0,968.0,息,0.9887640449438202
2024-07-22,6691,上市,414.5,332.08,權息,0.8011580217129071
2024-07-22,6840,上櫃,83.1,75.55,除權,0.9091456077015644
2024-07-23,1301,上市,60.2,59.2,息,0.9833887043189369
2024-07-23,1725,上市,45.0,44.15,息,0.981111111111111
2024-07-23,1783,上市,46.5,45.5,息,0.978494623655914
2024-07-23,2062,上市,27.85,27.05,息,0.9712746858168761
2024-07-23,2712,上市,29.6,29.18,息,0.9858108108108108
2024-07-23,2812,上市,19.55,18.13,權息,0.9273657289002557
2024-07-23,2849,上市,14.9,14.52,息,0.9744966442953019
2024-07-23,2855,上市,28.65,27.33,息,0.9539267015706806
2024-07-23,2949,上櫃,92.6,90.6,除息,0.978401727861771
2024-07-23,3032,上市,67.0,63.5,息,0.9477611940298507
2024-07-23,3444,上櫃,113.5,109.02,除權息,0.9605286343612335
2024-07-23,3501,上市,71.5,68.5,息,0.958041958041958
2024-07-23,3528,上市,47.2,45.7,息,0.9682203389830508
2024-07-23,3546,上櫃,89.0,80.95,除權息,0.9095505617977528
2024-07-23,3617,上市,258.5,250.57,息,0.9693230174081238
2024-07-23,3665,上市,388.0,379.21,息,0.9773453608247422
2024-07-23,4931,上櫃,28.6,27.8,除息,0.972027972027972
2024-07-23,6182,上櫃,37.9,37.25,除息,0.9828496042216359
2024-07-23,6206,上市,88.6,84.6,息,0.9548532731376975
2024-07-23,6411,上櫃,95.5,93.04,除息,0.9742408376963352
2024-07-23,6906,上市,146.5,143.5,息,0.9795221843003413
2024-07-23,8039,上市,58.6,55.14,權息,0.9409556313993174
2024-07-23,8411,上市,14.35,14.27,息,0.9944250871080139
2024-07-23,8436,上櫃,151.5,144.5,除息,0.9537953795379538
2024-07-24,1201,上市,18.5,18.23,息,0.9854054054054054
2024-07-24,1503,上市,291.5,288.5,息,0.9897084048027445
2024-07-24,1762,上市,52.2,51.4,息,0.9846743295019156
2024-07-24,1786,上市,114.5,112.09,息,0.9789519650655022
2024-07-24,2023,上市,15.35,15.15,息,0.9869706840390879
2024-07-24,2073,上櫃,30.65,30.05,除息,0.9804241435562806
2024-07-24,2206,上市,78.2,75.2,息,0.9616368286445013
2024-07-24,2838,上市,16.5,15.23,權息,0.9230303030303031
2024-07-24,2897,上市,10.75,10.3,息,0.958139534883721
2024-07-24,2897A,上市,10.7,10.27,息,0.9598130841121496
2024-07-24,3010,上市,146.5,141.54,息,0.9661433447098976
2024-07-24,3266,上市,24.6,23.85,息,0.9695121951219512
2024-07-24,3293,上櫃,1465.0,715.0,除權息,0.4880546075085324
2024-07-24,3532,上市,165.5,160.5,息,0.9697885196374623
2024-07-24,3645,上市,42.85,42.55,息,0.9929988331388564
2024-07-24,4561,上櫃,51.4,50.4,除息,0.980544747081712
2024-07-24,5607,上市,60.4,55.09,權息,0.9120860927152319
2024-07-24,6179,上櫃,31.7,30.91,除息,0.9750788643533124
2024-07-24,6290,上櫃,87.3,84.33,除息,0.965979381443299
2024-07-24,6721,上櫃,53.8,51.2,除息,0.9516728624535317
2024-07-24,6761,上櫃,96.5,92.51,除息,0.9586528497409327
2024-07-24,6869,上市,297.0,291.69,息,0.9821212121212121
2024-07-25,00858,上櫃,33.73,32.03,除息,0.9495997628224134
2024-07-25,00888,上櫃,17.17,17.04,除息,0.9924286546301687
2024-07-25,00930,上市,20.5,20.14,息,0.9824390243902439
2024-07-25,1304,上市,16.45,16.1,息,0.9787234042553192
2024-07-25,1305,上市,18.35,18.0,息,0.9809264305177111
2024-07-25,1308,上市,19.7,19.25,息,0.9771573604060914
2024-07-25,1309,上市,19.15,18.85,息,0.9843342036553526
2024-07-25,1417,上市,11.4,11.2,息,0.9824561403508771
2024-07-25,1519,上市,940.0,849.09,權息,0.9032872340425532
2024-07-25,1529,上市,37.4,36.01,權息,0.9628342245989304
2024-07-25,1701,上市,22.55,22.04,息,0.9773835920177383
2024-07-25,2002,上市,23.15,22.8,息,0.9848812095032399
2024-07-25,2002A,上市,43.85,42.45,息,0.9680729760547321
2024-07-25,2014,上市,21.35,21.25,息,0.9953161592505854
2024-07-25,2352,上市,37.8,36.6,息,0.9682539682539684
2024-07-25,2365,上市,64.3,64.0,息,0.995334370139969
2024-07-25,2414,上市,40.3,38.1,息,0.9454094292803972
2024-07-25,2471,上市,60.4,57.11,息,0.9455298013245034
2024-07-25,2495,上市,31.7,31.0,息,0.9779179810725552
2024-07-25,2511,上市,12.7,12.34,息,0.9716535433070866
2024-07-25,2852,上市,24.45,23.32,息,0.9537832310838447
2024-07-25,2884,上市,29.8,28.03,權息,0.9406040268456376
2024-07-25,3013,上市,115.0,114.61,息,0.9966086956521739
2024-07-25,3219,上櫃,55.5,55.14,除息,0.9935135135135135
2024-07-25,3526,上櫃,231.5,220.11,除息,0.9507991360691145
2024-07-25,3552,上櫃,104.0,102.0,除息,0.9807692307692307
2024-07-25,3702,上市,92.8,89.3,息,0.9622844827586207
2024-07-25,3702A,上市,49.15,47.15,息,0.9593082400813835
2024-07-25,4439,上市,106.5,102.5,息,0.9624413145539906
2024-07-25,4572,上市,161.0,156.0,息,0.968944099378882
2024-07-25,4581,上市,63.0,59.4,息,0.9428571428571428
2024-07-25,4720,上市,23.25,22.71,息,0.9767741935483871
2024-07-25,4743,上櫃,185.0,176.2,除權,0.9524324324324324
2024-07-25,4912,上市,105.0,104.74,息,0.9975238095238095
2024-07-25,5299,上櫃,112.5,108.39,除息,0.9634666666666667
2024-07-25,5483,上櫃,215.5,210.2,除息,0.9754060324825986
2024-07-25,5704,上櫃,43.6,42.1,除息,0.9655963302752294
2024-07-25,6442,上市,433.5,431.4,息,0.9951557093425605
2024-07-25,6451,上市,230.0,227.54,息,0.9893043478260869
2024-07-25,6464,上市,85.1,80.73,息,0.9486486486486487
2024-07-25,6509,上櫃,42.7,40.87,除權息,0.9571428571428571
2024-07-25,6517,上櫃,71.2,69.7,除息,0.9789325842696629
2024-07-25,6662,上櫃,39.0,37.35,除息,0.9576923076923077
2024-07-25,6664,上櫃,291.0,283.18,除息,0.973127147766323
2024-07-25,6666,上市,63.5,62.2,息,0.9795275590551181
2024-07-25,6782,上市,264.0,261.6,息,0.990909090909091
2024-07-25,6863,上市,227.5,224.5,息,0.9868131868131869
2024-07-25,6914,上市,151.5,146.95,息,0.9699669966996699
2024-07-25,8069,上櫃,254.5,250.01,除息,0.9823575638506876
2024-07-25,8390,上櫃,71.0,68.8,除息,0.9690140845070422
2024-07-25,8931,上櫃,52.9,50.8,除息,0.9603024574669187
2024-07-25,9925,上市,42.5,40.5,息,0.9529411764705882
2024-07-25,9937,上市,66.0,63.9,息,0.9681818181818181
2024-07-26,1229,上市,70.6,64.16,權息,0.9087818696883853
2024-07-26,1436,上市,183.5,162.62,權息,0.8862125340599455
2024-07-26,2034,上市,25.3,24.3,息,0.9604743083003953
2024-07-26,3033,上市,37.7,35.8,息,0.949602122015915
2024-07-26,4551,上市,91.5,89.0,息,0.9726775956284153
2024-07-26,5439,上櫃,100.5,96.4,除息,0.9592039800995026
2024-07-26,6514,上櫃,53.4,50.56,除息,0.9468164794007491
2024-07-26,8916,上櫃,61.5,57.92,除息,0.9417886178861788
2024-07-29,1527,上市,43.7,41.7,息,0.954233409610984
2024-07-29,1727,上市,31.35,31.06,息,0.9907496012759169
2024-07-29,1810,上市,18.0,17.8,息,0.9888888888888889
2024-07-29,2331,上市,30.45,29.45,息,0.9671592775041051
2024-07-29,2355,上市,45.5,44.25,息,0.9725274725274725
2024-07-29,2520,上市,64.9,63.1,息,0.9722650231124806
2024-07-29,2546,上市,99.3,93.43,權息,0.9408862034239679
2024-07-29,2915,上市,80.6,78.1,息,0.9689826302729528
2024-07-29,2937,上櫃,35.6,33.6,除息,0.9438202247191011
2024-07-29,4737,上市,67.9,65.9,息,0.9705449189985272
2024-07-29,4767,上櫃,31.85,30.35,除息,0.9529042386185244
2024-07-29,4916,上市,32.5,32.1,息,0.9876923076923078
2024-07-29,4919,上市,115.5,112.5,息,0.974025974025974
2024-07-29,5425,上櫃,67.3,65.3,除息,0.9702823179791976
2024-07-29,6277,上市,80.4,78.2,息,0.972636815920398
2024-07-29,6416,上市,131.5,128.7,息,0.9787072243346007
2024-07-29,9908,上市,32.7,31.5,息,0.9633027522935779
2024-07-30,1540,上市,31.15,30.05,息,0.9646869983948636
2024-07-30,1617,上市,22.75,22.46,息,0.9872527472527473
2024-07-30,1736,上市,117.0,116.0,息,0.9914529914529915
2024-07-30,2020,上市,36.5,30.41,權,0.8331506849315069
2024-07-30,2348,上市,369.5,279.42,權息,0.7562110960757781
2024-07-30,2348A,上市,34.3,32.7,息,0.9533527696793005
2024-07-30,2497,上市,56.1,55.1,息,0.982174688057041
2024-07-30,2596,上櫃,53.9,52.9,除息,0.9814471243042672
2024-07-30,2867,上市,7.73,7.67,權,0.9922380336351875
2024-07-30,3048,上市,43.1,42.1,息,0.9767981438515081
2024-07-30,3131,上櫃,1465.0,1449.0,除息,0.9890784982935154
2024-07-30,3324,上櫃,657.0,650.65,除息,0.9903348554033485
2024-07-30,3376,上市,226.0,219.87,權息,0.9728761061946903
2024-07-30,3454,上市,134.5,130.7,息,0.9717472118959107
2024-07-30,3520,上櫃,20.55,20.45,除息,0.9951338199513381
2024-07-30,3548,上櫃,167.0,162.5,除息,0.9730538922155688
2024-07-30,4107,上櫃,131.0,126.5,除息,0.9656488549618321
2024-07-30,4190,上市,47.75,46.74,息,0.9788481675392671
2024-07-30,4560,上市,36.8,35.8,息,0.9728260869565217
2024-07-30,6177,上市,71.0,64.76,權息,0.9121126760563381
2024-07-30,6288,上市,27.15,26.95,息,0.992633517495396
2024-07-30,6578,上櫃,24.35,23.84,除息,0.9790554414784394
2024-07-30,6689,上市,108.0,106.0,息,0.9814814814814815
2024-07-30,6692,上櫃,51.1,45.45,除權息,0.8894324853228963
2024-07-30,8131,上市,37.45,36.55,息,0.9759679572763683
2024-07-31,1434,上市,22.7,22.2,息,0.9779735682819384
2024-07-31,1809,上市,24.3,24.1,息,0.9917695473251029
2024-07-31,2233,上市,131.5,126.2,息,0.9596958174904943
2024-07-31,2345,上市,510.0,500.0,息,0.9803921568627451
2024-07-31,2748,上市,64.9,62.9,息,0.9691833590138674
2024-07-31,3141,上櫃,88.1,87.59,除息,0.9942111237230421
2024-07-31,3287,上櫃,39.15,38.31,除息,0.9785440613026821
2024-07-31,4106,上市,28.0,27.2,息,0.9714285714285714
2024-07-31,4942,上市,45.6,43.3,息,0.9495614035087718
2024-07-31,6414,上市,306.5,295.14,息,0.9629363784665579
2024-07-31,6877,上櫃,63.6,57.79,除權,0.9086477987421383
2024-08-01,00939,上市,14.39,14.32,息,0.995135510771369
2024-08-01,1210,上市,57.5,55.27,息,0.9612173913043479
2024-08-01,1216,上市,83.9,80.9,息,0.964243146603099
2024-08-01,1531,上市,14.4,14.2,息,0.986111111111111
2024-08-01,1558,上市,101.5,97.7,息,0.9625615763546799
2024-08-01,1720,上市,74.4,71.7,息,0.9637096774193548
2024-08-01,1730,上市,56.7,53.9,息,0.9506172839506172
2024-08-01,1813,上櫃,20.65,20.15,除息,0.9757869249394673
2024-08-01,2351,上市,119.0,116.4,息,0.9781512605042018
2024-08-01,2369,上市,20.8,20.5,息,0.985576923076923
2024-08-01,2393,上市,78.0,74.8,息,0.9589743589743589
2024-08-01,2912,上市,277.5,268.5,息,0.9675675675675676
2024-08-01,3088,上櫃,93.5,89.21,除息,0.9541176470588235
2024-08-01,3128,上櫃,32.9,32.1,除息,0.9756838905775077
2024-08-01,3209,上市,36.45,34.35,息,0.9423868312757201
2024-08-01,3379,上櫃,43.3,43.1,除息,0.9953810623556583
2024-08-01,3426,上櫃,44.1,42.1,除息,0.9546485260770975
2024-08-01,3438,上櫃,78.7,78.2,除息,0.9936467598475223
2024-08-01,3527,上櫃,88.0,86.0,除息,0.9772727272727273
2024-08-01,3531,上櫃,32.9,31.2,除息,0.9483282674772037
2024-08-01,3689,上櫃,73.2,70.75,除息,0.9665300546448087
2024-08-01,4303,上櫃,48.35,47.19,除息,0.976008273009307
2024-08-01,4933,上櫃,72.8,69.82,除息,0.959065934065934
2024-08-01,5206,上櫃,55.3,54.0,除息,0.976491862567812
2024-08-01,5269,上市,1665.0,1646.41,息,0.9888348348348349
2024-08-01,5276,上櫃,19.35,18.75,除息,0.9689922480620154
2024-08-01,5410,上櫃,38.8,36.74,除息,0.9469072164948454
2024-08-01,5457,上櫃,50.8,50.48,除息,0.9937007874015747
2024-08-01,5903,上櫃,189.5,183.7,除息,0.9693931398416886
2024-08-01,6138,上櫃,179.5,173.53,除息,0.966740947075209
2024-08-01,6158,上櫃,30.1,29.1,除息,0.9667774086378738
2024-08-01,6201,上市,64.5,60.6,息,0.9395348837209303
2024-08-01,6239,上市,163.5,156.5,息,0.9571865443425076
2024-08-01,6435,上櫃,99.8,97.0,除息,0.9719438877755512
2024-08-01,6516,上櫃,78.3,70.31,除權息,0.8979565772669221
2024-08-01,6569,上櫃,269.0,229.59,除權息,0.8534944237918216
2024-08-01,6577,上櫃,180.0,114.01,除權息,0.6333888888888889
2024-08-01,6855,上櫃,132.5,117.27,除權息,0.8850566037735849
2024-08-01,6873,上市,264.5,258.08,權,0.9757277882797731
2024-08-01,6929,上櫃,65.8,65.53,除息,0.9958966565349545
2024-08-01,8415,上櫃,35.3,33.8,除息,0.9575070821529745
2024-08-01,8437,上櫃,32.25,31.25,除息,0.9689922480620154
2024-08-02,2481,上市,56.9,55.7,息,0.9789103690685413
2024-08-02,4123,上櫃,50.3,48.87,除息,0.9715705765407555
2024-08-02,4401,上櫃,24.15,23.65,除息,0.979296066252588
2024-08-02,6703,上櫃,282.0,255.86,除權息,0.9073049645390071
2024-08-02,9938,上市,67.2,66.2,息,0.9851190476190477
2024-08-05,1231,上市,117.5,105.36,權息,0.8966808510638298
2024-08-05,1795,上市,260.0,255.35,息,0.9821153846153846
2024-08-05,2027,上市,38.2,37.0,息,0.9685863874345549
2024-08-05,2376,上市,262.5,256.14,息,0.9757714285714285
2024-08-05,2409,上市,17.75,16.85,息,0.9492957746478874
2024-08-05,3051,上市,31.45,30.45,息,0.9682034976152624
2024-08-05,3289,上櫃,132.0,131.3,除息,0.9946969696969697
2024-08-05,3306,上櫃,56.5,55.2,除息,0.976991150442478
2024-08-05,3332,上櫃,42.55,40.95,除息,0.9623971797884843
2024-08-05,3694,上市,42.6,41.59,息,0.9762910798122066
2024-08-05,6743,上市,63.5,63.0,息,0.9921259842519685
2024-08-06,2375,上市,61.2,60.4,息,0.9869281045751633
2024-08-06,2887,上市,18.8,17.5,權息,0.9308510638297872
2024-08-06,3537,上櫃,61.5,56.67,除權息,0.9214634146341464
2024-08-06,4430,上櫃,21.75,21.25,除息,0.9770114942528736
2024-08-06,6175,上櫃,37.45,36.4,除息,0.9719626168224298
2024-08-06,6680,上櫃,80.2,71.79,除權息,0.895137157107232
2024-08-07,00946,上市,9.4,9.33,息,0.9925531914893617
2024-08-07,1439,上市,29.1,28.8,息,0.9896907216494845
2024-08-07,2545,上市,54.0,51.7,息,0.9574074074074075
2024-08-07,3483,上櫃,138.5,133.45,除息,0.963537906137184
2024-08-07,6715,上市,147.5,144.19,息,0.9775593220338983
2024-08-07,8103,上市,56.1,54.86,息,0.9778966131907308
2024-08-08,00940,上市,9.38,9.33,息,0.9946695095948827
2024-08-08,1530,上市,31.25,29.75,息,0.952
2024-08-08,2834,上市,17.95,15.91,權息,0.8863509749303622
2024-08-08,2886,上市,41.55,38.88,權息,0.9357400722021662
2024-08-08,2892,上市,28.25,26.6,權息,0.9415929203539823
2024-08-08,2948,上櫃,63.3,56.65,除權息,0.8949447077409163
2024-08-08,3050,上市,22.3,21.8,息,0.9775784753363229
2024-08-08,4754,上櫃,40.0,38.2,除息,0.9550000000000001
2024-08-08,6762,上櫃,284.0,240.51,除權息,0.8468661971830985
2024-08-08,6830,上市,126.0,125.42,權,0.9953968253968254
2024-08-08,6840,上櫃,73.3,72.2,除權,0.984993178717599
2024-08-08,8050,上櫃,75.4,71.22,除息,0.9445623342175066
2024-08-08,8466,上市,58.0,57.7,息,0.9948275862068966
2024-08-08,8928,上櫃,31.8,31.1,除息,0.9779874213836478
2024-08-08,9914,上市,244.0,238.0,息,0.9754098360655737
2024-08-08,9942,上市,126.0,119.0,息,0.9444444444444444
2024-08-09,3152,上櫃,166.5,162.82,除息,0.9778978978978978
2024-08-09,4114,上櫃,40.4,36.18,除權息,0.8955445544554456
2024-08-09,5278,上櫃,242.0,178.72,除權息,0.7385123966942149
2024-08-09,6417,上櫃,96.0,94.0,除息,0.9791666666666666
2024-08-12,2515,上市,14.4,13.88,息,0.9638888888888889
2024-08-12,2885,上市,32.6,31.96,權,0.9803680981595092
2024-08-12,4162,上櫃,85.4,83.9,除息,0.9824355971896955
2024-08-12,5203,上市,96.1,93.3,息,0.9708636836628513
2024-08-12,6469,上櫃,222.0,189.77,除權,0.8548198198198199
2024-08-12,6472,上市,783.0,771.0,息,0.9846743295019157
2024-08-13,1440,上市,16.3,15.95,息,0.9785276073619631
2024-08-13,2476,上市,104.0,101.52,息,0.9761538461538461
2024-08-13,2880,上市,27.45,25.99,權息,0.9468123861566484
2024-08-13,3207,上櫃,137.0,136.1,除息,0.9934306569343065
2024-08-13,3516,上櫃,24.5,24.48,除息,0.9991836734693877
2024-08-13,4746,上市,95.7,93.7,息,0.9791013584117032
2024-08-13,4977,上市,68.8,66.6,息,0.9680232558139534
2024-08-13,6788,上櫃,219.5,210.26,除權,0.9579043280182232
2024-08-13,9960,上櫃,28.3,26.6,除息,0.9399293286219081
2024-08-14,2597,上市,202.0,144.28,權,0.7142574257425742
2024-08-14,2754,上櫃,104.0,102.5,除息,0.9855769230769231
2024-08-14,2836,上市,12.55,11.89,權息,0.9474103585657371
2024-08-14,4580,上櫃,105.0,100.2,除息,0.9542857142857143
2024-08-14,5880,上市,26.45,24.92,權息,0.942155009451796
2024-08-14,6156,上櫃,26.95,26.15,除息,0.9703153988868274
2024-08-14,6202,上市,49.0,48.55,息,0.9908163265306121
2024-08-14,6805,上市,743.0,737.5,息,0.9925975773889637
2024-08-15,00936,上市,16.93,16.77,息,0.9905493207324276
2024-08-15,1583,上市,69.3,65.3,息,0.9422799422799423
2024-08-15,1714,上市,9.22,8.92,息,0.9674620390455531
2024-08-15,2327,上市,745.0,623.51,權,0.8369261744966443
2024-08-15,2539,上市,83.2,71.37,權息,0.8578125
2024-08-15,2547,上市,10.8,10.55,息,0.9768518518518519
2024-08-15,2745,上櫃,95.1,91.6,除息,0.9631966351209253
2024-08-15,2801,上市,18.45,17.34,權息,0.9398373983739837
2024-08-15,3008,上市,2840.0,2800.0,息,0.9859154929577465
2024-08-15,3017,上市,597.0,590.04,息,0.9883417085427135
2024-08-15,3056,上市,36.6,34.79,權息,0.9505464480874316
2024-08-15,3628,上櫃,44.2,42.2,除息,0.9547511312217195
2024-08-15,4113,上櫃,52.7,50.9,除權,0.9658444022770397
2024-08-15,4137,上市,148.5,138.38,息,0.9318518518518518
2024-08-15,4432,上櫃,24.0,23.31,除息,0.97125
2024-08-15,5014,上櫃,17.15,16.15,除息,0.9416909620991254
2024-08-15,5288,上市,214.0,206.26,息,0.9638317757009346
2024-08-15,5450,上櫃,19.95,19.7,除息,0.9874686716791979
2024-08-15,5489,上櫃,43.5,42.48,除息,0.976551724137931
2024-08-15,8049,上櫃,39.9,37.2,除息,0.9323308270676692
2024-08-15,8227,上櫃,201.0,198.16,除權,0.9858706467661691
2024-08-16,00679B,上櫃,31.7,31.36,除息,0.9892744479495268
2024-08-16,00690,上市,34.48,33.48,息,0.9709976798143851
2024-08-16,00701,上市,28.92,28.62,息,0.9896265560165974
2024-08-16,00718B,上櫃,21.15,20.78,除息,0.9825059101654847
2024-08-16,00721B,上櫃,48.1,47.64,除息,0.9904365904365904
2024-08-16,00740B,上櫃,41.84,41.61,除息,0.9945028680688336
2024-08-16,00741B,上櫃,39.2,38.92,除息,0.9928571428571429
2024-08-16,00761B,上櫃,38.6,38.12,除息,0.9875647668393781
2024-08-16,00771,上市,17.81,17.59,息,0.9876473891072431
2024-08-16,00772B,上櫃,37.08,36.94,除息,0.9962243797195254
2024-08-16,00773B,上櫃,38.62,38.47,除息,0.9961160020714656
2024-08-16,00780B,上櫃,38.83,38.46,除息,0.9904712850888489
2024-08-16,00786B,上櫃,35.82,35.31,除息,0.9857621440536014
2024-08-16,00795B,上櫃,32.09,31.69,除息,0.9875350576503583
2024-08-16,00799B,上櫃,34.47,34.02,除息,0.9869451697127939
2024-08-16,00840B,上櫃,33.48,33.13,除息,0.9895459976105139
2024-08-16,00841B,上櫃,33.22,32.88,除息,0.9897652016857316
2024-08-16,00845B,上櫃,34.47,34.09,除息,0.9889759210908037
2024-08-16,00846B,上櫃,37.13,36.67,除息,0.9876110961486668
2024-08-16,00847B,上櫃,29.2,28.91,除息,0.990068493150685
2024-08-16,00850,上市,44.11,43.49,息,0.9859442303332578
2024-08-16,00878,上市,23.13,22.58,息,0.9762213575443147
2024-08-16,00881,上市,23.92,22.92,息,0.9581939799331104
2024-08-16,00883B,上櫃,33.72,33.55,除息,0.9949584816132858
2024-08-16,00890B,上櫃,35.8,35.35,除息,0.9874301675977655
2024-08-16,00891,上市,18.26,17.85,息,0.9775465498357064
2024-08-16,00894,上市,20.56,19.86,息,0.9659533073929961
2024-08-16,00900,上市,15.79,14.99,息,0.9493350221659279
2024-08-16,00913,上市,21.22,20.56,息,0.9688972667295005
2024-08-16,00932,上市,17.27,16.62,息,0.9623624782860453
2024-08-16,00933B,上櫃,17.44,17.37,除息,0.9959862385321101
2024-08-16,00934,上市,19.49,19.35,息,0.9928168291431505
2024-08-16,00942B,上櫃,16.09,16.02,除息,0.9956494717215661
2024-08-16,00944,上市,14.87,14.81,息,0.9959650302622731
2024-08-16,00945B,上市,15.28,15.17,息,0.9928010471204188
2024-08-16,00948B,上櫃,10.37,10.32,除息,0.995178399228544
2024-08-16,1609,上市,56.8,52.95,權息,0.932218309859155
2024-08-16,3023,上市,302.0,292.4,息,0.9682119205298012
2024-08-16,4908,上櫃,82.5,80.1,除息,0.9709090909090908
2024-08-16,6799,上市,117.0,114.03,息,0.9746153846153847
2024-08-16,8043,上櫃,45.1,44.9,除息,0.9955654101995565
2024-08-16,8048,上櫃,64.1,59.32,除權息,0.9254290171606865
2024-08-19,1442,上市,71.0,67.5,息,0.9507042253521126
2024-08-19,1569,上櫃,27.15,26.15,除息,0.9631675874769797
2024-08-19,2301,上市,108.0,106.0,息,0.9814814814814815
2024-08-19,3552,上櫃,92.7,84.27,除權,0.9090614886731391
2024-08-19,4569,上市,105.5,101.0,息,0.957345971563981
2024-08-19,6443,上市,24.4,24.0,息,0.9836065573770493
2024-08-19,8454,上市,411.0,391.42,權,0.952360097323601
2024-08-20,00731,上市,77.55,74.17,息,0.9564152159896842
2024-08-20,00758B,上櫃,55.3,54.7,除息,0.9891500904159133
2024-08-20,00759B,上櫃,59.55,58.91,除息,0.9892527287993282
2024-08-20,00760B,上櫃,56.8,56.09,除息,0.9875000000000002
2024-08-20,00775B,上市,35.73,35.3,息,0.9879652952700811
2024-08-20,00844B,上櫃,34.68,34.18,除息,0.9855824682814303
2024-08-20,00867B,上櫃,34.6,34.17,除息,0.9875722543352601
2024-08-20,00929,上市,19.82,19.64,息,0.9909182643794148
2024-08-20,1737,上市,34.3,33.1,息,0.9650145772594754
2024-08-20,2472,上市,82.3,79.5,息,0.9659781287970839
2024-08-20,3147,上櫃,137.5,132.5,除息,0.9636363636363636
2024-08-20,3317,上櫃,55.1,47.98,除權息,0.8707803992740472
2024-08-20,3563,上市,355.0,354.0,息,0.9971830985915493
2024-08-20,4513,上櫃,80.8,75.42,除權息,0.9334158415841585
2024-08-20,4911,上櫃,56.5,52.76,除權息,0.9338053097345133
2024-08-20,6122,上櫃,60.5,54.57,除權息,0.9019834710743801
2024-08-20,6806,上市,136.5,135.05,息,0.9893772893772894
2024-08-21,00754B,上櫃,38.17,37.72,除息,0.9882106366256221
2024-08-21,00755B,上櫃,35.95,35.48,除息,0.9869262865090401
2024-08-21,00756B,上櫃,34.39,33.89,除息,0.9854608897935446
2024-08-21,00794B,上櫃,41.7,41.32,除息,0.9908872901678657
2024-08-21,00860B,上櫃,38.98,38.48,除息,0.987172909184197
2024-08-21,00923,上市,22.22,21.29,息,0.9581458145814582
2024-08-21,00937B,上櫃,16.31,16.23,除息,0.9950950337216433
2024-08-21,1339,上市,62.4,59.4,息,0.9519230769230769
2024-08-21,1537,上市,146.0,139.0,息,0.952054794520548
2024-08-21,3028,上市,34.25,32.28,息,0.9424817518248175
2024-08-21,3226,上櫃,54.6,54.1,除息,0.9908424908424909
2024-08-21,4130,上櫃,23.4,22.57,除權息,0.9645299145299147
2024-08-21,5222,上市,167.0,151.81,權,0.9090419161676647
2024-08-21,6174,上櫃,19.75,19.61,除息,0.9929113924050632
2024-08-21,9951,上櫃,69.1,65.7,除息,0.950795947901592
2024-08-22,1597,上市,101.0,100.2,息,0.9920792079207921
2024-08-22,2201,上市,55.0,53.6,息,0.9745454545454546
2024-08-22,2890,上市,26.7,25.31,權息,0.947940074906367
2024-08-22,3036,上市,110.0,108.2,息,0.9836363636363636
2024-08-22,3036A,上市,47.5,45.5,息,0.9578947368421052
2024-08-22,3232,上櫃,28.85,28.35,除息,0.9826689774696707
2024-08-22,4543,上櫃,53.4,49.9,除權息,0.9344569288389513
2024-08-22,4563,上櫃,78.3,77.77,除息,0.9932311621966794
2024-08-22,4966,上櫃,778.0,770.12,除息,0.9898714652956299
2024-08-22,5386,上櫃,84.1,76.79,除權息,0.9130796670630204
2024-08-22,5514,上櫃,22.9,21.81,除權,0.9524017467248909
2024-08-22,5534,上市,126.0,120.5,息,0.9563492063492064
2024-08-22,6227,上櫃,76.7,74.2,除息,0.9674054758800521
2024-08-22,6230,上市,234.5,233.44,息,0.9954797441364606
2024-08-22,6742,上市,54.3,53.1,息,0.9779005524861879
2024-08-22,8401,上櫃,28.35,25.77,除權,0.9089947089947089
2024-08-22,9958,上市,209.0,206.08,息,0.9860287081339714
2024-08-23,00907,上市,16.17,15.84,息,0.9795918367346937
2024-08-23,1307,上市,32.65,31.15,息,0.9540581929555896
2024-08-23,1321,上市,39.05,38.65,息,0.9897567221510883
2024-08-23,2756,上櫃,78.4,77.2,除息,0.9846938775510203
2024-08-23,3052,上市,13.35,12.69,權息,0.950561797752809
2024-08-23,3693,上櫃,397.0,381.03,除權息,0.9597732997481108
2024-08-23,4111,上櫃,27.3,26.3,除息,0.9633699633699634
2024-08-23,4584,上櫃,69.0,63.89,除權,0.9259420289855073
2024-08-23,4907,上櫃,83.9,82.6,除息,0.9845053635280094
2024-08-23,4987,上櫃,69.2,65.7,除息,0.9494219653179191
2024-08-23,6113,上櫃,30.3,28.38,除權息,0.9366336633663366
2024-08-23,6534,上市,77.4,76.9,息,0.9935400516795866
2024-08-23,6916,上市,24.6,23.55,息,0.9573170731707317
2024-08-23,9921,上市,239.0,234.0,息,0.9790794979079498
2024-08-26,1324,上市,13.2,13.0,息,0.9848484848484849
2024-08-26,1528,上市,13.55,13.45,息,0.9926199261992619
2024-08-26,1539,上市,24.25,23.65,息,0.9752577319587629
2024-08-26,1615,上市,73.0,62.55,權息,0.8568493150684932
2024-08-26,2377,上市,175.0,169.6,息,0.9691428571428571
2024-08-26,2426,上市,19.05,18.85,息,0.9895013123359581
2024-08-26,2428,上市,172.5,167.3,息,0.9698550724637682
2024-08-26,2484,上市,30.5,29.0,息,0.9508196721311475
2024-08-26,2527,上市,38.6,37.1,息,0.961139896373057
2024-08-26,2538,上市,20.6,19.9,息,0.9660194174757281
2024-08-26,3002,上市,14.9,14.58,息,0.9785234899328858
2024-08-26,3027,上市,37.7,37.33,息,0.9901856763925728
2024-08-26,3284,上櫃,58.8,56.35,除權息,0.9583333333333334
2024-08-26,3434,上櫃,30.5,29.32,除權息,0.9613114754098361
2024-08-26,4104,上市,91.6,87.23,權,0.952292576419214
2024-08-26,4109,上櫃,31.95,31.45,除息,0.9843505477308294
2024-08-26,4138,上櫃,103.0,93.64,除權,0.909126213592233
2024-08-26,4768,上櫃,229.5,215.24,除權息,0.9378649237472767
2024-08-26,4909,上櫃,121.0,120.5,除息,0.9958677685950413
2024-08-26,6168,上市,22.0,21.5,息,0.9772727272727273
2024-08-26,6432,上櫃,35.25,34.01,除息,0.9648226950354609
2024-08-26,6753,上市,137.5,129.9,權息,0.9447272727272727
2024-08-27,1409,上市,16.9,16.35,息,0.9674556213017753
2024-08-27,1454,上市,19.65,19.4,息,0.9872773536895675
2024-08-27,1541,上市,31.8,31.3,息,0.9842767295597484
2024-08-27,1565,上櫃,181.5,174.5,除息,0.9614325068870524
2024-08-27,1587,上市,55.6,52.94,權,0.9521582733812949
2024-08-27,1709,上市,24.0,23.4,息,0.975
2024-08-27,1722,上市,63.0,60.4,息,0.9587301587301587
2024-08-27,2227,上市,122.5,119.02,息,0.9715918367346938
2024-08-27,2413,上市,22.15,21.95,息,0.9909706546275395
2024-08-27,2441,上市,62.8,60.3,息,0.9601910828025477
2024-08-27,2845,上市,15.95,14.7,權息,0.9216300940438872
2024-08-27,2905,上市,20.25,20.05,息,0.9901234567901235
2024-08-27,3025,上市,66.9,63.7,息,0.9521674140508221
2024-08-27,3236,上櫃,20.2,19.98,除息,0.9891089108910892
2024-08-27,3646,上櫃,30.7,29.2,除息,0.9511400651465798
2024-08-27,4127,上櫃,35.0,34.5,除息,0.9857142857142858
2024-08-27,4438,上市,113.0,107.8,息,0.9539823008849557
2024-08-27,6183,上市,77.0,74.25,息,0.9642857142857143
2024-08-27,6584,上櫃,186.0,185.0,除息,0.9946236559139785
2024-08-27,6752,上櫃,124.0,114.81,除權,0.9258870967741936
2024-08-27,6870,上櫃,223.0,212.38,除權,0.9523766816143497
2024-08-27,8086,上櫃,103.5,102.5,除息,0.9903381642512077
2024-08-27,8289,上櫃,29.3,28.3,除息,0.9658703071672355
2024-08-27,8403,上櫃,32.15,30.53,除權息,0.9496111975116641
2024-08-27,9941,上市,150.5,144.4,息,0.9594684385382061
2024-08-27,9941A,上市,51.7,49.62,息,0.9597678916827852
2024-08-28,1108,上市,16.25,15.25,息,0.9384615384615385
2024-08-28,1225,上市,161.0,159.6,息,0.9913043478260869
2024-08-28,1240,上櫃,56.5,51.71,除權息,0.9152212389380531
2024-08-28,1453,上市,21.3,20.67,權,0.9704225352112676
2024-08-28,1457,上市,21.4,20.38,權,0.9523364485981308
2024-08-28,1603,上市,41.6,40.3,息,0.9687499999999999
2024-08-28,1616,上市,20.6,20.23,息,0.9820388349514563
2024-08-28,1735,上市,18.6,18.1,息,0.9731182795698925
2024-08-28,2023,上市,15.2,14.9,權,0.980263157894737
2024-08-28,2070,上櫃,84.5,83.5,除息,0.9881656804733728
2024-08-28,2420,上市,67.4,64.4,息,0.9554896142433235
2024-08-28,3492,上櫃,30.65,30.32,除息,0.9892332789559544
2024-08-28,3533,上市,1510.0,1484.24,息,0.9829403973509934
2024-08-28,3622,上市,60.7,58.7,息,0.9670510708401977
2024-08-28,4207,上櫃,18.05,17.03,除權,0.9434903047091413
2024-08-28,4556,上櫃,34.55,33.96,除權息,0.9829232995658467
2024-08-28,4707,上櫃,17.05,15.77,除權息,0.9249266862170087
2024-08-28,5013,上櫃,34.0,33.1,除息,0.973529411764706
2024-08-28,5464,上櫃,31.85,31.05,除息,0.9748822605965463
2024-08-28,5525,上市,41.2,38.86,權,0.9432038834951455
2024-08-28,6216,上市,44.85,43.19,息,0.9629877369007803
2024-08-28,6261,上櫃,75.2,71.2,除息,0.9468085106382979
2024-08-28,6426,上市,59.5,59.0,息,0.9915966386554622
2024-08-28,6579,上市,173.0,158.63,權息,0.9169364161849711
2024-08-28,8032,上櫃,28.5,27.7,除息,0.9719298245614035
2024-08-28,8941,上櫃,80.0,66.96,除權息,0.837
2024-08-28,9105,上市,5.92,5.85,息,0.9881756756756757
2024-08-29,1235,上市,130.5,123.8,權息,0.9486590038314177
2024-08-29,1315,上市,72.3,69.8,息,0.9654218533886584
2024-08-29,1463,上市,26.0,25.5,息,0.9807692307692307
2024-08-29,1532,上市,40.3,38.86,息,0.9642679900744417
2024-08-29,2059,上市,1260.0,1245.81,息,0.9887380952380952
2024-08-29,2364,上市,124.5,95.76,權,0.7691566265060241
2024-08-29,2383,上市,451.5,441.52,息,0.9778959025470653
2024-08-29,2468,上市,25.05,24.25,息,0.968063872255489
2024-08-29,2505,上市,27.05,26.65,息,0.9852125693160813
2024-08-29,2530,上市,47.25,46.69,息,0.9881481481481481
2024-08-29,2743,上櫃,117.5,114.5,除息,0.9744680851063829
2024-08-29,3078,上櫃,71.0,66.2,除息,0.9323943661971832
2024-08-29,3285,上櫃,29.05,28.05,除息,0.9655765920826161
2024-08-29,4128,上櫃,45.05,42.9,除權,0.9522752497225305
2024-08-29,4905,上櫃,93.0,91.5,除息,0.9838709677419355
2024-08-29,5202,上櫃,25.05,24.35,除息,0.9720558882235529
2024-08-29,5278,上櫃,231.5,231.28,除息,0.9990496760259179
2024-08-29,5283,上市,108.5,104.5,息,0.9631336405529954
2024-08-29,5287,上櫃,200.0,181.44,除權息,0.9072
2024-08-29,6108,上市,20.15,19.65,息,0.9751861042183623
2024-08-29,6171,上櫃,49.25,47.75,除息,0.9695431472081218
2024-08-29,6209,上市,26.9,26.4,息,0.9814126394052045
2024-08-29,6234,上櫃,27.15,26.5,除息,0.9760589318600369
2024-08-29,6245,上櫃,97.9,93.65,除息,0.95658835546476
2024-08-29,8076,上櫃,35.05,34.25,除息,0.9771754636233952
2024-08-29,8410,上櫃,88.2,85.7,除息,0.971655328798186
2024-08-30,2328,上市,36.15,34.85,息,0.9640387275242048
2024-08-30,2439,上市,136.5,131.61,權息,0.9641758241758243
2024-08-30,3558,上櫃,162.5,158.5,除息,0.9753846153846154
2024-08-30,6016,上櫃,15.4,14.05,除權息,0.9123376623376623
2024-08-30,6708,上櫃,40.75,40.35,除息,0.9901840490797547
2024-09-02,2338,上市,64.6,63.1,息,0.976780185758514
2024-09-02,2442,上市,34.5,33.63,權息,0.9747826086956523
2024-09-02,5243,上市,60.7,59.1,息,0.9736408566721582
2024-09-02,5548,上櫃,39.5,37.32,除權息,0.9448101265822785
2024-09-02,6140,上櫃,29.6,27.53,除權,0.9300675675675676
2024-09-02,6282,上市,35.0,34.49,息,0.9854285714285714
2024-09-02,6482,上櫃,55.9,50.36,除權息,0.9008944543828264
2024-09-02,6637,上櫃,104.5,101.85,除息,0.9746411483253588
2024-09-02,9906,上市,202.0,196.64,息,0.9734653465346534
2024-09-03,00939,上市,14.67,14.6,息,0.9952283571915473
2024-09-03,2230,上櫃,167.5,166.56,除息,0.9943880597014926
2024-09-03,2949,上櫃,89.8,85.52,除權,0.9523385300668151
2024-09-03,5314,上櫃,165.5,163.7,除息,0.9891238670694863
2024-09-03,6139,上市,242.0,233.01,息,0.9628512396694214
2024-09-03,6259,上櫃,22.9,20.66,除權息,0.9021834061135372
2024-09-04,1734,上市,37.2,33.51,權息,0.9008064516129031
2024-09-04,2250,上市,101.0,97.81,息,0.9684158415841584
2024-09-04,2323,上市,12.9,12.22,息,0.9472868217054263
2024-09-04,2701,上市,13.1,12.82,息,0.9786259541984733
2024-09-04,2732,上櫃,106.5,104.0,除息,0.9765258215962441
2024-09-04,2901,上市,27.85,27.48,息,0.9867145421903052
2024-09-04,3346,上市,40.1,38.6,息,0.9625935162094763
2024-09-04,3594,上櫃,42.25,41.65,除息,0.9857988165680474
2024-09-04,4416,上櫃,106.5,90.17,除權息,0.8466666666666667
2024-09-04,5512,上櫃,12.05,11.47,除權息,0.9518672199170124
2024-09-04,6279,上櫃,162.5,153.66,除權息,0.9456
2024-09-04,6874,上櫃,104.0,100.2,除息,0.9634615384615385
2024-09-04,8442,上市,124.0,118.74,息,0.9575806451612903
2024-09-05,00940,上市,9.49,9.44,息,0.9947312961011591
2024-09-05,1203,上市,50.8,49.7,息,0.9783464566929135
2024-09-05,2379,上市,510.0,494.5,息,0.9696078431372549
2024-09-05,2718,上櫃,118.0,115.0,除息,0.9745762711864406
2024-09-05,3312,上市,77.4,76.2,息,0.9844961240310077
2024-09-05,3484,上櫃,60.2,59.0,除息,0.9800664451827242
2024-09-05,4155,上市,24.25,23.95,息,0.9876288659793814
2024-09-05,5871,上市,143.0,142.69,權,0.9978321678321678
2024-09-05,5871A,上市,95.1,94.87,權,0.9975814931650895
2024-09-05,5906,上市,63.2,58.76,權息,0.9297468354430379
2024-09-05,6163,上櫃,23.8,23.5,除息,0.9873949579831932
2024-09-05,6186,上櫃,112.0,95.65,除權息,0.8540178571428572
2024-09-05,8349,上櫃,72.4,65.9,除權,0.9102209944751382
2024-09-05,8354,上櫃,17.3,17.0,除息,0.9826589595375722
2024-09-05,8908,上櫃,53.8,49.81,除權,0.9258364312267658
2024-09-05,9946,上市,35.55,34.85,息,0.9803094233473981
2024-09-06,00946,上市,9.84,9.78,息,0.9939024390243902
2024-09-06,2923,上市,29.6,29.4,息,0.9932432432432432
2024-09-06,4979,上櫃,106.0,104.57,除息,0.9865094339622641
2024-09-06,6552,上市,48.0,47.7,息,0.99375
2024-09-06,8927,上櫃,64.5,56.47,除權息,0.8755038759689923
2024-09-09,01010T,上市,10.19,10.0,息,0.9813542688910697
2024-09-09,1268,上櫃,158.5,151.5,除息,0.9558359621451105
2024-09-09,1514,上市,122.5,118.57,權息,0.9679183673469387
2024-09-09,2881,上市,92.5,88.09,權,0.9523243243243243
2024-09-09,3322,上櫃,20.8,20.57,除息,0.9889423076923076
2024-09-09,4736,上市,165.0,155.0,息,0.9393939393939394
2024-09-09,5493,上櫃,99.6,92.38,除權息,0.9275100401606425
2024-09-09,6603,上櫃,19.75,19.6,除息,0.9924050632911393
2024-09-09,6728,上櫃,117.5,112.52,除息,0.9576170212765958
2024-09-09,8423,上櫃,24.15,22.62,除權息,0.9366459627329193
2024-09-10,1465,上市,15.35,14.85,息,0.9674267100977199
2024-09-10,3516,上櫃,24.9,24.46,除權,0.9823293172690764
2024-09-10,5321,上櫃,71.0,65.81,除權息,0.9269014084507042
2024-09-10,9906,上市,187.0,183.19,權,0.9796256684491979
2024-09-12,01009T,上市,7.66,7.51,息,0.9804177545691906
2024-09-12,1477,上市,379.0,364.7,權息,0.9622691292875989
2024-09-12,2330,上市,901.0,896.99,息,0.9955493895671477
2024-09-12,2540,上市,192.0,127.0,權息,0.6614583333333334
2024-09-12,3661,上市,2285.0,2262.57,息,0.990183807439825
2024-09-12,4763,上市,959.0,828.42,權息,0.863837330552659
2024-09-12,5263,上櫃,170.0,169.5,除息,0.9970588235294118
2024-09-12,5392,上櫃,31.6,31.3,除息,0.990506329113924
2024-09-12,6504,上市,69.0,67.9,息,0.9840579710144929
2024-09-12,6629,上櫃,144.5,142.09,除權,0.9833217993079585
2024-09-13,1517,上市,15.35,15.15,息,0.9869706840390879
2024-09-13,2461,上市,22.15,21.95,息,0.9909706546275395
2024-09-13,5213,上櫃,37.45,37.45,除權,1.0
2024-09-13,9802,上市,117.0,114.0,息,0.9743589743589743
2024-09-16,00936,上市,16.3,16.22,息,0.9950920245398772
2024-09-16,2228,上市,115.5,114.2,權,0.9887445887445888
2024-09-16,2464,上市,80.2,79.44,權,0.9905236907730672
2024-09-16,4420,上櫃,69.1,53.1,除息,0.7684515195369032
2024-09-16,5306,上市,149.0,148.27,息,0.9951006711409397
2024-09-16,5328,上櫃,15.6,15.25,除息,0.9775641025641025
2024-09-16,6126,上櫃,30.8,29.72,除息,0.9649350649350649
2024-09-18,00687B,上櫃,33.43,33.01,除息,0.9874364343404127
2024-09-18,00697B,上櫃,37.52,37.3,除息,0.9941364605543709
2024-09-18,00713,上市,58.25,56.75,息,0.9742489270386266
2024-09-18,00740B,上櫃,42.28,42.05,除息,0.9945600756859034
2024-09-18,00741B,上櫃,39.06,38.78,除息,0.9928315412186379
2024-09-18,00751B,上櫃,36.65,36.19,除息,0.9874488403819918
2024-09-18,00772B,上櫃,37.62,37.48,除息,0.9962785752259437
2024-09-18,00773B,上櫃,39.13,38.99,除息,0.9964221824686941
2024-09-18,00781B,上櫃,34.32,33.9,除息,0.9877622377622377
2024-09-18,00787B,上櫃,36.61,36.11,除息,0.9863425293635618
2024-09-18,00862B,上櫃,35.12,34.62,除息,0.9857630979498861
2024-09-18,00863B,上櫃,35.95,35.53,除息,0.988317107093185
2024-09-18,00883B,上櫃,34.15,34.0,除息,0.9956076134699854
2024-09-18,00896,上市,17.38,17.11,息,0.9844649021864212
2024-09-18,00921,上市,18.81,18.21,息,0.9681020733652314
2024-09-18,00933B,上櫃,17.62,17.55,除息,0.9960272417707151
2024-09-18,00934,上市,19.11,18.96,息,0.9921507064364208
2024-09-18,00935,上市,21.47,20.87,息,0.9720540288775036
2024-09-18,00942B,上櫃,16.33,16.26,除息,0.995713410900184
2024-09-18,00943,上市,14.67,14.52,息,0.9897750511247444
2024-09-18,00944,上市,14.94,14.88,息,0.995983935742972
2024-09-18,00948B,上櫃,10.49,10.44,除息,0.9952335557673975
2024-09-19,00710B,上市,19.69,19.45,息,0.9878110716099542
2024-09-19,00711B,上市,17.42,17.22,息,0.9885189437428242
2024-09-19,00712,上市,10.22,10.02,息,0.9804305283757337
2024-09-19,00777B,上櫃,37.62,37.2,除息,0.9888357256778311
2024-09-19,00778B,上櫃,39.22,38.76,除息,0.9882712901580826
2024-09-19,00779B,上櫃,33.89,33.61,除息,0.991737975804072
2024-09-19,00915,上市,27.23,26.41,息,0.9698861549761293
2024-09-19,00918,上市,24.29,23.51,息,0.9678880197612187
2024-09-19,00929,上市,18.95,18.79,息,0.99155672823219
2024-09-19,00945B,上市,15.2,15.09,息,0.9927631578947369
2024-09-19,1449,上市,19.4,18.84,權息,0.9711340206185568
2024-09-19,1784,上櫃,116.5,108.12,除權息,0.928068669527897
2024-09-19,2109,上市,19.55,18.85,息,0.9641943734015346
2024-09-19,2706,上市,15.15,14.8,息,0.976897689768977
2024-09-19,3059,上市,35.2,34.5,息,0.9801136363636362
2024-09-19,4160,上櫃,102.5,97.08,除權息,0.9471219512195121
2024-09-19,6548,上櫃,38.3,37.89,除息,0.9892950391644909
2024-09-19,910861,上市,6.48,6.45,息,0.9953703703703703
2024-09-20,00836B,上櫃,32.83,32.45,除息,0.9884252208346026
2024-09-20,00853B,上櫃,31.28,30.95,除息,0.9894501278772377
2024-09-20,00856B,上櫃,38.96,38.53,除息,0.9889630390143738
2024-09-20,00857B,上櫃,27.57,27.27,除息,0.9891186071817193
2024-09-20,00930,上市,19.06,18.63,息,0.9774396642182581
2024-09-20,6535,上櫃,255.0,254.29,除權,0.9972156862745097
2024-09-23,00764B,上櫃,33.11,32.75,除息,0.9891271519178496
2024-09-23,00792B,上櫃,36.15,35.71,除息,0.9878284923928078
2024-09-23,00793B,上櫃,35.15,34.71,除息,0.9874822190611665
2024-09-23,00859B,上櫃,42.2,41.83,除息,0.9912322274881515
2024-09-23,00919,上市,24.18,23.46,息,0.9702233250620348
2024-09-23,00937B,上櫃,16.67,16.59,除息,0.9952009598080382
2024-09-24,2488,上市,51.5,48.7,息,0.9456310679611651
2024-09-24,3086,上櫃,289.0,262.27,除權息,0.9075086505190311
2024-09-24,3178,上櫃,88.8,86.55,除息,0.9746621621621622
2024-09-24,3558,上櫃,180.0,170.69,除權,0.9482777777777778
2024-09-24,4912,上市,104.0,103.28,息,0.9930769230769231
2024-09-24,5258,上市,138.0,130.28,權息,0.9440579710144927
2024-09-24,6182,上櫃,31.5,31.24,除權,0.9917460317460317
2024-09-24,6655,上市,145.0,136.0,息,0.9379310344827586
2024-09-24,8105,上市,17.75,17.65,息,0.9943661971830985
2024-09-25,2236,上市,109.5,106.72,權息,0.9746118721461187
2024-09-25,2458,上市,148.0,143.93,息,0.9725
2024-09-25,8234,上櫃,52.8,51.6,除息,0.9772727272727274
2024-09-26,1590,上市,874.0,856.31,息,0.9797597254004576
2024-09-26,1808,上市,119.5,52.95,權息,0.44309623430962347
2024-09-26,2542,上市,50.3,45.27,權息,0.9000000000000001
2024-09-26,5516,上櫃,20.1,19.32,除權息,0.9611940298507462
2024-09-26,9927,上市,76.8,71.65,息,0.9329427083333335
2024-10-01,01004T,上市,12.19,11.99,息,0.9835931091058245
2024-10-01,1589,上市,44.8,44.25,權,0.9877232142857143
2024-10-01,5347,上櫃,103.5,101.81,除權,0.9836714975845411
2024-10-02,00939,上市,14.77,14.7,息,0.995260663507109
2024-10-02,2722,上市,43.05,41.04,權,0.9533101045296167
2024-10-02,4967,上市,106.0,104.34,息,0.9843396226415094
2024-10-02,6021,上櫃,26.0,25.4,除息,0.9769230769230769
2024-10-03,020035,上櫃,7.56,7.28,除息,0.962962962962963
2024-10-03,2066,上櫃,107.0,103.22,除息,0.9646728971962617
2024-10-03,6523,上櫃,153.5,151.5,除息,0.9869706840390879
2024-10-04,6248,上櫃,32.05,30.53,除權,0.9525741029641187
2024-10-07,2538,上市,17.4,17.14,權,0.9850574712643679
2024-10-07,5864,上櫃,19.8,18.64,除權,0.9414141414141414
2024-10-07,6203,上櫃,78.8,73.8,除息,0.9365482233502538
2024-10-07,9939,上市,162.5,161.7,權,0.995076923076923
2024-10-08,00946,上市,9.66,9.6,息,0.9937888198757764
2024-10-08,2947,上櫃,87.2,86.2,除息,0.9885321100917431
2024-10-08,3516,上櫃,26.3,25.77,除權,0.9798479087452471
2024-10-09,00940,上市,9.58,9.53,息,0.9947807933194154
2024-10-11,4927,上市,56.9,55.46,權,0.9746924428822497
2024-10-14,2034,上市,23.5,23.06,權,0.9812765957446808
2024-10-15,4174,上櫃,67.8,67.31,除權,0.9927728613569322
2024-10-15,6221,上櫃,83.8,67.08,除權,0.8004773269689738
2024-10-15,9935,上市,34.15,33.99,權,0.9953147877013178
2024-10-16,00936,上市,16.25,16.17,息,0.9950769230769232
2024-10-17,0056,上市,39.02,37.95,息,0.9725781650435674
2024-10-17,00694B,上櫃,41.91,41.64,除息,0.9935576234788834
2024-10-17,00695B,上櫃,36.34,36.1,除息,0.9933957072096863
2024-10-17,00696B,上櫃,32.59,32.32,除息,0.9917152500767106
2024-10-17,00717,上市,16.79,16.62,息,0.9898749255509233
2024-10-17,00719B,上櫃,31.96,31.61,除息,0.9890488110137672
2024-10-17,00720B,上櫃,36.82,36.31,除息,0.9861488321564368
2024-10-17,00725B,上櫃,39.02,38.34,除息,0.9825730394669401
2024-10-17,00726B,上櫃,35.46,34.84,除息,0.9825155104342922
2024-10-17,00727B,上櫃,40.94,40.37,除息,0.9860771861260381
2024-10-17,00730,上市,24.01,22.71,息,0.9458558933777592
2024-10-17,00733,上市,55.8,54.47,息,0.9761648745519713
2024-10-17,00739,上市,22.78,22.28,息,0.9780509218612818
2024-10-17,00740B,上櫃,41.76,41.53,除息,0.994492337164751
2024-10-17,00741B,上櫃,39.33,39.05,除息,0.992880752606153
2024-10-17,00746B,上櫃,38.44,38.02,除息,0.9890738813735693
2024-10-17,00772B,上櫃,36.99,36.85,除息,0.9962151932954852
2024-10-17,00773B,上櫃,38.7,38.57,除息,0.996640826873385
2024-10-17,00782B,上櫃,34.42,33.92,除息,0.9854735618826264
2024-10-17,00784B,上櫃,39.0,38.74,除息,0.9933333333333334
2024-10-17,00785B,上櫃,37.77,37.33,除息,0.9883505427588032
2024-10-17,00788B,上櫃,33.3,32.85,除息,0.9864864864864866
2024-10-17,00848B,上櫃,36.57,36.12,除息,0.9876948318293682
2024-10-17,00849B,上櫃,37.85,37.52,除息,0.9912813738441216
2024-10-17,00870B,上櫃,30.73,30.35,除息,0.9876342336479011
2024-10-17,00883B,上櫃,33.65,33.51,除息,0.9958395245170877
2024-10-17,00884B,上櫃,32.01,31.71,除息,0.9906279287722588
2024-10-17,00908,上市,13.78,13.64,息,0.9898403483309145
2024-10-17,00912,上市,20.45,19.79,息,0.9677261613691931
2024-10-17,00922,上市,22.62,21.62,息,0.9557913351016799
2024-10-17,00933B,上櫃,17.46,17.38,除息,0.9954180985108819
2024-10-17,00934,上市,19.42,19.28,息,0.9927909371781668
2024-10-17,00943,上市,15.17,15.02,息,0.990112063282795
2024-10-17,00944,上市,14.92,14.86,息,0.9959785522788204
2024-10-17,00948B,上櫃,10.33,10.28,除息,0.9951597289448209
2024-10-18,00931B,上櫃,15.22,15.08,除息,0.9908015768725361
2024-10-18,2489,上市,21.95,21.36,息,0.973120728929385
2024-10-18,6235,上市,70.6,70.0,權,0.991501416430595
2024-10-21,00734B,上櫃,16.2,16.04,除息,0.9901234567901235
2024-10-21,00749B,上櫃,33.12,32.69,除息,0.9870169082125604
2024-10-21,00750B,上櫃,36.5,36.13,除息,0.9898630136986302
2024-10-21,00842B,上櫃,34.67,34.23,除息,0.9873089126045571
2024-10-21,00904,上市,18.57,18.42,息,0.9919224555735058
2024-10-21,00942B,上櫃,15.81,15.74,除息,0.9955724225173941
2024-10-21,00945B,上市,15.26,15.15,息,0.9927916120576672
2024-10-22,00714,上市,22.47,22.34,息,0.9942145082331999
2024-10-22,00722B,上櫃,39.69,39.16,除息,0.9866465104560342
2024-10-22,00723B,上櫃,34.62,34.18,除息,0.9872905834777586
2024-10-22,00724B,上櫃,36.19,35.72,除息,0.987012987012987
2024-10-22,00789B,上櫃,53.55,52.95,除息,0.9887955182072831
2024-10-22,00790B,上櫃,57.4,56.79,除息,0.9893728222996516
2024-10-22,00791B,上櫃,57.0,56.44,除息,0.9901754385964912
2024-10-22,00834B,上櫃,36.36,35.95,除息,0.9887238723872388
2024-10-22,00905,上市,14.44,14.12,息,0.9778393351800554
2024-10-22,00927,上市,19.49,19.01,息,0.9753719856336585
2024-10-22,00929,上市,19.17,19.03,息,0.992696922274387
2024-10-22,00937B,上櫃,16.16,16.08,除息,0.9950495049504949
2024-10-22,2543,上市,96.9,76.06,權息,0.7849329205366357
2024-10-23,1815,上櫃,23.0,22.56,除權,0.9808695652173912
2024-10-23,4552,上市,28.0,26.9,息,0.9607142857142856
2024-10-24,006204,上市,117.55,116.85,息,0.9940450871969374
2024-10-24,00888,上櫃,17.43,17.24,除息,0.9890992541594951
2024-10-24,00907,上市,16.09,15.81,息,0.9825978868862648
2024-10-24,1584,上櫃,35.1,34.57,除權,0.9849002849002849
2024-10-24,2367,上市,32.7,32.32,權,0.9883792048929663
2024-10-24,4549,上櫃,170.5,167.16,除權,0.9804105571847507
2024-10-24,6425,上櫃,83.5,81.91,除權,0.9809580838323353
2024-10-28,6706,上市,172.0,169.45,權,0.985174418604651
2024-10-28,8932,上櫃,98.1,96.83,除權息,0.9870540265035679
2024-10-28,9928,上市,20.3,19.55,權,0.9630541871921182
2024-10-29,2061,上櫃,20.95,20.54,除權,0.9804295942720763
2024-10-30,6596,上櫃,73.8,73.3,除權,0.9932249322493225
2024-10-31,00939,上市,14.48,14.41,息,0.9951657458563535
2024-10-31,00950B,上櫃,15.06,14.98,除息,0.9946879150066401
2024-10-31,00959B,上櫃,9.9,9.85,除息,0.9949494949494949
2024-10-31,5522,上市,67.5,66.5,息,0.9851851851851852
2024-10-31,6690,上櫃,230.5,222.4,除權,0.9648590021691974
2024-11-01,1516,上市,20.3,19.69,權,0.9699507389162562
2024-11-04,8473,上市,41.5,40.21,權,0.9689156626506025
2024-11-05,020036,上市,6.84,6.59,息,0.9634502923976608
2024-11-05,8936,上櫃,62.3,60.8,除息,0.9759229534510433
2024-11-06,1587,上市,39.35,38.41,權,0.9761118170266835
2024-11-07,00940,上市,9.5,9.46,息,0.9957894736842107
2024-11-07,00946,上市,9.33,9.27,息,0.9935691318327974
2024-11-07,00953B,上市,10.18,10.11,息,0.9931237721021611
2024-11-07,3289,上櫃,169.0,168.0,除息,0.9940828402366864
2024-11-07,6576,上櫃,76.2,76.18,除權,0.999737532808399
2024-11-11,1586,上櫃,32.65,32.45,除權息,0.993874425727412
2024-11-11,9802,上市,120.0,117.8,權,0.9816666666666667
2024-11-13,6550,上市,50.5,50.45,權,0.9990099009900991
2024-11-14,5284,上市,163.5,160.52,權,0.9817737003058105
2024-11-15,00936,上市,15.67,15.62,息,0.9968091895341417
2024-11-15,00942B,上櫃,15.37,15.3,除息,0.9954456733897203
2024-11-15,5548,上櫃,35.4,32.9,除權,0.9293785310734464
2024-11-18,0051,上市,80.3,77.84,息,0.9693648816936489
2024-11-18,0053,上市,103.0,101.0,息,0.9805825242718447
2024-11-18,0055,上市,29.1,27.92,息,0.9594501718213059
2024-11-18,006201,上櫃,23.15,22.4,除息,0.9676025917926566
2024-11-18,006208,上市,112.3,111.4,息,0.9919857524487979
2024-11-18,00679B,上櫃,29.12,28.78,除息,0.9883241758241759
2024-11-18,00692,上市,45.0,44.4,息,0.9866666666666666
2024-11-18,00740B,上櫃,40.81,40.6,除息,0.9948542024013722
2024-11-18,00741B,上櫃,39.75,39.47,除息,0.9929559748427673
2024-11-18,00761B,上櫃,37.02,36.52,除息,0.9864937871420854
2024-11-18,00771,上市,18.22,18.0,息,0.9879253567508234
2024-11-18,00772B,上櫃,35.7,35.57,除息,0.9963585434173668
2024-11-18,00773B,上櫃,37.53,37.39,除息,0.9962696509459099
2024-11-18,00780B,上櫃,38.31,37.92,除息,0.9898198903680501
2024-11-18,00786B,上櫃,34.56,34.14,除息,0.9878472222222222
2024-11-18,00795B,上櫃,29.65,29.25,除息,0.9865092748735245
2024-11-18,00799B,上櫃,32.97,32.47,除息,0.9848346982104944
2024-11-18,00840B,上櫃,32.41,32.09,除息,0.9901265041653813
2024-11-18,00841B,上櫃,31.93,31.59,除息,0.9893517068587535
2024-11-18,00845B,上櫃,34.07,33.7,除息,0.9891400058702672
2024-11-18,00846B,上櫃,36.71,36.26,除息,0.9877417597384908
2024-11-18,00847B,上櫃,27.89,27.61,除息,0.9899605593402653
2024-11-18,00850,上市,45.85,45.2,息,0.9858233369683752
2024-11-18,00878,上市,22.73,22.18,息,0.9758029036515617
2024-11-18,00883B,上櫃,32.9,32.76,除息,0.9957446808510638
2024-11-18,00890B,上櫃,34.99,34.56,除息,0.987710774507002
2024-11-18,00891,上市,18.06,17.57,息,0.9728682170542636
2024-11-18,00892,上市,17.22,16.98,息,0.986062717770035
2024-11-18,00894,上市,21.04,20.44,息,0.9714828897338404
2024-11-18,00900,上市,14.31,14.21,息,0.9930118798043327
2024-11-18,00933B,上櫃,16.95,16.87,除息,0.9952802359882007
2024-11-18,00934,上市,18.34,18.22,息,0.9934569247546347
2024-11-18,00944,上市,14.52,14.46,息,0.9958677685950414
2024-11-18,00945B,上市,15.41,15.3,息,0.9928617780661908
2024-11-18,00948B,上櫃,10.13,10.08,除息,0.9950641658440276
2024-11-19,00690,上市,34.37,33.57,息,0.9767238871108526
2024-11-19,00731,上市,71.45,69.07,息,0.9666899930020992
2024-11-19,00758B,上櫃,53.8,53.2,除息,0.9888475836431228
2024-11-19,00759B,上櫃,57.6,56.98,除息,0.989236111111111
2024-11-19,00760B,上櫃,56.05,55.34,除息,0.9873327386262267
2024-11-19,00929,上市,17.98,17.87,息,0.9938820912124583
2024-11-19,00932,上市,16.31,15.79,息,0.9681177191906806
2024-11-19,00943,上市,14.82,14.67,息,0.9898785425101214
2024-11-19,5381,上櫃,25.8,25.58,除權,0.9914728682170542
2024-11-20,00775B,上市,34.44,33.87,息,0.9834494773519163
2024-11-20,00844B,上櫃,33.74,33.17,除息,0.9831061055127445
2024-11-20,00867B,上櫃,33.63,33.2,除息,0.9872137972048766
2024-11-21,00754B,上櫃,36.8,36.35,除息,0.9877717391304349
2024-11-21,00755B,上櫃,35.26,34.8,除息,0.9869540555870675
2024-11-21,00756B,上櫃,32.85,32.35,除息,0.984779299847793
2024-11-21,00794B,上櫃,41.68,41.33,除息,0.9916026871401151
2024-11-21,00860B,上櫃,39.46,38.98,除息,0.9878357830714647
2024-11-21,00937B,上櫃,15.99,15.91,除息,0.9949968730456535
2024-11-21,01007T,上市,15.8,15.58,息,0.9860759493670885
2024-11-25,2636,上市,87.2,84.2,息,0.9655963302752294
2024-11-25,5213,上櫃,32.0,30.46,除權,0.951875
2024-11-26,00901,上市,21.46,20.56,息,0.9580615097856476
2024-11-26,00930,上市,18.85,18.42,息,0.9771883289124669
2024-11-26,00958B,上櫃,9.69,9.65,除息,0.995872033023736
2024-11-27,2734,上櫃,31.8,29.63,除權,0.9317610062893081
2024-11-27,6127,上櫃,28.8,28.4,除息,0.986111111111111
2024-11-28,2530,上市,42.7,42.12,息,0.9864168618266977
2024-11-28,2762,上市,97.1,94.84,息,0.976725025746653
2024-11-28,2867,上市,6.65,6.63,權,0.9969924812030074
2024-11-28,4735,上櫃,38.9,38.45,除息,0.988431876606684
2024-11-28,6523,上櫃,158.0,153.0,除息,0.9683544303797469
2024-12-03,00939,上市,14.4,14.33,息,0.9951388888888889
2024-12-03,00950B,上櫃,15.47,15.39,除息,0.9948287007110537
2024-12-04,00959B,上櫃,10.2,10.15,除息,0.9950980392156864
2024-12-04,020038,上市,7.84,7.5,息,0.9566326530612245
2024-12-04,3059,上市,32.2,31.71,權,0.9847826086956522
2024-12-04,6645,上市,27.2,26.71,權,0.9819852941176471
2024-12-05,3346,上市,39.1,38.74,權,0.9907928388746803
2024-12-05,6438,上市,209.0,207.05,息,0.9906698564593301
2024-12-06,00946,上市,9.22,9.17,息,0.9945770065075921
2024-12-06,00953B,上市,10.36,10.29,息,0.9932432432432432
2024-12-06,1438,上市,59.9,58.11,權,0.9701168614357262
2024-12-09,4503,上櫃,53.7,51.22,除權,0.9538175046554934
2024-12-09,4912,上市,129.5,128.75,息,0.9942084942084942
2024-12-10,2474,上市,196.0,188.5,息,0.9617346938775511
2024-12-10,6277,上市,77.9,76.2,息,0.9781771501925545
2024-12-10,8942,上櫃,57.4,55.4,除息,0.9651567944250871
2024-12-11,00940,上市,9.52,9.48,息,0.9957983193277312
2024-12-12,2330,上市,1045.0,1041.0,息,0.9961722488038277
2024-12-12,3259,上櫃,22.6,22.47,除權,0.9942477876106194
2024-12-12,6657,上市,52.2,51.63,權,0.9890804597701149
2024-12-12,8444,上櫃,30.75,30.95,除權,1.0065040650406505
2024-12-13,6859,上櫃,185.5,183.21,除權,0.9876549865229111
2024-12-16,00936,上市,15.46,15.41,息,0.9967658473479948
2024-12-16,00942B,上櫃,15.57,15.5,除息,0.9955041746949261
2024-12-17,00687B,上櫃,30.55,30.17,除息,0.9875613747954174
2024-12-17,00697B,上櫃,36.35,36.05,除息,0.9917469050894084
2024-12-17,00713,上市,55.65,54.25,息,0.9748427672955975
2024-12-17,00730,上市,22.16,22.07,息,0.9959386281588448
2024-12-17,00740B,上櫃,41.06,40.86,除息,0.9951290793960058
2024-12-17,00741B,上櫃,39.61,39.41,除息,0.9949507700075738
2024-12-17,00751B,上櫃,34.71,34.25,除息,0.9867473350619418
2024-12-17,00772B,上櫃,35.9,35.76,除息,0.996100278551532
2024-12-17,00773B,上櫃,37.73,37.59,除息,0.9962894248608536
2024-12-17,00777B,上櫃,35.54,35.11,除息,0.9879009566685425
2024-12-17,00778B,上櫃,37.26,36.83,除息,0.9884594739667204
2024-12-17,00779B,上櫃,30.78,30.5,除息,0.99090318388564
2024-12-17,00781B,上櫃,32.44,31.94,除息,0.9845869297163996
2024-12-17,00787B,上櫃,34.79,34.29,除息,0.9856280540385168
2024-12-17,00840B,上櫃,32.3,32.18,除息,0.9962848297213623
2024-12-17,00853B,上櫃,29.65,29.32,除息,0.9888701517706577
2024-12-17,00862B,上櫃,33.97,33.56,除息,0.9879305269355314
2024-12-17,00863B,上櫃,34.68,34.23,除息,0.9870242214532872
2024-12-17,00883B,上櫃,32.99,32.84,除息,0.9954531676265536
2024-12-17,00890B,上櫃,34.77,34.6,除息,0.995110727638769
2024-12-17,00896,上市,17.47,17.02,息,0.9742415569547797
2024-12-17,00900,上市,14.05,13.95,息,0.99288256227758
2024-12-17,00915,上市,25.75,25.0,息,0.970873786407767
2024-12-17,00921,上市,17.93,17.61,息,0.9821528165086447
2024-12-17,00926,上市,24.26,22.76,息,0.9381698268755152
2024-12-17,00933B,上櫃,17.04,16.96,除息,0.995305164319249
2024-12-17,00934,上市,17.96,17.93,息,0.9983296213808462
2024-12-17,00943,上市,14.51,14.48,息,0.9979324603721572
2024-12-17,00944,上市,14.59,14.53,息,0.995887594242632
2024-12-17,00945B,上市,15.43,15.32,息,0.9928710304601426
2024-12-17,00948B,上櫃,10.16,10.11,除息,0.9950787401574802
2024-12-17,3073,上櫃,58.3,57.59,除權,0.9878216123499144
2024-12-17,6588,上櫃,42.25,40.0,除權,0.9467455621301775
2024-12-18,00710B,上市,20.0,19.74,息,0.9869999999999999
2024-12-18,00711B,上市,16.5,16.31,息,0.9884848484848484
2024-12-18,00712,上市,9.83,9.64,息,0.9806714140386572
2024-12-18,00929,上市,17.89,17.84,息,0.9972051425377305
2024-12-18,4763,上市,942.0,919.41,息,0.9760191082802547
2024-12-18,6629,上櫃,121.5,116.5,除息,0.9588477366255144
2024-12-19,00728,上市,33.03,32.25,息,0.9763851044504995
2024-12-19,00918,上市,24.1,23.26,息,0.9651452282157676
2024-12-19,2753,上市,150.0,148.0,息,0.9866666666666667
2024-12-19,3680,上櫃,507.0,503.2,除息,0.9925049309664694
2024-12-19,5306,上市,126.0,124.75,息,0.9900793650793651
2024-12-19,6548,上櫃,33.95,33.54,除息,0.9879234167893961
2024-12-19,8070,上市,46.2,45.5,息,0.9848484848484848
2024-12-20,00764B,上櫃,30.38,30.02,除息,0.9881500987491771
2024-12-20,00792B,上櫃,33.94,33.5,除息,0.9870359457866824
2024-12-20,00793B,上櫃,32.72,32.29,除息,0.9868581907090465
2024-12-20,00859B,上櫃,43.25,42.88,除息,0.9914450867052024
2024-12-20,00919,上市,23.97,23.25,息,0.969962453066333
2024-12-20,00937B,上櫃,15.95,15.87,除息,0.9949843260188088
2024-12-24,00836B,上櫃,30.56,30.13,除息,0.9859293193717278
2024-12-24,00856B,上櫃,39.43,39.01,除息,0.9893482120213035
2024-12-24,00857B,上櫃,25.02,24.71,除息,0.9876099120703438
2024-12-24,00907,上市,16.01,15.79,息,0.986258588382261
2024-12-24,00958B,上櫃,9.52,9.48,除息,0.9957983193277312
2024-12-24,2065,上櫃,53.3,52.8,除息,0.9906191369606003
2024-12-25,6121,上櫃,387.5,378.4,除息,0.976516129032258
2024-12-25,6123,上櫃,56.8,55.8,除息,0.9823943661971831
2024-12-26,1805,上市,18.0,17.11,權,0.9505555555555555
2024-12-26,2028,上市,21.2,20.9,息,0.9858490566037735
2024-12-26,5543,上櫃,21.4,20.72,除權息,0.9682242990654206
2024-12-30,5278,上櫃,39.0,38.8,除息,0.9948717948717948
2024-12-30,6153,上市,16.3,16.14,權,0.9901840490797545
2024-12-31,00939,上市,14.22,14.17,息,0.9964838255977496
2025-01-02,00940,上市,9.41,9.38,息,0.9968119022316685
2025-01-02,00950B,上櫃,14.98,14.9,除息,0.9946595460614153
2025-01-02,2454,上市,1415.0,1386.0,息,0.9795053003533569
2025-01-02,4109,上櫃,22.3,21.58,除權,0.9677130044843049
2025-01-02,5536,上櫃,371.5,366.5,除息,0.9865410497981157
2025-01-03,00959B,上櫃,9.86,9.81,除息,0.9949290060851929
2025-01-03,6217,上櫃,40.35,38.66,除權,0.9581164807930606
2025-01-06,6658,上市,76.8,75.66,權,0.98515625
2025-01-06,6763,上櫃,60.7,59.8,除息,0.9851729818780889
2025-01-08,00946,上市,9.4,9.35,息,0.9946808510638298
2025-01-08,00953B,上市,10.32,10.25,息,0.9932170542635659
2025-01-08,8299,上櫃,510.0,496.88,除息,0.9742745098039216
2025-01-09,1316,上市,14.7,14.22,權,0.9673469387755103
2025-01-10,6488,上櫃,369.0,364.0,除息,0.986449864498645
2025-01-14,2543,上市,67.2,66.5,權,0.9895833333333333
2025-01-16,00734B,上櫃,15.54,15.38,除息,0.9897039897039898
2025-01-16,00789B,上櫃,50.65,50.03,除息,0.9877591312931886
2025-01-16,00790B,上櫃,55.35,54.74,除息,0.9889792231255646
2025-01-16,00791B,上櫃,58.5,57.93,除息,0.9902564102564102
2025-01-16,00842B,上櫃,32.81,32.31,除息,0.9847607436757086
2025-01-16,00929,上市,17.92,17.87,息,0.9972098214285714
2025-01-16,00936,上市,14.8,14.75,息,0.9966216216216216
2025-01-16,00942B,上櫃,14.83,14.76,除息,0.99527983816588
2025-01-17,0050,上市,198.05,195.35,息,0.9863670790204493
2025-01-17,0056,上市,36.39,35.32,息,0.9705963176696895
2025-01-17,006203,上市,93.1,91.2,息,0.979591836734694
2025-01-17,00694B,上櫃,42.85,42.56,除息,0.9932322053675613
2025-01-17,00695B,上櫃,35.7,35.4,除息,0.9915966386554621
2025-01-17,00696B,上櫃,30.61,30.34,除息,0.9911793531525646
2025-01-17,00701,上市,29.16,27.11,息,0.9296982167352538
2025-01-17,00702,上市,25.04,24.34,息,0.9720447284345048
2025-01-17,00717,上市,16.26,16.1,息,0.990159901599016
2025-01-17,00719B,上櫃,32.54,32.19,除息,0.9892440073755377
2025-01-17,00720B,上櫃,35.07,34.57,除息,0.9857428001140576
2025-01-17,00725B,上櫃,37.43,36.77,除息,0.9823670852257549
2025-01-17,00726B,上櫃,33.98,33.38,除息,0.9823425544437906
2025-01-17,00727B,上櫃,41.98,41.41,除息,0.9864221057646498
2025-01-17,00730,上市,22.99,22.9,息,0.9960852544584602
2025-01-17,00735,上市,33.05,32.88,息,0.9948562783661121
2025-01-17,00736,上市,22.99,22.72,息,0.9882557633753806
2025-01-17,00740B,上櫃,40.23,40.03,除息,0.9950285856326125
2025-01-17,00741B,上櫃,40.09,39.87,除息,0.9945123472187577
2025-01-17,00746B,上櫃,36.81,36.39,除息,0.9885900570497147
2025-01-17,00749B,上櫃,31.32,30.88,除息,0.9859514687100893
2025-01-17,00750B,上櫃,35.08,34.69,除息,0.9888825541619156
2025-01-17,00770,上市,52.1,48.1,息,0.9232245681381958
2025-01-17,00772B,上櫃,35.01,34.88,除息,0.9962867752070839
2025-01-17,00773B,上櫃,36.75,36.61,除息,0.9961904761904762
2025-01-17,00777B,上櫃,34.49,34.35,除息,0.9959408524209916
2025-01-17,00778B,上櫃,35.94,35.8,除息,0.9961046188091263
2025-01-17,00782B,上櫃,32.68,32.18,除息,0.9847001223990208
2025-01-17,00784B,上櫃,39.53,39.19,除息,0.9913989375158107
2025-01-17,00785B,上櫃,36.09,35.64,除息,0.9875311720698253
2025-01-17,00788B,上櫃,31.65,31.19,除息,0.9854660347551344
2025-01-17,00830,上市,47.78,43.82,息,0.9171201339472582
2025-01-17,00840B,上櫃,31.56,31.43,除息,0.9958808618504437
2025-01-17,00848B,上櫃,35.26,34.81,除息,0.9872376630743053
2025-01-17,00849B,上櫃,38.48,38.15,除息,0.9914241164241164
2025-01-17,00870B,上櫃,29.1,28.7,除息,0.986254295532646
2025-01-17,00881,上市,24.61,23.86,息,0.9695245835026413
2025-01-17,00882,上市,12.78,12.25,息,0.958528951486698
2025-01-17,00883B,上櫃,32.21,32.04,除息,0.994722135982614
2025-01-17,00884B,上櫃,30.2,29.73,除息,0.9844370860927153
2025-01-17,00890B,上櫃,34.02,33.85,除息,0.9950029394473838
2025-01-17,00900,上市,13.81,13.71,息,0.9927588703837799
2025-01-17,00908,上市,12.35,12.21,息,0.9886639676113361
2025-01-17,00912,上市,19.31,18.92,息,0.979803210771621
2025-01-17,00917,上市,24.23,22.23,息,0.9174576970697482
2025-01-17,00920,上市,12.68,12.47,息,0.9834384858044165
2025-01-17,00928,上櫃,16.3,15.92,除息,0.9766871165644171
2025-01-17,00931B,上櫃,14.24,14.09,除息,0.9894662921348314
2025-01-17,00933B,上櫃,16.65,16.57,除息,0.9951951951951953
2025-01-17,00934,上市,17.94,17.91,息,0.9983277591973243
2025-01-17,00943,上市,14.22,14.2,息,0.9985935302390998
2025-01-17,00944,上市,14.45,14.39,息,0.995847750865052
2025-01-17,00945B,上市,15.65,15.55,息,0.9936102236421726
2025-01-17,00948B,上櫃,9.9,9.86,除息,0.9959595959595958
2025-01-17,00956,上市,9.62,9.51,息,0.9885654885654886
2025-01-17,00957B,上櫃,14.36,14.29,除息,0.995125348189415
2025-01-17,00960,上市,14.26,14.08,息,0.9873772791023843
2025-01-20,5483,上櫃,121.0,118.0,除息,0.9752066115702479
2025-01-21,00904,上市,18.71,18.56,息,0.991982896846606
2025-01-21,1707,上市,148.5,145.8,息,0.9818181818181819
2025-01-22,00714,上市,21.19,21.06,息,0.9938650306748466
2025-01-22,00722B,上櫃,38.44,37.89,除息,0.9856919875130074
2025-01-22,00723B,上櫃,33.51,33.05,除息,0.9862727544016712
2025-01-22,00724B,上櫃,35.22,34.72,除息,0.9858035207268597
2025-01-22,00834B,上櫃,35.28,34.91,除息,0.9895124716553286
2025-01-22,00858,上櫃,35.35,33.45,除息,0.9462517680339463
2025-01-22,00888,上櫃,16.82,16.6,除息,0.9869203329369799
2025-01-22,00927,上市,18.35,17.98,息,0.9798365122615803
2025-01-22,00930,上市,17.96,17.8,息,0.9910913140311804
2025-01-22,00937B,上櫃,15.74,15.66,除息,0.9949174078780177
2025-01-22,00958B,上櫃,9.51,9.47,除息,0.9957939011566773
2025-02-03,4114,上櫃,33.4,33.16,除權,0.992814371257485
2025-02-05,2540,上市,90.8,90.22,權,0.9936123348017621
2025-02-05,3260,上櫃,76.4,74.98,除權,0.981413612565445
2025-02-05,3289,上櫃,131.5,130.2,除息,0.9901140684410645
2025-02-06,00940,上市,9.3,9.27,息,0.9967741935483869
2025-02-07,2547,上市,11.05,10.99,權,0.9945701357466062
2025-02-11,00939,上市,14.1,14.05,息,0.9964539007092199
2025-02-11,00950B,上櫃,14.94,14.86,除息,0.9946452476572959
2025-02-12,00959B,上櫃,9.92,9.87,除息,0.9949596774193548
2025-02-12,4735,上櫃,38.8,38.59,除權,0.9945876288659795
2025-02-12,6438,上市,223.5,221.62,權,0.9915883668903803
2025-02-13,00946,上市,9.16,9.13,息,0.9967248908296944
2025-02-13,00953B,上市,10.37,10.3,息,0.9932497589199616
2025-02-13,3313,上櫃,15.2,14.45,除權,0.9506578947368421
2025-02-13,6024,上市,57.5,56.75,權,0.9869565217391304
2025-02-13,6806,上市,121.5,113.94,權,0.9377777777777777
2025-02-14,4557,上市,139.0,134.12,權,0.9648920863309353
2025-02-17,00936,上市,15.25,15.22,息,0.998032786885246
2025-02-17,4564,上市,24.0,23.35,權,0.9729166666666668
2025-02-18,00690,上市,36.37,35.67,息,0.980753368160572
2025-02-18,00754B,上櫃,36.37,35.92,除息,0.9876271652460821
2025-02-18,00755B,上櫃,34.76,34.29,除息,0.9864787111622555
2025-02-18,00756B,上櫃,32.67,32.16,除息,0.9843893480257115
2025-02-18,00772B,上櫃,35.45,35.31,除息,0.9960507757404795
2025-02-18,00773B,上櫃,37.3,37.16,除息,0.9962466487935656
2025-02-18,00777B,上櫃,34.85,34.71,除息,0.9959827833572453
2025-02-18,00778B,上櫃,36.47,36.33,除息,0.9961612284069098
2025-02-18,00794B,上櫃,43.29,42.99,除息,0.9930699930699931
2025-02-18,00795B,上櫃,29.32,28.94,除息,0.9870395634379263
2025-02-18,00840B,上櫃,31.82,31.69,除息,0.9959145191703331
2025-02-18,00841B,上櫃,31.49,31.14,除息,0.9888853604318832
2025-02-18,00847B,上櫃,27.73,27.38,除息,0.987378290659935
2025-02-18,00860B,上櫃,39.69,39.21,除息,0.9879062736205594
2025-02-18,00883B,上櫃,32.66,32.5,除息,0.9951010410287815
2025-02-18,00890B,上櫃,34.41,34.24,除息,0.9950595757047371
2025-02-18,00891,上市,18.83,18.42,息,0.9782262347318111
2025-02-18,00894,上市,21.23,20.68,息,0.9740932642487047
2025-02-18,00913,上市,21.16,20.66,息,0.9763705103969754
2025-02-18,00923,上市,22.55,21.78,息,0.9658536585365853
2025-02-18,00932,上市,15.83,15.73,息,0.9936828806064435
2025-02-18,00934,上市,18.67,18.64,息,0.998393144081414
2025-02-18,00937B,上櫃,15.86,15.78,除息,0.9949558638083228
2025-02-18,00942B,上櫃,15.21,15.14,除息,0.9953977646285338
2025-02-18,00944,上市,14.87,14.81,息,0.9959650302622731
2025-02-18,00945B,上市,15.59,15.49,息,0.9935856318152663
2025-02-18,00948B,上櫃,10.03,9.99,除息,0.996011964107677
2025-02-18,00957B,上櫃,14.56,14.49,除息,0.9951923076923077
2025-02-18,3512,上櫃,33.0,32.01,除權,0.97
2025-02-18,3709,上櫃,29.55,28.45,除權,0.9627749576988155
2025-02-18,6023,上櫃,89.5,88.05,除權,0.9837988826815642
2025-02-18,8033,上市,66.7,65.59,權,0.9833583208395802
2025-02-19,00718B,上櫃,21.19,20.73,除息,0.9782916470033034
2025-02-19,00730,上市,23.66,23.56,息,0.9957734573119188
2025-02-19,00731,上市,68.4,67.8,息,0.9912280701754385
2025-02-19,00740B,上櫃,40.69,40.49,除息,0.9950847874170559
2025-02-19,00741B,上櫃,39.99,39.74,除息,0.9937484371092773
2025-02-19,00758B,上櫃,53.45,52.83,除息,0.988400374181478
2025-02-19,00759B,上櫃,57.4,56.74,除息,0.9885017421602788
2025-02-19,00760B,上櫃,55.95,55.24,除息,0.9873100983020554
2025-02-19,00845B,上櫃,33.98,33.66,除息,0.9905826957033549
2025-02-19,00846B,上櫃,37.02,36.57,除息,0.9878444084278768
2025-02-19,00900,上市,14.19,14.09,息,0.9929527836504581
2025-02-19,00929,上市,18.67,18.62,息,0.9973219068023567
2025-02-19,6625,上市,81.1,79.06,權,0.9748458692971641
2025-02-19,8932,上櫃,100.0,99.76,除權,0.9976
2025-02-20,00761B,上櫃,36.62,36.12,除息,0.9863462588749318
2025-02-20,00775B,上市,33.78,33.37,息,0.9878626406157489
2025-02-20,00780B,上櫃,38.41,38.01,除息,0.9895860453007029
2025-02-20,00799B,上櫃,32.56,32.01,除息,0.983108108108108
2025-02-20,00844B,上櫃,33.15,32.7,除息,0.986425339366516
2025-02-20,00867B,上櫃,33.26,32.83,除息,0.9870715574263379
2025-02-20,00878,上市,22.96,22.46,息,0.9782229965156795
2025-02-20,00933B,上櫃,16.81,16.73,除息,0.9952409280190364
2025-02-20,5604,上櫃,45.35,43.05,除息,0.9492833517089304
2025-02-20,6823,上櫃,69.3,65.07,除權,0.9389610389610389
2025-02-20,8349,上櫃,62.8,61.82,除權,0.9843949044585988
2025-02-20,8349A,上櫃,51.2,50.41,除權,0.9845703124999999
2025-02-21,00679B,上櫃,28.74,28.44,除息,0.989561586638831
2025-02-21,00771,上市,17.83,17.61,息,0.9876612450925407
2025-02-21,00786B,上櫃,34.27,33.85,除息,0.987744382842136
2025-02-21,00850,上市,46.56,45.9,息,0.9858247422680412
2025-02-21,00967B,上櫃,9.68,9.64,除息,0.9958677685950414
2025-02-21,00968B,上櫃,9.79,9.74,除息,0.9948927477017365
2025-02-21,6613,上櫃,243.0,240.1,除息,0.9880658436213992
2025-02-24,00907,上市,16.19,16.06,息,0.9919703520691784
2025-02-24,00958B,上櫃,9.65,9.61,除息,0.9958549222797927
2025-02-25,6177,上市,47.05,46.55,權,0.9893730074388948
2025-02-25,8054,上櫃,121.5,119.12,除權,0.9804115226337449
2025-02-25,8155,上櫃,122.5,120.49,除權,0.9835918367346939
2025-02-25,8466,上市,41.3,40.97,權,0.9920096852300243
2025-03-03,6854,上市,235.5,231.26,權,0.9819957537154989
2025-03-04,3390,上櫃,28.6,27.76,除權,0.9706293706293706
2025-03-04,4966,上櫃,662.0,654.81,除息,0.9891389728096676
2025-03-05,00939,上市,14.4,14.35,息,0.9965277777777777
2025-03-05,3466,上櫃,60.2,58.05,除權,0.9642857142857142
2025-03-06,00946,上市,9.63,9.6,息,0.9968847352024921
2025-03-06,00953B,上市,10.35,10.28,息,0.9932367149758454
2025-03-06,00966B,上櫃,15.14,15.0,除息,0.9907529722589168
2025-03-06,1598,上市,30.9,30.63,權,0.9912621359223301
2025-03-07,00950B,上櫃,15.04,14.96,除息,0.9946808510638299
2025-03-07,00959B,上櫃,10.0,9.95,除息,0.9949999999999999
2025-03-10,5278,上櫃,36.3,36.12,除息,0.9950413223140496
2025-03-11,00940,上市,9.54,9.51,息,0.9968553459119498
2025-03-11,00970B,上櫃,10.12,10.07,除息,0.9950592885375495
2025-03-12,8071,上櫃,21.45,20.95,除權,0.9766899766899767
2025-03-13,01009T,上市,7.0,6.86,息,0.9800000000000001
2025-03-13,1712,上市,45.45,42.95,息,0.944994499449945
2025-03-13,2528,上市,45.25,43.25,息,0.9558011049723757
2025-03-13,2613,上市,33.5,32.5,息,0.9701492537313433
2025-03-13,6423,上市,93.4,92.41,息,0.9894004282655245
2025-03-13,6548,上櫃,34.5,34.05,除息,0.9869565217391304
2025-03-17,00936,上市,15.51,15.48,息,0.9980657640232109
2025-03-17,00942B,上櫃,15.25,15.18,除息,0.9954098360655738
2025-03-17,00980B,上櫃,10.09,10.04,除息,0.9950445986124875
2025-03-17,2630,上市,34.95,34.32,息,0.9819742489270386
2025-03-18,00687B,上櫃,30.82,30.47,除息,0.9886437378325762
2025-03-18,00730,上市,22.98,22.88,息,0.9956483899042645
2025-03-18,00740B,上櫃,40.82,40.64,除息,0.9955903968642822
2025-03-18,00741B,上櫃,39.44,39.24,除息,0.9949290060851929
2025-03-18,00764B,上櫃,30.93,30.57,除息,0.988360814742968
2025-03-18,00772B,上櫃,35.74,35.6,除息,0.996082820369334
2025-03-18,00773B,上櫃,37.34,37.19,除息,0.9959828602035349
2025-03-18,00777B,上櫃,35.07,34.92,除息,0.9957228400342173
2025-03-18,00778B,上櫃,36.35,36.2,除息,0.9958734525447043
2025-03-18,00779B,上櫃,31.13,30.85,除息,0.9910054609701253
2025-03-18,00781B,上櫃,32.15,31.6,除息,0.9828926905132194
2025-03-18,00792B,上櫃,33.94,33.5,除息,0.9870359457866824
2025-03-18,00793B,上櫃,33.05,32.65,除息,0.9878971255673222
2025-03-18,00840B,上櫃,31.98,31.85,除息,0.9959349593495935
2025-03-18,00853B,上櫃,29.51,29.16,除息,0.9881396136902745
2025-03-18,00859B,上櫃,43.75,43.37,除息,0.9913142857142857
2025-03-18,00862B,上櫃,33.71,33.37,除息,0.9899139721150992
2025-03-18,00863B,上櫃,34.41,33.96,除息,0.9869224062772451
2025-03-18,00883B,上櫃,32.74,32.59,除息,0.9954184483811851
2025-03-18,00890B,上櫃,34.4,34.25,除息,0.9956395348837209
2025-03-18,00896,上市,16.66,16.21,息,0.9729891956782714
2025-03-18,00900,上市,13.99,13.89,息,0.9928520371694067
2025-03-18,00919,上市,23.74,23.02,息,0.9696714406065713
2025-03-18,00921,上市,17.23,17.15,息,0.9953569355774811
2025-03-18,00922,上市,21.11,20.48,息,0.9701563240170535
2025-03-18,00933B,上櫃,16.87,16.79,除息,0.9952578541790159
2025-03-18,00934,上市,18.25,18.22,息,0.9983561643835616
2025-03-18,00935,上市,21.43,20.83,息,0.9720018665422304
2025-03-18,00937B,上櫃,15.89,15.81,除息,0.9949653870358716
2025-03-18,00944,上市,14.85,14.79,息,0.9959595959595959
2025-03-18,00945B,上市,15.4,15.29,息,0.9928571428571428
2025-03-18,00948B,上櫃,10.06,10.01,除息,0.9950298210735585
2025-03-18,00957B,上櫃,14.59,14.52,除息,0.9952021932830706
2025-03-18,00963,上市,10.79,10.73,息,0.994439295644115
2025-03-18,00964,上市,10.28,10.24,息,0.9961089494163425
2025-03-18,2330,上市,970.0,965.49,息,0.9953505154639175
2025-03-18,5306,上市,125.0,123.47,息,0.98776
2025-03-18,9802,上市,136.5,134.59,息,0.986007326007326
2025-03-19,00710B,上市,20.27,19.95,息,0.9842131228416379
2025-03-19,00711B,上市,16.65,16.46,息,0.9885885885885888
2025-03-19,00712,上市,10.19,10.0,息,0.9813542688910697
2025-03-19,00915,上市,24.5,24.0,息,0.9795918367346939
2025-03-19,00929,上市,18.45,18.4,息,0.997289972899729
2025-03-19,6462,上櫃,129.0,126.33,除權,0.9793023255813953
2025-03-19,6697,上櫃,50.7,48.6,除息,0.9585798816568047
2025-03-19,6895,上櫃,155.5,153.2,除息,0.985209003215434
2025-03-19,9105,上市,7.54,7.42,息,0.9840848806366047
2025-03-20,00728,上市,31.15,30.37,息,0.9749598715890851
2025-03-20,00836B,上櫃,31.09,30.66,除息,0.9861691862335156
2025-03-20,00856B,上櫃,39.93,39.5,除息,0.9892311545204108
2025-03-20,00857B,上櫃,25.79,25.47,除息,0.9875920899573478
2025-03-20,00918,上市,23.14,22.44,息,0.9697493517718238
2025-03-20,00930,上市,18.17,17.92,息,0.9862410566868465
2025-03-20,00958B,上櫃,9.7,9.65,除息,0.9948453608247424
2025-03-20,1342,上市,105.0,100.2,息,0.9542857142857143
2025-03-20,2006,上市,76.6,72.6,息,0.9477806788511749
2025-03-20,2101,上市,42.4,41.9,息,0.9882075471698113
2025-03-20,2301,上市,105.5,102.99,息,0.9762085308056871
2025-03-20,2430,上市,31.95,30.45,息,0.9530516431924883
2025-03-20,3008,上市,2525.0,2467.5,息,0.9772277227722772
2025-03-20,3029,上市,147.0,142.0,息,0.9659863945578231
2025-03-20,3149,上市,36.75,35.55,權,0.9673469387755101
2025-03-20,6015,上櫃,10.85,10.35,除息,0.9539170506912442
2025-03-20,6534,上市,83.3,79.7,息,0.9567827130852342
2025-03-20,6590,上櫃,83.8,81.0,除息,0.9665871121718378
2025-03-20,6821,上櫃,40.5,39.51,除息,0.9755555555555555
2025-03-20,6953,上櫃,206.0,200.0,除息,0.970873786407767
2025-03-20,7714,上櫃,90.3,87.8,除息,0.9723145071982281
2025-03-21,00697B,上櫃,37.45,37.17,除息,0.9925233644859813
2025-03-21,00713,上市,55.1,53.7,息,0.9745916515426497
2025-03-21,00751B,上櫃,34.9,34.45,除息,0.9871060171919772
2025-03-21,00787B,上櫃,35.13,34.65,除息,0.9863364645602049
2025-03-21,00967B,上櫃,10.01,9.97,除息,0.9960039960039961
2025-03-21,00968B,上櫃,9.95,9.9,除息,0.9949748743718594
2025-03-21,01010T,上市,10.12,9.92,息,0.9802371541501977
2025-03-21,3357,上櫃,124.5,119.5,除息,0.9598393574297188
2025-03-21,4583,上市,777.0,765.0,息,0.9845559845559846
2025-03-21,4972,上櫃,24.0,23.2,除息,0.9666666666666667
2025-03-21,6235,上市,58.6,57.38,息,0.9791808873720137
2025-03-21,6281,上市,81.0,77.0,息,0.9506172839506173
2025-03-24,5222,上市,136.5,132.5,息,0.9706959706959707
2025-03-24,5478,上櫃,128.5,121.0,除息,0.9416342412451362
2025-03-25,4163,上櫃,107.0,103.5,除息,0.9672897196261683
2025-03-25,5007,上市,56.0,53.0,息,0.9464285714285714
2025-03-26,1611,上市,16.4,15.6,息,0.951219512195122
2025-03-26,2108,上市,32.35,31.35,息,0.9690880989180835
2025-03-26,3218,上櫃,228.0,220.5,除息,0.9671052631578947
2025-03-26,6846,上櫃,85.4,81.8,除息,0.9578454332552693
2025-03-26,8930,上櫃,42.05,39.25,除息,0.9334126040428062
2025-03-27,01004T,上市,11.83,11.62,息,0.9822485207100591
2025-03-27,1341,上市,74.7,69.5,息,0.930388219544846
2025-03-27,1445,上市,16.85,16.35,息,0.9703264094955489
2025-03-27,1477,上市,343.5,333.4,息,0.9705967976710335
2025-03-27,2015,上市,72.0,68.5,息,0.9513888888888888
2025-03-27,2324,上市,36.5,35.1,息,0.9616438356164384
2025-03-27,2458,上市,157.0,153.23,息,0.9759872611464967
2025-03-27,2483,上市,21.75,21.45,息,0.9862068965517241
2025-03-27,2496,上市,89.0,83.32,息,0.9361797752808988
2025-03-27,2752,上櫃,250.5,236.5,除息,0.9441117764471058
2025-03-27,2756,上櫃,80.1,78.8,除息,0.9837702871410737
2025-03-27,2947,上櫃,88.3,87.2,除息,0.9875424688561723
2025-03-27,3038,上市,28.8,27.3,息,0.9479166666666666
2025-03-27,3164,上市,22.5,21.7,息,0.9644444444444444
2025-03-27,3188,上櫃,32.8,31.0,除息,0.9451219512195123
2025-03-27,4105,上櫃,78.5,74.3,除息,0.9464968152866242
2025-03-27,4420,上櫃,68.0,62.5,除息,0.9191176470588235
2025-03-27,4770,上市,331.0,319.0,息,0.9637462235649547
2025-03-27,4949,上市,40.9,39.8,息,0.9731051344743276
2025-03-27,5201,上櫃,38.5,37.15,除息,0.9649350649350649
2025-03-27,5225,上市,137.5,127.1,息,0.9243636363636363
2025-03-27,5388,上市,129.5,124.9,息,0.9644787644787646
2025-03-27,5520,上櫃,88.1,82.6,除息,0.9375709421112373
2025-03-27,6020,上櫃,19.0,18.49,除息,0.973157894736842
2025-03-27,6188,上櫃,99.4,97.4,除息,0.9798792756539235
2025-03-27,6415,上市,437.5,435.09,息,0.9944914285714285
2025-03-27,6523,上櫃,148.5,146.5,除息,0.9865319865319865
2025-03-27,6581,上市,120.0,114.0,息,0.95
2025-03-27,6642,上櫃,66.3,63.8,除息,0.9622926093514329
2025-03-27,6651,上櫃,108.0,101.0,除息,0.9351851851851852
2025-03-27,6752,上櫃,145.0,141.3,除息,0.9744827586206898
2025-03-27,6865,上櫃,78.1,77.1,除息,0.9871959026888605
2025-03-27,6955,上市,165.5,164.0,息,0.9909365558912386
2025-03-27,6967,上櫃,58.6,55.8,除息,0.9522184300341296
2025-03-27,7732,上市,44.0,42.0,息,0.9545454545454546
2025-03-27,8109,上櫃,91.1,86.6,除息,0.9506037321624589
2025-03-27,8401,上櫃,33.95,32.45,除息,0.9558173784977909
2025-03-27,8938,上櫃,80.0,75.91,除息,0.9488749999999999
2025-03-28,6606,上市,30.85,27.85,息,0.9027552674230146
2025-03-28,6835,上市,50.5,48.5,息,0.9603960396039604
2025-03-31,2910,上市,24.95,24.0,息,0.9619238476953909
2025-03-31,7631,上市,116.0,115.4,息,0.9948275862068966
2025-03-31,8431,上櫃,64.9,64.8,除息,0.9984591679506932
2025-03-31,8908,上櫃,45.5,44.2,除息,0.9714285714285715
2025-04-01,00939,上市,13.78,13.73,息,0.9963715529753266
2025-04-01,00966B,上櫃,14.92,14.85,除息,0.995308310991957
2025-04-01,2063,上櫃,36.45,34.45,除息,0.9451303155006858
2025-04-01,2065,上櫃,49.65,47.11,除息,0.9488418932527694
2025-04-01,2070,上櫃,53.6,53.1,除息,0.9906716417910447
2025-04-01,2535,上市,58.6,54.85,息,0.9360068259385665
2025-04-01,2732,上櫃,90.5,88.0,除息,0.9723756906077348
2025-04-01,2751,上櫃,68.7,64.2,除息,0.9344978165938864
2025-04-01,3004,上市,97.2,94.18,息,0.9689300411522634
2025-04-01,3257,上市,53.0,51.0,息,0.9622641509433962
2025-04-01,3294,上櫃,30.1,29.72,除息,0.9873754152823919
2025-04-01,4440,上市,25.3,23.7,息,0.9367588932806323
2025-04-01,4930,上市,30.0,28.4,息,0.9466666666666667
2025-04-01,6148,上櫃,47.3,45.92,除息,0.9708245243128965
2025-04-01,6291,上櫃,100.5,94.7,除息,0.9422885572139303
2025-04-01,6596,上櫃,95.1,88.1,除息,0.9263932702418507
2025-04-01,6873,上市,200.5,195.24,息,0.9737655860349128
2025-04-01,8464,上市,394.0,379.5,息,0.9631979695431472
2025-04-02,00946,上市,9.29,9.26,息,0.9967707212055975
2025-04-02,00950B,上櫃,15.13,15.05,除息,0.9947124917382684
2025-04-02,00953B,上市,10.3,10.23,息,0.9932038834951457
2025-04-02,00959B,上櫃,9.98,9.94,除息,0.9959919839679358
2025-04-07,1414,上市,20.45,20.22,息,0.9887530562347188
2025-04-07,4207,上櫃,17.1,16.1,除息,0.9415204678362573
2025-04-08,00970B,上櫃,9.83,9.78,除息,0.9949135300101729
2025-04-09,4542,上櫃,62.3,61.3,除息,0.9839486356340289
2025-04-09,5212,上櫃,59.1,55.6,除息,0.9407783417935702
2025-04-10,00940,上市,7.36,7.33,息,0.9959239130434783
2025-04-10,1315,上市,65.7,63.2,息,0.9619482496194824
2025-04-10,1457,上市,17.7,16.7,息,0.943502824858757
2025-04-10,1536,上市,47.25,46.45,息,0.9830687830687831
2025-04-10,3003,上市,46.0,44.0,息,0.9565217391304348
2025-04-10,4532,上市,25.15,23.64,息,0.9399602385685886
2025-04-10,4735,上櫃,28.0,27.2,除息,0.9714285714285714
2025-04-10,6104,上櫃,117.0,114.0,除息,0.9743589743589743
2025-04-10,6224,上市,37.7,35.95,息,0.9535809018567639
2025-04-10,6703,上櫃,137.0,130.0,除息,0.948905109489051
2025-04-10,6846,上櫃,63.3,63.4,除權,1.0015797788309637
2025-04-10,6859,上櫃,130.5,128.0,除息,0.9808429118773946
2025-04-11,1604,上市,27.8,26.3,息,0.9460431654676259
2025-04-11,2109,上市,18.6,17.8,息,0.9569892473118279
2025-04-11,3289,上櫃,91.4,90.4,除息,0.9890590809628009
2025-04-11,3526,上櫃,239.0,222.54,除息,0.9311297071129707
2025-04-11,6143,上櫃,108.5,101.5,除息,0.9354838709677419
2025-04-11,8042,上櫃,30.8,29.3,除息,0.9512987012987013
2025-04-16,8091,上櫃,117.5,109.5,除息,0.9319148936170213
2025-04-17,00734B,上櫃,15.41,15.25,除息,0.9896171317326411
2025-04-17,00842B,上櫃,31.82,31.27,除息,0.9827152734129478
2025-04-17,00936,上市,13.52,13.49,息,0.9977810650887574
2025-04-17,00942B,上櫃,14.61,14.54,除息,0.9952087611225188
2025-04-17,00947,上市,11.82,11.74,息,0.9932318104906938
2025-04-17,00980B,上櫃,9.58,9.53,除息,0.9947807933194154
2025-04-17,1451,上市,18.5,17.5,息,0.9459459459459459
2025-04-17,1524,上市,36.6,34.3,息,0.9371584699453551
2025-04-17,2010,上市,18.75,17.45,息,0.9306666666666666
2025-04-17,2707,上市,211.0,196.63,息,0.9318957345971564
2025-04-17,2937,上櫃,46.5,44.5,除息,0.956989247311828
2025-04-17,4173,上櫃,23.1,21.91,除息,0.9484848484848485
2025-04-17,4566,上市,57.4,55.89,息,0.9736933797909408
2025-04-17,4973,上櫃,24.55,23.55,除息,0.9592668024439919
2025-04-17,5287,上櫃,181.0,175.7,除息,0.9707182320441988
2025-04-17,6021,上櫃,23.35,21.51,除息,0.9211991434689507
2025-04-17,6128,上市,35.5,33.0,息,0.9295774647887324
2025-04-17,6274,上櫃,139.5,133.0,除息,0.953405017921147
2025-04-17,6732,上櫃,189.5,179.5,除息,0.9472295514511874
2025-04-17,6747,上櫃,143.0,133.81,除息,0.9357342657342658
2025-04-17,8446,上櫃,109.0,101.0,除息,0.926605504587156
2025-04-17,9911,上市,88.5,83.8,息,0.9468926553672317
2025-04-17,9962,上櫃,13.7,13.2,除息,0.9635036496350365
2025-04-18,00772B,上櫃,34.51,34.37,除息,0.9959432048681541
2025-04-18,00773B,上櫃,35.94,35.79,除息,0.9958263772954925
2025-04-18,00848B,上櫃,34.41,33.96,除息,0.9869224062772451
2025-04-18,00849B,上櫃,38.3,37.97,除息,0.9913838120104439
2025-04-18,00883B,上櫃,31.23,31.08,除息,0.9951969260326609
2025-04-18,00884B,上櫃,29.2,28.73,除息,0.9839041095890412
2025-04-18,00905,上市,11.61,11.56,息,0.9956933677863912
2025-04-18,00912,上市,16.31,16.11,息,0.987737584304108
2025-04-18,00927,上市,15.77,15.4,息,0.9765377298668358
2025-04-18,00931B,上櫃,14.29,14.14,除息,0.9895031490552835
2025-04-18,00934,上市,16.22,16.19,息,0.998150431565968
2025-04-18,00944,上市,13.37,13.31,息,0.9955123410620794
2025-04-18,00948B,上櫃,9.54,9.49,除息,0.9947589098532496
2025-04-18,00956,上市,9.81,9.7,息,0.9887869520897042
2025-04-18,00957B,上櫃,13.93,13.86,除息,0.9949748743718593
2025-04-18,00960,上市,13.05,12.87,息,0.986206896551724
2025-04-18,00963,上市,10.18,10.12,息,0.9941060903732809
2025-04-18,00964,上市,9.52,9.48,息,0.9957983193277312
2025-04-18,4138,上櫃,87.5,83.35,除息,0.9525714285714285
2025-04-18,4528,上櫃,18.35,18.15,除息,0.9891008174386919
2025-04-18,4729,上櫃,20.6,20.1,除息,0.9757281553398058
2025-04-18,6756,上市,92.5,90.7,息,0.9805405405405405
2025-04-18,6791,上櫃,114.5,111.02,除息,0.9696069868995633
2025-04-21,00714,上市,20.51,20.38,息,0.993661628473915
2025-04-21,00722B,上櫃,37.49,36.94,除息,0.9853294211789809
2025-04-21,00723B,上櫃,32.48,32.02,除息,0.9858374384236455
2025-04-21,00724B,上櫃,34.09,33.59,除息,0.9853329422117924
2025-04-21,00725B,上櫃,36.1,35.46,除息,0.9822714681440443
2025-04-21,00726B,上櫃,33.46,32.88,除息,0.9826658696951585
2025-04-21,00727B,上櫃,40.46,39.89,除息,0.9859120118635689
2025-04-21,00749B,上櫃,30.64,30.2,除息,0.9856396866840731
2025-04-21,00750B,上櫃,34.34,33.91,除息,0.9874781595806638
2025-04-21,00777B,上櫃,33.73,33.57,除息,0.995256448265639
2025-04-21,00778B,上櫃,34.75,34.6,除息,0.9956834532374101
2025-04-21,00782B,上櫃,31.83,31.33,除息,0.9842915488532831
2025-04-21,00840B,上櫃,30.8,30.67,除息,0.9957792207792208
2025-04-21,00890B,上櫃,32.65,32.5,除息,0.995405819295559
2025-04-21,00933B,上櫃,16.19,16.11,除息,0.9950586781964175
2025-04-21,00937B,上櫃,15.11,15.03,除息,0.9947054930509597
2025-04-21,00945B,上市,14.82,14.71,息,0.9925775978407557
2025-04-22,00789B,上櫃,49.55,48.93,除息,0.9874873864783048
2025-04-22,00791B,上櫃,58.05,57.46,除息,0.9898363479758829
2025-04-22,00904,上市,15.25,15.1,息,0.9901639344262295
2025-04-22,00929,上市,16.49,16.44,息,0.996967859308672
2025-04-23,0052,上市,153.0,149.77,息,0.9788888888888889
2025-04-23,0056,上市,31.98,30.91,息,0.966541588492808
2025-04-23,00694B,上櫃,42.68,42.38,除息,0.992970946579194
2025-04-23,00695B,上櫃,35.86,35.6,除息,0.992749581706637
2025-04-23,00696B,上櫃,29.9,29.58,除息,0.9892976588628762
2025-04-23,00717,上市,14.86,14.68,息,0.9878869448183042
2025-04-23,00719B,上櫃,32.26,31.91,除息,0.9891506509609425
2025-04-23,00720B,上櫃,33.03,32.53,除息,0.9848622464426279
2025-04-23,00730,上市,20.41,20.31,息,0.9951004409603135
2025-04-23,00733,上市,36.91,36.83,息,0.9978325657003523
2025-04-23,00740B,上櫃,38.15,37.95,除息,0.9947575360419398
2025-04-23,00741B,上櫃,38.14,37.9,除息,0.9937073938122706
2025-04-23,00746B,上櫃,35.55,35.08,除息,0.9867791842475387
2025-04-23,00785B,上櫃,34.62,34.15,除息,0.9864240323512421
2025-04-23,00788B,上櫃,30.11,29.65,除息,0.9847226834938558
2025-04-23,00834B,上櫃,33.58,33.19,除息,0.9883859440142942
2025-04-23,00870B,上櫃,27.86,27.46,除息,0.9856424982053124
2025-04-23,00888,上櫃,13.73,13.51,除息,0.9839766933721776
2025-04-23,00900,上市,12.04,11.94,息,0.9916943521594684
2025-04-23,00907,上市,13.92,13.82,息,0.992816091954023
2025-04-23,00908,上市,13.21,13.06,息,0.9886449659348978
2025-04-23,00958B,上櫃,9.04,8.99,除息,0.9944690265486726
2025-04-23,00967B,上櫃,9.41,9.37,除息,0.9957492029755578
2025-04-23,00968B,上櫃,9.21,9.16,除息,0.9945711183496199
2025-04-23,4442,上櫃,47.1,44.63,除息,0.9475583864118896
2025-04-24,1217,上市,11.7,11.33,息,0.9683760683760685
2025-04-24,1717,上市,26.6,25.4,息,0.9548872180451127
2025-04-24,2477,上市,23.2,21.9,息,0.9439655172413792
2025-04-24,2530,上市,34.15,33.73,息,0.9877013177159589
2025-04-24,4104,上市,88.2,84.4,息,0.9569160997732427
2025-04-24,4568,上櫃,44.75,42.75,除息,0.9553072625698324
2025-04-24,5278,上櫃,27.65,27.45,除息,0.9927667269439422
2025-04-24,6192,上市,96.7,91.2,息,0.9431230610134437
2025-04-24,6996,上櫃,179.0,166.35,除息,0.9293296089385474
2025-04-25,1786,上市,95.1,91.86,息,0.9659305993690852
2025-04-25,6637,上櫃,73.0,71.4,除權,0.978082191780822
2025-04-25,8433,上櫃,84.6,78.13,除息,0.9235224586288416
2025-04-30,6712,上櫃,173.0,167.88,除息,0.9704046242774567
2025-05-02,00939,上市,13.25,13.2,息,0.9962264150943396
2025-05-05,00950B,上櫃,14.05,13.97,除息,0.994306049822064
2025-05-05,00959B,上櫃,9.22,9.17,除息,0.9945770065075921
2025-05-05,00966B,上櫃,13.66,13.6,除息,0.9956076134699853
2025-05-06,00946,上市,8.53,8.5,息,0.996483001172333
2025-05-06,00953B,上市,9.08,9.01,息,0.9922907488986784
2025-05-06,00970B,上櫃,8.63,8.58,除息,0.9942062572421784
2025-05-08,00940,上市,8.72,8.69,息,0.9965596330275228
2025-05-13,6243,上市,43.6,42.4,息,0.9724770642201834
2025-05-15,01001T,上市,13.2,12.79,息,0.9689393939393939
2025-05-15,01002T,上市,15.33,14.88,息,0.9706457925636008
2025-05-15,01007T,上市,15.2,14.98,息,0.9855263157894738
2025-05-16,00936,上市,14.61,14.58,息,0.997946611909651
2025-05-16,00942B,上櫃,13.41,13.34,除息,0.9947800149142431
2025-05-16,00980B,上櫃,8.89,8.84,除息,0.9943757030371203
2025-05-19,00690,上市,33.24,32.93,息,0.9906738868832731
2025-05-19,00730,上市,22.64,22.53,息,0.9951413427561838
2025-05-19,00740B,上櫃,36.23,36.06,除息,0.9953077560033123
2025-05-19,00741B,上櫃,36.08,35.87,除息,0.9941796008869179
2025-05-19,00754B,上櫃,32.69,32.25,除息,0.9865402263689202
2025-05-19,00755B,上櫃,30.89,30.43,除息,0.9851084493363548
2025-05-19,00756B,上櫃,29.36,28.86,除息,0.9829700272479565
2025-05-19,00761B,上櫃,32.87,32.38,除息,0.9850927897779131
2025-05-19,00772B,上櫃,31.76,31.62,除息,0.9955919395465995
2025-05-19,00773B,上櫃,33.55,33.4,除息,0.9955290611028317
2025-05-19,00777B,上櫃,31.06,30.91,除息,0.9951706374758532
2025-05-19,00778B,上櫃,32.5,32.35,除息,0.9953846153846154
2025-05-19,00780B,上櫃,35.54,35.14,除息,0.9887450759707372
2025-05-19,00794B,上櫃,39.73,39.45,除息,0.9929524288950416
2025-05-19,00795B,上櫃,26.24,25.86,除息,0.9855182926829269
2025-05-19,00799B,上櫃,28.79,28.24,除息,0.9808961444946162
2025-05-19,00840B,上櫃,28.39,28.27,除息,0.9957731595632264
2025-05-19,00841B,上櫃,28.22,27.87,除息,0.9875974486180015
2025-05-19,00845B,上櫃,31.12,30.75,除息,0.9881105398457584
2025-05-19,00846B,上櫃,34.05,33.57,除息,0.9859030837004407
2025-05-19,00847B,上櫃,24.57,24.22,除息,0.9857549857549857
2025-05-19,00860B,上櫃,36.68,36.2,除息,0.9869138495092694
2025-05-19,00878,上市,21.26,20.79,息,0.9778927563499529
2025-05-19,00883B,上櫃,28.92,28.79,除息,0.9955048409405255
2025-05-19,00890B,上櫃,30.31,30.16,除息,0.9950511382382052
2025-05-19,00891,上市,16.91,16.5,息,0.9757539917208752
2025-05-19,00894,上市,18.93,18.53,息,0.9788695192815637
2025-05-19,00900,上市,13.52,13.42,息,0.992603550295858
2025-05-19,00932,上市,14.5,14.4,息,0.993103448275862
2025-05-19,00933B,上櫃,15.13,15.05,除息,0.9947124917382684
2025-05-19,00934,上市,18.16,18.13,息,0.9983480176211453
2025-05-19,00937B,上櫃,14.0,13.92,除息,0.9942857142857143
2025-05-19,00944,上市,14.43,14.37,息,0.9958419958419958
2025-05-19,00945B,上市,13.86,13.75,息,0.9920634920634921
2025-05-19,00948B,上櫃,8.85,8.8,除息,0.9943502824858759
2025-05-19,00957B,上櫃,12.84,12.77,除息,0.9945482866043613
2025-05-19,00963,上市,10.07,10.01,息,0.9940417080436941
2025-05-19,00964,上市,9.79,9.75,息,0.9959141981613893
2025-05-20,00731,上市,66.9,66.3,息,0.991031390134529
2025-05-20,00929,上市,17.6,17.53,息,0.9960227272727272
2025-05-20,8440,上櫃,39.4,39.23,除息,0.9956852791878172
2025-05-20,911608,上市,3.07,3.0,息,0.977198697068404
2025-05-21,00758B,上櫃,47.52,46.91,除息,0.9871632996632995
2025-05-21,00759B,上櫃,51.0,50.38,除息,0.987843137254902
2025-05-21,00760B,上櫃,50.6,49.89,除息,0.9859683794466403
2025-05-21,00775B,上市,30.29,29.91,息,0.9874546054803566
2025-05-21,00844B,上櫃,29.75,29.33,除息,0.9858823529411764
2025-05-21,00867B,上櫃,29.93,29.45,除息,0.9839625793518209
2025-05-21,00981B,上櫃,9.13,9.06,除息,0.9923329682365827
2025-05-21,6841,上櫃,75.1,74.08,除息,0.9864181091877497
2025-05-22,00679B,上櫃,25.49,25.17,除息,0.9874460572773638
2025-05-22,00771,上市,15.66,15.44,息,0.9859514687100893
2025-05-22,00786B,上櫃,30.4,29.98,除息,0.9861842105263159
2025-05-22,00850,上市,42.92,42.32,息,0.9860205032618825
2025-05-22,00967B,上櫃,8.67,8.63,除息,0.9953863898500578
2025-05-22,00968B,上櫃,8.69,8.64,除息,0.994246260069045
2025-05-22,3481,上市,14.1,13.1,息,0.9290780141843972
2025-05-22,6461,上櫃,20.0,19.6,除權,0.9800000000000001
2025-05-22,6658,上市,82.5,81.41,息,0.9867878787878788
2025-05-27,00930,上市,17.02,16.95,息,0.9958871915393654
2025-05-27,00958B,上櫃,8.41,8.36,除息,0.9940546967895362
2025-05-27,2332,上市,16.4,16.3,息,0.9939024390243903
2025-05-27,2426,上市,17.0,16.9,息,0.9941176470588234
2025-05-27,3715,上市,44.9,43.4,息,0.9665924276169265
2025-05-27,5234,上市,208.0,203.0,息,0.9759615384615384
2025-05-27,6151,上櫃,31.4,29.9,除息,0.9522292993630573
2025-05-27,6525,上市,71.8,67.6,息,0.9415041782729805
2025-05-27,6570,上櫃,42.55,41.05,除息,0.9647473560517039
2025-05-27,8074,上櫃,21.45,20.45,除息,0.9533799533799534
2025-05-27,8435,上櫃,74.0,69.5,除息,0.9391891891891891
2025-05-28,1215,上市,113.0,108.5,息,0.9601769911504425
2025-05-28,1568,上市,25.5,24.3,息,0.9529411764705883
2025-05-28,1708,上市,36.7,34.7,息,0.9455040871934605
2025-05-28,2467,上市,157.5,152.5,息,0.9682539682539683
2025-05-28,2612,上市,47.45,45.35,息,0.9557428872497366
2025-05-28,4527,上櫃,49.15,45.95,除息,0.9348931841302137
2025-05-28,4995,上櫃,59.8,55.8,除息,0.9331103678929766
2025-05-28,5403,上櫃,129.0,122.5,除息,0.9496124031007752
2025-05-29,6568,上櫃,106.5,104.46,除息,0.9808450704225351
2025-06-02,1598,上市,22.7,22.2,息,0.9779735682819384
2025-06-02,3543,上市,20.5,20.0,息,0.975609756097561
2025-06-02,3596,上市,214.0,206.5,息,0.9649532710280374
2025-06-02,6788,上櫃,225.0,215.0,除息,0.9555555555555556
2025-06-03,00939,上市,13.65,13.61,息,0.997069597069597
2025-06-03,00950B,上櫃,13.25,13.18,除息,0.9947169811320754
2025-06-03,1702,上市,46.35,43.85,息,0.9460625674217907
2025-06-03,2313,上市,60.5,58.1,息,0.9603305785123967
2025-06-03,3231,上市,115.0,111.2,息,0.9669565217391305
2025-06-03,3443,上市,1095.0,1079.0,息,0.9853881278538813
2025-06-03,6712,上櫃,174.5,158.64,除權,0.9091117478510028
2025-06-03,7713,上櫃,61.1,57.73,除息,0.9448445171849427
2025-06-03,8487,上市,81.9,76.7,息,0.9365079365079365
2025-06-03,8924,上櫃,67.4,63.1,除息,0.9362017804154302
2025-06-04,00946,上市,8.71,8.68,息,0.9965556831228471
2025-06-04,00953B,上市,9.3,9.23,息,0.9924731182795699
2025-06-04,00959B,上櫃,8.8,8.75,除息,0.9943181818181818
2025-06-04,00966B,上櫃,13.01,12.97,除息,0.9969254419677172
2025-06-04,1605,上市,20.9,20.36,權息,0.9741626794258373
2025-06-04,2642,上市,26.55,26.05,息,0.9811676082862524
2025-06-04,5309,上櫃,33.95,33.25,除息,0.979381443298969
2025-06-04,6716,上櫃,58.0,54.62,除息,0.9417241379310345
2025-06-05,00970B,上櫃,8.84,8.79,除息,0.9943438914027148
2025-06-05,1323,上市,21.2,20.3,息,0.9575471698113208
2025-06-05,5878,上櫃,44.75,42.45,除息,0.9486033519553073
2025-06-05,6146,上櫃,188.0,177.9,除息,0.9462765957446809
2025-06-05,6861,上市,53.0,51.2,息,0.9660377358490566
2025-06-06,1587,上市,31.75,31.25,息,0.984251968503937
2025-06-06,5609,上櫃,83.3,78.1,除息,0.9375750300120048
2025-06-09,3441,上櫃,32.95,32.2,除息,0.9772382397572079
2025-06-09,6023,上櫃,84.8,80.0,除息,0.9433962264150944
2025-06-09,6951,上市,73.0,69.2,息,0.947945205479452
2025-06-09,7704,上櫃,57.9,55.64,除息,0.9609671848013818
2025-06-10,00940,上市,8.94,8.91,息,0.9966442953020135
2025-06-10,1416,上市,12.75,12.19,息,0.956078431372549
2025-06-10,2636,上市,76.0,73.0,息,0.9605263157894737
2025-06-10,2762,上市,82.3,78.61,息,0.9551640340218712
2025-06-10,3211,上櫃,193.5,181.0,除息,0.9354005167958657
2025-06-10,4722,上市,69.2,67.8,息,0.9797687861271676
2025-06-10,4735,上櫃,37.25,36.85,除息,0.989261744966443
2025-06-10,4939,上櫃,19.6,19.1,除息,0.9744897959183674
2025-06-10,6263,上櫃,154.0,146.1,除息,0.9487012987012987
2025-06-10,6412,上市,122.5,116.5,息,0.9510204081632653
2025-06-10,6597,上櫃,73.4,70.77,除息,0.9641689373297001
2025-06-10,6741,上櫃,80.2,78.46,除息,0.9783042394014961
2025-06-10,6785,上櫃,148.0,147.75,除息,0.9983108108108109
2025-06-10,6881,上櫃,240.0,225.0,除息,0.9375
2025-06-10,6894,上櫃,172.5,165.7,除息,0.9605797101449275
2025-06-10,8422,上市,191.0,181.05,息,0.9479057591623037
2025-06-10,9940,上市,28.0,26.2,息,0.9357142857142857
2025-06-11,1219,上市,15.2,14.7,息,0.9671052631578947
2025-06-11,1232,上市,163.5,156.5,息,0.9571865443425076
2025-06-11,1473,上市,29.85,27.85,息,0.932998324958124
2025-06-11,1733,上市,30.95,29.75,息,0.9612277867528272
2025-06-11,2020,上市,28.05,25.85,息,0.9215686274509804
2025-06-11,2597,上市,183.5,175.8,息,0.9580381471389646
2025-06-11,3015,上市,62.1,59.1,息,0.9516908212560387
2025-06-11,5523,上櫃,30.45,29.95,除息,0.9835796387520526
2025-06-11,6516,上櫃,82.2,79.99,除息,0.9731143552311434
2025-06-11,8463,上市,25.5,24.4,息,0.9568627450980391
2025-06-11,910322,上市,24.55,23.17,息,0.9437881873727088
2025-06-11,9924,上市,49.45,46.35,息,0.9373104145601617
2025-06-12,01010T,上市,10.07,9.97,息,0.9900695134061569
2025-06-12,1515,上市,29.85,28.85,息,0.966499162479062
2025-06-12,1584,上櫃,25.8,25.1,除息,0.9728682170542636
2025-06-12,1760,上市,78.2,76.4,息,0.9769820971867008
2025-06-12,2105,上市,47.1,44.7,息,0.9490445859872612
2025-06-12,2330,上市,1065.0,1060.49,息,0.9957652582159624
2025-06-12,3118,上櫃,34.0,32.2,除息,0.9470588235294118
2025-06-12,3679,上市,144.5,134.5,息,0.9307958477508651
2025-06-12,4951,上櫃,68.8,65.6,除息,0.9534883720930232
2025-06-12,4958,上市,107.0,102.2,息,0.9551401869158879
2025-06-12,6208,上櫃,47.0,45.0,除息,0.9574468085106383
2025-06-12,6423,上市,89.8,88.01,權,0.9800668151447662
2025-06-12,6491,上市,332.5,321.5,息,0.9669172932330827
2025-06-12,6532,上櫃,62.5,59.9,除息,0.9584
2025-06-12,6965,上市,101.5,95.5,息,0.9408866995073891
2025-06-12,6982,上櫃,54.3,52.2,除息,0.9613259668508288
2025-06-12,8438,上市,31.65,30.35,息,0.9589257503949448
2025-06-12,8454,上市,299.0,286.2,息,0.957190635451505
2025-06-13,1773,上市,151.0,123.75,權息,0.8195364238410596
2025-06-13,1776,上市,17.85,17.05,息,0.9551820728291316
2025-06-13,2327,上市,487.0,467.0,息,0.9589322381930184
2025-06-13,2607,上市,33.3,32.0,息,0.9609609609609611
2025-06-13,2608,上市,36.5,34.85,息,0.9547945205479452
2025-06-13,2637,上市,65.5,60.5,息,0.9236641221374046
2025-06-13,3030,上市,132.0,127.0,息,0.9621212121212122
2025-06-13,3105,上櫃,88.0,87.0,除息,0.9886363636363636
2025-06-13,3556,上櫃,39.8,37.72,除息,0.9477386934673367
2025-06-13,4153,上櫃,43.5,41.5,除息,0.9540229885057471
2025-06-13,4538,上櫃,17.95,17.55,除息,0.977715877437326
2025-06-13,4760,上櫃,105.0,101.3,除息,0.9647619047619047
2025-06-13,4994,上市,98.2,93.2,息,0.9490835030549898
2025-06-13,5274,上櫃,4545.0,4493.0,除息,0.9885588558855886
2025-06-13,6026,上櫃,12.7,11.6,除息,0.9133858267716536
2025-06-13,6271,上市,108.5,105.5,息,0.9723502304147466
2025-06-13,6418,上櫃,18.95,17.85,除息,0.9419525065963061
2025-06-13,6739,上櫃,274.0,269.0,除息,0.9817518248175182
2025-06-13,6804,上櫃,24.8,23.8,除息,0.9596774193548387
2025-06-13,6834,上市,32.25,31.75,息,0.9844961240310077
2025-06-13,6952,上市,49.7,47.7,息,0.959758551307847
2025-06-13,8424,上櫃,76.2,71.8,除息,0.942257217847769
2025-06-13,8467,上市,180.5,178.44,息,0.9885872576177285
2025-06-16,00936,上市,14.8,14.77,息,0.9979729729729729
2025-06-16,00942B,上櫃,13.58,13.52,除息,0.9955817378497791
2025-06-16,00980B,上櫃,9.03,8.98,除息,0.9944629014396458
2025-06-16,1582,上市,77.0,71.5,息,0.9285714285714286
2025-06-16,2107,上市,26.2,24.8,息,0.9465648854961832
2025-06-16,2421,上市,104.0,100.28,息,0.9642307692307692
2025-06-16,2832,上市,33.85,31.85,息,0.9409158050221565
2025-06-16,2908,上市,20.9,20.0,息,0.9569377990430623
2025-06-16,3042,上市,98.0,92.8,息,0.946938775510204
2025-06-16,3324,上櫃,705.0,695.0,除息,0.9858156028368794
2025-06-16,3563,上市,576.0,571.0,息,0.9913194444444444
2025-06-16,4133,上市,29.25,28.35,息,0.9692307692307692
2025-06-16,4550,上櫃,28.1,26.1,除息,0.9288256227758007
2025-06-16,4557,上市,110.5,104.0,息,0.9411764705882353
2025-06-16,4935,上市,41.9,39.7,息,0.947494033412888
2025-06-16,6123,上櫃,54.0,50.95,除息,0.9435185185185185
2025-06-16,6242,上櫃,43.1,41.1,除息,0.9535962877030162
2025-06-16,6538,上櫃,108.0,101.0,除息,0.9351851851851852
2025-06-16,6680,上櫃,81.0,77.95,除息,0.9623456790123457
2025-06-16,8016,上市,211.5,199.5,息,0.9432624113475178
2025-06-16,8432,上櫃,50.7,48.58,除息,0.9581854043392504
2025-06-16,9910,上市,121.5,116.4,息,0.9580246913580247
2025-06-17,00687B,上櫃,26.29,25.98,除息,0.9882084442753899
2025-06-17,00730,上市,21.66,21.55,息,0.9949215143120961
2025-06-17,00740B,上櫃,36.04,35.89,除息,0.9958379578246394
2025-06-17,00741B,上櫃,35.37,35.19,除息,0.9949109414758269
2025-06-17,00764B,上櫃,26.38,26.07,除息,0.988248673237301
2025-06-17,00772B,上櫃,31.38,31.24,除息,0.9955385595920968
2025-06-17,00773B,上櫃,33.03,32.89,除息,0.9957614290039358
2025-06-17,00777B,上櫃,30.59,30.44,除息,0.995096436744034
2025-06-17,00778B,上櫃,31.95,31.81,除息,0.9956181533646322
2025-06-17,00779B,上櫃,26.62,26.34,除息,0.9894815927873779
2025-06-17,00781B,上櫃,27.93,27.43,除息,0.9820981023988543
2025-06-17,00792B,上櫃,29.73,29.3,除息,0.9855364951227716
2025-06-17,00793B,上櫃,28.74,28.38,除息,0.9874739039665971
2025-06-17,00840B,上櫃,27.99,27.87,除息,0.9957127545551984
2025-06-17,00853B,上櫃,25.91,25.64,除息,0.9895793130065612
2025-06-17,00859B,上櫃,39.15,38.8,除息,0.9910600255427842
2025-06-17,00862B,上櫃,29.77,29.4,除息,0.987571380584481
2025-06-17,00863B,上櫃,30.27,29.82,除息,0.9851337958374629
2025-06-17,00883B,上櫃,28.72,28.6,除息,0.9958217270194987
2025-06-17,00890B,上櫃,30.34,30.2,除息,0.995385629531971
2025-06-17,00896,上市,15.74,15.34,息,0.974587039390089
2025-06-17,00900,上市,13.18,13.08,息,0.992412746585736
2025-06-17,00915,上市,22.84,22.63,息,0.9908056042031523
2025-06-17,00916,上市,22.81,22.56,息,0.9890398947829899
2025-06-17,00919,上市,22.49,21.77,息,0.9679857714539796
2025-06-17,00921,上市,16.89,16.77,息,0.9928952042628774
2025-06-17,00933B,上櫃,14.91,14.83,除息,0.994634473507713
2025-06-17,00934,上市,17.97,17.94,息,0.9983305509181971
2025-06-17,00937B,上櫃,13.94,13.86,除息,0.994261119081779
2025-06-17,00945B,上市,13.56,13.46,息,0.9926253687315635
2025-06-17,00948B,上櫃,8.85,8.8,除息,0.9943502824858759
2025-06-17,00952,上市,9.41,9.39,息,0.997874601487779
2025-06-17,00957B,上櫃,12.77,12.7,除息,0.9945184025058731
2025-06-17,00963,上市,10.03,9.97,息,0.9940179461615156
2025-06-17,00964,上市,10.04,9.99,息,0.9950199203187252
2025-06-17,00972,上市,14.72,14.67,息,0.9966032608695652
2025-06-17,1423,上市,38.3,37.5,息,0.9791122715404701
2025-06-17,1593,上櫃,29.55,27.95,除息,0.9458544839255498
2025-06-17,2106,上市,23.95,22.85,息,0.954070981210856
2025-06-17,2115,上市,29.2,27.7,息,0.9486301369863014
2025-06-17,2302,上市,16.45,15.87,息,0.964741641337386
2025-06-17,2308,上市,400.5,393.5,息,0.982521847690387
2025-06-17,2385,上市,153.0,143.0,息,0.934640522875817
2025-06-17,2545,上市,51.7,46.0,權息,0.8897485493230174
2025-06-17,2816,上市,26.4,24.9,息,0.9431818181818182
2025-06-17,2926,上櫃,46.0,45.8,除息,0.9956521739130434
2025-06-17,3035,上市,179.5,176.5,息,0.9832869080779945
2025-06-17,3680,上櫃,359.5,354.4,除息,0.9858136300417245
2025-06-17,4938,上市,83.0,78.49,息,0.9456626506024096
2025-06-17,4945,上櫃,80.0,77.2,除息,0.9650000000000001
2025-06-17,4974,上櫃,91.8,86.35,除息,0.940631808278867
2025-06-17,5519,上市,34.25,31.25,息,0.9124087591240876
2025-06-17,5902,上櫃,46.75,45.1,除息,0.9647058823529412
2025-06-17,6005,上市,22.1,20.6,息,0.9321266968325792
2025-06-17,6147,上櫃,61.0,57.25,除息,0.9385245901639344
2025-06-17,6154,上櫃,15.15,14.55,除息,0.9603960396039605
2025-06-17,6561,上櫃,434.5,422.0,除息,0.9712313003452244
2025-06-17,6640,上櫃,594.0,579.0,除息,0.9747474747474747
2025-06-17,8011,上市,22.0,20.6,息,0.9363636363636364
2025-06-17,8416,上櫃,170.0,162.0,除息,0.9529411764705882
2025-06-18,00710B,上市,18.07,17.75,息,0.9822910902047592
2025-06-18,00711B,上市,14.6,14.41,息,0.9869863013698631
2025-06-18,00712,上市,8.41,8.18,息,0.9726516052318668
2025-06-18,00929,上市,17.67,17.6,息,0.9960384833050367
2025-06-18,2459,上市,64.9,60.9,息,0.9383667180277349
2025-06-18,2480,上市,156.5,149.07,息,0.9525239616613418
2025-06-18,2606,上市,58.3,55.1,息,0.9451114922813036
2025-06-18,3168,上市,50.1,47.06,息,0.9393213572854292
2025-06-18,5340,上櫃,43.0,42.8,除息,0.9953488372093022
2025-06-18,6024,上市,50.3,47.47,息,0.9437375745526839
2025-06-18,6530,上櫃,52.6,51.05,除息,0.9705323193916349
2025-06-18,6531,上市,310.5,303.5,息,0.9774557165861514
2025-06-18,6762,上櫃,270.0,234.52,除權息,0.8685925925925926
2025-06-18,8028,上市,148.0,145.8,息,0.9851351351351352
2025-06-18,8162,上市,38.8,37.8,息,0.9742268041237113
2025-06-19,00728,上市,31.03,30.25,息,0.9748630357718336
2025-06-19,00918,上市,22.59,21.89,息,0.969012837538734
2025-06-19,00981B,上櫃,8.9,8.83,除息,0.9921348314606742
2025-06-19,1504,上市,52.6,50.4,息,0.9581749049429658
2025-06-19,1711,上市,16.7,16.4,息,0.9820359281437125
2025-06-19,1735,上市,17.0,16.2,息,0.9529411764705882
2025-06-19,1904,上市,17.5,17.05,息,0.9742857142857143
2025-06-19,2031,上市,41.75,39.25,息,0.9401197604790419
2025-06-19,2353,上市,35.2,33.5,息,0.9517045454545454
2025-06-19,2423,上市,44.2,42.2,息,0.9547511312217195
2025-06-19,2450,上市,31.2,29.55,息,0.9471153846153847
2025-06-19,2506,上市,10.4,10.0,息,0.9615384615384615
2025-06-19,2603,上市,246.5,214.0,息,0.8681541582150102
2025-06-19,3094,上市,25.9,25.73,息,0.9934362934362935
2025-06-19,3150,上市,23.15,22.15,息,0.9568034557235421
2025-06-19,3311,上市,38.0,35.28,權,0.9284210526315789
2025-06-19,3597,上櫃,25.6,24.75,除息,0.966796875
2025-06-19,4766,上市,338.0,319.0,息,0.9437869822485208
2025-06-19,4915,上市,79.0,74.79,息,0.9467088607594938
2025-06-19,5443,上櫃,85.7,83.7,除息,0.9766627771295215
2025-06-19,6204,上櫃,63.7,63.4,除息,0.9952904238618524
2025-06-19,6266,上櫃,34.35,30.74,除權息,0.8949053857350799
2025-06-19,6438,上市,169.0,166.16,息,0.9831952662721893
2025-06-19,6494,上櫃,39.6,37.24,除息,0.9404040404040405
2025-06-19,6498,上櫃,127.0,124.36,除息,0.9792125984251968
2025-06-19,6548,上櫃,32.25,31.79,除息,0.9857364341085271
2025-06-19,6625,上市,91.7,87.7,息,0.9563794983642312
2025-06-19,8070,上市,42.35,40.35,息,0.9527744982290437
2025-06-19,8996,上市,267.5,263.47,息,0.9849345794392524
2025-06-20,00697B,上櫃,33.41,33.11,除息,0.9910206524992518
2025-06-20,00713,上市,51.65,50.55,息,0.9787028073572119
2025-06-20,00751B,上櫃,30.15,29.74,除息,0.9864013266998342
2025-06-20,00787B,上櫃,30.29,29.87,除息,0.9861340376361836
2025-06-20,00967B,上櫃,8.62,8.58,除息,0.9953596287703017
2025-06-20,00968B,上櫃,8.7,8.65,除息,0.9942528735632186
2025-06-20,1319,上市,109.0,103.7,息,0.9513761467889909
2025-06-20,2069,上市,15.75,14.85,息,0.9428571428571428
2025-06-20,2360,上市,362.0,353.0,息,0.9751381215469613
2025-06-20,2388,上市,62.8,62.6,息,0.9968152866242039
2025-06-20,2455,上市,121.0,117.78,息,0.9733884297520661
2025-06-20,2643,上櫃,75.4,70.9,除息,0.9403183023872679
2025-06-20,3413,上市,302.5,288.07,息,0.952297520661157
2025-06-20,5601,上櫃,38.05,37.7,除息,0.9908015768725363
2025-06-20,6167,上櫃,13.9,13.7,除息,0.9856115107913669
2025-06-20,6176,上市,150.0,139.39,息,0.9292666666666666
2025-06-20,6472,上市,796.0,782.0,息,0.9824120603015075
2025-06-20,6792,上市,55.5,53.0,息,0.954954954954955
2025-06-20,6903,上櫃,117.0,109.0,除息,0.9316239316239316
2025-06-20,7703,上櫃,140.0,134.5,除息,0.9607142857142857
2025-06-20,8111,上櫃,52.4,51.5,除息,0.982824427480916
2025-06-20,8163,上市,37.2,35.2,息,0.946236559139785
2025-06-23,1259,上櫃,55.2,54.0,除息,0.9782608695652173
2025-06-23,1707,上市,128.0,123.8,息,0.9671875
2025-06-23,1788,上櫃,143.5,136.5,除息,0.9512195121951219
2025-06-23,2347,上市,71.1,67.1,息,0.9437412095639943
2025-06-23,2723,上市,85.1,82.1,息,0.9647473560517039
2025-06-23,2753,上市,177.5,171.49,息,0.9661408450704226
2025-06-23,3010,上市,98.6,93.3,息,0.9462474645030426
2025-06-23,3026,上市,83.7,78.2,息,0.9342891278375149
2025-06-23,3388,上櫃,64.4,60.9,除息,0.9456521739130433
2025-06-23,3450,上市,214.5,214.0,息,0.9976689976689976
2025-06-23,5213,上櫃,30.8,29.53,除息,0.9587662337662338
2025-06-23,6449,上市,106.0,102.51,息,0.9670754716981133
2025-06-23,6679,上櫃,205.5,196.33,除息,0.9553771289537714
2025-06-23,6768,上市,106.0,99.82,息,0.9416981132075471
2025-06-23,7715,上櫃,43.05,40.06,除息,0.9305458768873404
2025-06-23,8049,上櫃,29.0,27.0,除息,0.9310344827586207
2025-06-23,9931,上市,36.0,34.2,息,0.9500000000000001
2025-06-23,9934,上市,9.95,9.6,息,0.9648241206030151
2025-06-24,00836B,上櫃,27.15,26.85,除息,0.9889502762430941
2025-06-24,00856B,上櫃,35.76,35.33,除息,0.9879753914988815
2025-06-24,00857B,上櫃,22.05,21.77,除息,0.9873015873015872
2025-06-24,00907,上市,14.6,14.58,息,0.9986301369863014
2025-06-24,00958B,上櫃,8.58,8.54,除息,0.9953379953379953
2025-06-24,2114,上市,92.3,87.3,息,0.9458288190682557
2025-06-24,2303,上市,47.0,44.14,息,0.9391489361702128
2025-06-24,2362,上市,46.0,43.47,息,0.945
2025-06-24,2368,上市,269.5,263.5,息,0.9777365491651205
2025-06-24,2387,上市,50.4,46.4,息,0.9206349206349206
2025-06-24,2504,上市,43.85,41.05,息,0.9361459521094639
2025-06-24,2615,上市,97.3,93.8,息,0.9640287769784173
2025-06-24,2903,上市,22.25,20.9,息,0.9393258426966291
2025-06-24,3019,上市,135.0,131.0,息,0.9703703703703703
2025-06-24,3138,上市,83.6,81.04,息,0.9693779904306221
2025-06-24,3163,上櫃,178.0,175.0,除息,0.9831460674157303
2025-06-24,3169,上櫃,82.6,79.6,除息,0.9636803874092009
2025-06-24,3264,上櫃,76.1,72.1,除息,0.9474375821287779
2025-06-24,3374,上櫃,139.0,136.5,除息,0.9820143884892086
2025-06-24,3447,上市,45.3,44.5,息,0.9823399558498896
2025-06-24,3705,上市,62.0,59.0,息,0.9516129032258065
2025-06-24,3709,上櫃,35.95,34.95,除息,0.972183588317107
2025-06-24,4535,上櫃,30.65,29.05,除息,0.9477977161500817
2025-06-24,4545,上市,32.5,30.85,息,0.9492307692307693
2025-06-24,4571,上市,168.5,163.32,息,0.9692581602373886
2025-06-24,6184,上市,53.8,50.6,息,0.9405204460966543
2025-06-24,6214,上市,109.0,103.8,息,0.9522935779816514
2025-06-24,6558,上市,45.0,44.7,息,0.9933333333333334
2025-06-24,6577,上櫃,88.6,82.6,除息,0.9322799097065463
2025-06-24,6669,上市,2550.0,2476.0,息,0.9709803921568627
2025-06-24,6693,上櫃,58.6,56.6,除息,0.9658703071672355
2025-06-24,9917,上市,118.5,113.3,息,0.9561181434599156
2025-06-25,1104,上市,29.65,27.95,息,0.9426644182124789
2025-06-25,2397,上市,66.0,62.6,息,0.9484848484848485
2025-06-25,3349,上櫃,15.2,15.11,除權,0.9940789473684211
2025-06-25,3455,上櫃,93.5,89.0,除息,0.9518716577540107
2025-06-25,3714,上市,36.4,35.5,息,0.9752747252747254
2025-06-25,4175,上櫃,63.5,61.9,除息,0.9748031496062992
2025-06-25,4739,上市,45.15,44.2,息,0.9789590254706535
2025-06-25,4952,上市,42.0,39.75,息,0.9464285714285714
2025-06-25,6125,上櫃,67.9,67.2,除息,0.9896907216494845
2025-06-25,6205,上市,46.9,45.27,息,0.9652452025586354
2025-06-25,6425,上櫃,45.6,44.6,除息,0.9780701754385965
2025-06-25,6505,上市,36.75,35.95,息,0.9782312925170069
2025-06-25,6546,上櫃,89.2,85.7,除息,0.9607623318385651
2025-06-25,8112,上市,51.2,47.84,息,0.9343750000000001
2025-06-25,8112A,上市,44.15,42.12,息,0.9540203850509626
2025-06-25,8227,上櫃,150.0,148.4,除息,0.9893333333333334
2025-06-25,8341,上市,76.3,72.5,息,0.9501965923984272
2025-06-25,9944,上市,16.85,16.55,息,0.9821958456973293
2025-06-26,1213,上市,13.0,12.65,息,0.9730769230769231
2025-06-26,1218,上市,21.65,20.3,息,0.9376443418013858
2025-06-26,1313,上市,7.78,7.63,息,0.980719794344473
2025-06-26,1525,上市,64.0,60.9,息,0.9515625
2025-06-26,2329,上市,41.95,40.95,息,0.9761620977353993
2025-06-26,2357,上市,700.0,666.0,息,0.9514285714285714
2025-06-26,2436,上市,50.4,48.9,息,0.9702380952380952
2025-06-26,2478,上市,43.15,41.33,息,0.9578215527230591
2025-06-26,2486,上市,80.3,79.79,息,0.9936488169364883
2025-06-26,2941,上櫃,56.8,53.6,除息,0.943661971830986
2025-06-26,2949,上櫃,84.5,83.5,除息,0.9881656804733728
2025-06-26,3005,上市,120.5,114.51,息,0.9502904564315353
2025-06-26,3515,上市,244.0,238.69,息,0.9782377049180327
2025-06-26,3529,上櫃,2430.0,2408.0,除息,0.9909465020576131
2025-06-26,3557,上市,50.9,46.09,權息,0.9055009823182713
2025-06-26,4164,上市,47.3,45.94,息,0.9712473572938689
2025-06-26,4747,上櫃,63.4,61.65,除息,0.972397476340694
2025-06-26,5016,上櫃,26.7,25.5,除息,0.9550561797752809
2025-06-26,5209,上櫃,125.5,114.17,除息,0.9097211155378486
2025-06-26,5312,上櫃,150.5,143.0,除息,0.9501661129568106
2025-06-26,5522,上市,64.8,62.7,息,0.9675925925925927
2025-06-26,5533,上市,17.75,16.75,息,0.9436619718309859
2025-06-26,6134,上櫃,19.8,19.6,除息,0.98989898989899
2025-06-26,6195,上櫃,29.6,28.1,除息,0.9493243243243243
2025-06-26,6288,上市,19.95,19.65,息,0.9849624060150376
2025-06-26,6579,上市,127.0,121.85,息,0.9594488188976378
2025-06-26,6592,上市,71.5,68.5,息,0.958041958041958
2025-06-26,6592A,上市,96.8,92.6,息,0.9566115702479339
2025-06-26,6592B,上市,97.9,93.4,息,0.9540347293156282
2025-06-26,6771,上市,59.9,56.4,息,0.9415692821368948
2025-06-26,6890,上市,300.0,291.0,息,0.97
2025-06-26,6924,上市,73.8,68.3,息,0.9254742547425474
2025-06-26,7709,上櫃,42.7,40.4,除息,0.946135831381733
2025-06-26,7728,上櫃,278.5,271.47,除息,0.97475763016158
2025-06-26,8155,上櫃,124.0,120.2,除息,0.9693548387096774
2025-06-26,8210,上市,505.0,497.5,息,0.9851485148514851
2025-06-26,8279,上櫃,133.5,128.5,除息,0.9625468164794008
2025-06-26,8415,上櫃,34.1,32.6,除息,0.9560117302052786
2025-06-27,1521,上市,26.15,25.15,息,0.9617590822179732
2025-06-27,2032,上市,14.15,13.77,息,0.9731448763250883
2025-06-27,2328,上市,41.3,40.2,息,0.9733656174334142
2025-06-27,2641,上櫃,19.95,19.46,除息,0.9754385964912281
2025-06-27,2850,上市,103.0,95.85,息,0.9305825242718446
2025-06-27,2851,上市,25.3,23.4,息,0.9249011857707509
2025-06-27,2916,上櫃,49.5,45.9,除息,0.9272727272727272
2025-06-27,3040,上市,63.5,62.5,息,0.984251968503937
2025-06-27,3213,上櫃,104.5,98.5,除息,0.9425837320574163
2025-06-27,3580,上櫃,71.0,68.0,除息,0.9577464788732394
2025-06-27,3669,上市,33.9,32.2,息,0.9498525073746313
2025-06-27,4555,上市,36.0,35.5,息,0.9861111111111112
2025-06-27,4755,上市,115.5,112.0,息,0.9696969696969697
2025-06-27,5009,上櫃,38.8,36.2,除息,0.9329896907216496
2025-06-27,6414,上市,304.5,292.3,息,0.9599343185550082
2025-06-27,6477,上市,29.55,29.25,息,0.9898477157360406
2025-06-27,6613,上櫃,169.0,160.0,除息,0.9467455621301775
2025-06-27,6615,上櫃,34.15,33.85,除息,0.9912152269399708
2025-06-27,6667,上櫃,221.5,212.95,除息,0.9613995485327314
2025-06-27,6672,上市,74.7,71.35,息,0.9551539491298526
2025-06-27,6789,上市,230.0,227.0,息,0.9869565217391304
2025-06-27,7631,上市,119.5,118.3,息,0.9899581589958159
2025-06-27,8088,上櫃,34.8,34.3,除息,0.985632183908046
2025-06-27,8114,上市,296.0,288.23,息,0.9737500000000001
2025-06-27,8150,上市,27.9,26.67,息,0.9559139784946238
2025-06-27,8240,上櫃,31.55,29.95,除息,0.9492868462757528
2025-06-27,8349,上櫃,53.1,51.1,除息,0.9623352165725048
2025-06-27,8349A,上櫃,49.0,47.1,除息,0.9612244897959183
2025-06-30,1234,上市,42.1,40.2,息,0.9548693586698338
2025-06-30,1731,上市,23.2,22.0,息,0.9482758620689655
2025-06-30,1817,上市,42.7,40.3,息,0.9437939110070256
2025-06-30,2382,上市,285.5,272.5,息,0.9544658493870403
2025-06-30,2820,上市,15.6,14.82,息,0.9500000000000001
2025-06-30,2882,上市,67.9,64.4,息,0.9484536082474226
2025-06-30,2882A,上市,62.4,59.87,息,0.9594551282051282
2025-06-30,2882B,上市,61.2,59.07,息,0.9651960784313726
2025-06-30,2883,上市,16.1,15.24,息,0.946583850931677
2025-06-30,2883B,上市,7.75,7.39,息,0.9535483870967741
2025-06-30,3036,上市,133.5,127.5,息,0.9550561797752809
2025-06-30,3036A,上市,51.4,49.4,息,0.9610894941634242
2025-06-30,3265,上櫃,100.5,95.9,除息,0.954228855721393
2025-06-30,3416,上市,138.5,133.0,息,0.9602888086642599
2025-06-30,3583,上市,354.0,349.5,息,0.9872881355932204
2025-06-30,3684,上櫃,42.95,40.65,除息,0.9464493597206053
2025-06-30,4116,上櫃,41.75,40.1,除息,0.9604790419161677
2025-06-30,5306,上市,94.4,93.53,息,0.9907838983050847
2025-06-30,6585,上市,120.0,112.07,息,0.9339166666666666
2025-06-30,6655,上市,127.0,124.0,息,0.9763779527559056
2025-06-30,6761,上櫃,97.0,91.37,除息,0.941958762886598
2025-06-30,7718,上櫃,50.1,46.6,除息,0.9301397205588823
2025-06-30,7736,上市,103.5,99.98,息,0.9659903381642513
2025-06-30,8034,上櫃,19.0,18.2,除息,0.9578947368421052
2025-06-30,8081,上市,237.0,221.0,息,0.9324894514767933
2025-06-30,8342,上櫃,81.5,76.5,除息,0.9386503067484663
2025-06-30,8462,上市,129.5,125.29,息,0.9674903474903476
2025-06-30,8476,上市,22.45,21.42,息,0.9541202672605792
2025-07-01,00939,上市,13.74,13.67,息,0.99490538573508
2025-07-01,1326,上市,22.9,22.4,息,0.9781659388646288
2025-07-01,1725,上市,30.25,29.0,息,0.9586776859504132
2025-07-01,2030,上市,15.0,14.28,息,0.952
2025-07-01,2103,上市,17.95,17.32,息,0.9649025069637883
2025-07-01,2230,上櫃,124.0,102.5,除權息,0.8266129032258065
2025-07-01,2312,上市,20.25,19.65,息,0.9703703703703703
2025-07-01,2881,上市,87.3,83.05,息,0.9513172966781214
2025-07-01,2881A,上市,64.5,61.75,息,0.9573643410852714
2025-07-01,2881B,上市,62.6,60.44,息,0.9654952076677316
2025-07-01,2881C,上市,53.0,51.2,息,0.9660377358490566
2025-07-01,2885,上市,34.15,32.6,息,0.9546120058565154
2025-07-01,4119,上市,64.7,63.2,息,0.9768160741885626
2025-07-01,4961,上市,218.5,205.63,息,0.9410983981693364
2025-07-01,5230,上櫃,20.8,20.29,除息,0.9754807692307692
2025-07-01,5285,上市,48.05,46.05,息,0.9583766909469302
2025-07-01,5315,上櫃,22.65,21.15,除息,0.9337748344370861
2025-07-01,5434,上市,274.5,262.51,息,0.9563205828779598
2025-07-01,5474,上櫃,165.5,161.5,除息,0.9758308157099698
2025-07-01,5876,上市,46.4,44.6,息,0.9612068965517242
2025-07-01,6292,上櫃,52.8,48.8,除息,0.9242424242424242
2025-07-01,6469,上櫃,150.5,147.2,除息,0.9780730897009966
2025-07-01,6643,上櫃,525.0,523.0,除息,0.9961904761904762
2025-07-01,6754,上市,63.0,59.0,息,0.9365079365079365
2025-07-01,6856,上櫃,56.1,52.7,除息,0.9393939393939394
2025-07-01,6913,上櫃,135.0,126.62,除權息,0.9379259259259259
2025-07-01,8048,上櫃,40.6,38.4,除息,0.9458128078817734
2025-07-01,8299,上櫃,503.0,491.04,除息,0.9762226640159046
2025-07-01,8926,上市,44.65,42.55,息,0.9529675251959686
2025-07-01,8941,上櫃,57.5,56.0,除息,0.9739130434782609
2025-07-02,00950B,上櫃,13.29,13.22,除息,0.9947328818660648
2025-07-02,00966B,上櫃,13.16,13.1,除息,0.9954407294832827
2025-07-02,1101,上市,26.15,25.15,息,0.9617590822179732
2025-07-02,1101B,上市,48.4,46.37,息,0.9580578512396694
2025-07-02,1530,上市,30.45,28.91,息,0.9494252873563218
2025-07-02,1810,上市,14.95,14.76,息,0.9872909698996656
2025-07-02,2207,上市,584.0,564.0,息,0.9657534246575342
2025-07-02,2317,上市,165.5,159.7,息,0.9649546827794562
2025-07-02,2354,上市,65.0,63.6,息,0.9784615384615385
2025-07-02,2611,上市,20.1,18.46,息,0.918407960199005
2025-07-02,3093,上櫃,27.65,26.57,除息,0.9609403254972876
2025-07-02,3338,上市,52.7,50.68,息,0.9616698292220113
2025-07-02,3711,上市,145.5,140.2,息,0.9635738831615119
2025-07-02,4706,上櫃,28.15,27.45,除息,0.9751332149200711
2025-07-02,4977,上市,90.8,88.54,息,0.9751101321585904
2025-07-02,5356,上櫃,29.3,27.0,除息,0.9215017064846416
2025-07-02,6121,上櫃,374.5,363.1,除息,0.9695594125500668
2025-07-02,6174,上櫃,19.65,19.25,除息,0.9796437659033079
2025-07-02,6285,上市,119.0,114.19,息,0.9595798319327731
2025-07-02,6542,上櫃,55.8,53.97,除息,0.9672043010752689
2025-07-02,6807,上市,72.9,68.4,息,0.9382716049382717
2025-07-02,6862,上市,141.5,135.5,息,0.9575971731448764
2025-07-02,6870,上櫃,233.0,228.7,除息,0.9815450643776824
2025-07-02,6988,上市,18.0,17.55,息,0.9750000000000001
2025-07-02,8440,上櫃,35.9,31.22,除權,0.8696378830083565
2025-07-02,8482,上市,63.0,58.64,息,0.9307936507936508
2025-07-02,8917,上櫃,61.9,59.7,除息,0.9644588045234249
2025-07-02,8921,上櫃,17.95,17.73,除息,0.9877437325905293
2025-07-02,9935,上市,23.75,21.95,息,0.9242105263157895
2025-07-02,9939,上市,157.5,151.3,息,0.9606349206349207
2025-07-03,00946,上市,9.11,9.08,息,0.9967069154774973
2025-07-03,00953B,上市,9.09,9.02,息,0.9922992299229922
2025-07-03,00959B,上櫃,8.82,8.77,除息,0.9943310657596371
2025-07-03,1452,上市,11.7,11.2,息,0.9572649572649573
2025-07-03,1475,上市,44.45,40.85,息,0.9190101237345332
2025-07-03,1730,上市,56.8,53.8,息,0.9471830985915493
2025-07-03,1752,上市,36.65,35.05,息,0.9563437926330149
2025-07-03,1789,上市,17.3,16.95,息,0.9797687861271676
2025-07-03,1806,上市,11.9,10.9,息,0.9159663865546218
2025-07-03,1906,上市,12.25,12.15,息,0.9918367346938776
2025-07-03,2405,上市,15.8,15.63,息,0.989240506329114
2025-07-03,2412,上市,134.5,129.5,息,0.9628252788104089
2025-07-03,2415,上市,24.05,22.85,息,0.9501039501039501
2025-07-03,2432,上市,29.3,27.6,息,0.9419795221843004
2025-07-03,2433,上市,51.0,48.0,息,0.9411764705882353
2025-07-03,2454,上市,1295.0,1269.99,息,0.9806872586872587
2025-07-03,2464,上市,58.1,57.75,息,0.9939759036144578
2025-07-03,2474,上市,216.5,208.17,息,0.9615242494226327
2025-07-03,2534,上市,25.05,24.05,息,0.9600798403193613
2025-07-03,2727,上市,243.5,228.9,息,0.940041067761807
2025-07-03,3046,上市,49.35,46.65,息,0.945288753799392
2025-07-03,3090,上市,79.4,75.2,息,0.947103274559194
2025-07-03,3189,上市,84.0,82.99,息,0.9879761904761905
2025-07-03,3217,上櫃,161.0,152.19,除息,0.9452795031055901
2025-07-03,3311,上市,31.45,31.15,息,0.9904610492845787
2025-07-03,3479,上櫃,99.7,94.5,除息,0.9478435305917753
2025-07-03,3490,上櫃,21.15,20.15,除息,0.9527186761229315
2025-07-03,3570,上櫃,214.0,205.0,除息,0.9579439252336449
2025-07-03,3591,上市,18.2,17.46,息,0.9593406593406594
2025-07-03,3592,上市,367.0,344.8,息,0.9395095367847411
2025-07-03,3708,上市,72.7,70.35,息,0.9676753782668499
2025-07-03,4126,上櫃,95.6,90.6,除息,0.9476987447698745
2025-07-03,4137,上市,121.5,111.5,息,0.9176954732510288
2025-07-03,4413,上櫃,19.55,19.35,除息,0.989769820971867
2025-07-03,4417,上櫃,47.4,44.6,除息,0.9409282700421941
2025-07-03,4906,上市,26.1,24.59,息,0.9421455938697317
2025-07-03,5213,上櫃,29.25,29.14,除權,0.9962393162393163
2025-07-03,5236,上櫃,137.0,125.91,除權息,0.919051094890511
2025-07-03,5353,上櫃,26.8,25.5,除息,0.9514925373134329
2025-07-03,5490,上櫃,26.85,26.5,除息,0.9869646182495344
2025-07-03,5515,上市,27.3,25.15,息,0.9212454212454212
2025-07-03,6185,上櫃,15.25,14.95,除息,0.9803278688524589
2025-07-03,6213,上市,87.8,86.0,息,0.979498861047836
2025-07-03,6219,上櫃,22.25,21.55,除息,0.9685393258426966
2025-07-03,6270,上櫃,22.3,21.3,除息,0.9551569506726457
2025-07-03,6470,上櫃,50.1,47.6,除息,0.9500998003992016
2025-07-03,6523,上櫃,134.0,132.0,除息,0.9850746268656716
2025-07-03,6526,上市,548.0,535.5,息,0.9771897810218978
2025-07-03,6569,上櫃,118.5,114.54,除息,0.9665822784810127
2025-07-03,6690,上櫃,179.0,173.0,除息,0.9664804469273743
2025-07-03,6751,上櫃,43.45,42.45,除息,0.9769850402761795
2025-07-03,6776,上市,61.1,58.1,息,0.9509001636661211
2025-07-03,6803,上櫃,300.5,285.26,除息,0.9492845257903494
2025-07-03,6811,上櫃,246.0,236.5,除息,0.9613821138211383
2025-07-03,6844,上櫃,100.5,95.4,除息,0.9492537313432836
2025-07-03,6957,上市,179.5,166.33,息,0.9266295264623956
2025-07-03,7556,上櫃,174.0,162.67,除權息,0.9348850574712643
2025-07-03,8021,上市,46.75,45.54,息,0.9741176470588235
2025-07-03,8045,上市,66.9,64.93,息,0.9705530642750374
2025-07-03,8046,上市,114.0,113.0,息,0.9912280701754386
2025-07-03,8064,上櫃,39.3,38.7,除息,0.9847328244274811
2025-07-03,8284,上櫃,70.0,66.0,除息,0.9428571428571428
2025-07-03,910861,上市,5.78,5.66,息,0.9792387543252595
2025-07-03,9904,上市,35.05,33.35,息,0.9514978601997148
2025-07-04,00970B,上櫃,8.77,8.72,除息,0.9942987457240594
2025-07-04,2231,上市,70.6,68.52,息,0.9705382436260623
2025-07-04,2947,上櫃,98.1,89.18,除權,0.9090723751274211
2025-07-04,3704,上市,27.8,27.5,息,0.9892086330935251
2025-07-04,4102,上櫃,23.3,22.15,除息,0.9506437768240342
2025-07-04,4155,上市,16.85,16.55,息,0.9821958456973293
2025-07-04,4772,上櫃,224.5,222.5,除息,0.9910913140311804
2025-07-04,5015,上櫃,36.65,34.35,除息,0.9372442019099592
2025-07-04,5347,上櫃,103.5,99.0,除息,0.9565217391304348
2025-07-04,5536,上櫃,414.5,404.5,除息,0.9758745476477684
2025-07-04,5864,上櫃,13.35,11.99,除權息,0.89812734082397
2025-07-04,6113,上櫃,25.9,25.4,除息,0.9806949806949807
2025-07-04,6115,上市,53.0,49.8,息,0.9396226415094339
2025-07-04,6136,上市,24.35,23.2,息,0.9527720739219712
2025-07-04,8072,上市,47.7,46.7,息,0.9790356394129979
2025-07-07,2373,上市,61.0,57.3,息,0.9393442622950819
2025-07-07,2417,上市,36.6,36.39,息,0.9942622950819672
2025-07-07,2904,上市,18.6,17.6,息,0.946236559139785
2025-07-07,3310,上櫃,81.0,78.11,除息,0.964320987654321
2025-07-07,3512,上櫃,25.15,23.95,除息,0.9522862823061631
2025-07-07,3551,上櫃,163.5,160.1,除息,0.9792048929663608
2025-07-07,4120,上櫃,56.4,55.4,除息,0.9822695035460993
2025-07-07,5706,上市,63.1,57.47,權息,0.9107765451664025
2025-07-07,6233,上櫃,20.8,20.44,除息,0.9826923076923078
2025-07-07,6237,上櫃,38.9,38.65,除息,0.993573264781491
2025-07-07,6515,上市,1305.0,1280.0,息,0.9808429118773946
2025-07-07,6641,上市,22.9,21.9,息,0.9563318777292577
2025-07-07,6670,上市,309.5,289.85,息,0.9365105008077546
2025-07-07,6683,上櫃,338.5,328.5,除息,0.9704579025110783
2025-07-07,7402,上櫃,82.8,81.0,除息,0.9782608695652174
2025-07-07,8443,上市,12.05,11.85,息,0.983402489626556
2025-07-07,8481,上市,45.05,42.5,息,0.9433962264150944
2025-07-07,9943,上市,79.0,74.2,息,0.9392405063291139
2025-07-08,1325,上市,29.85,29.55,息,0.9899497487437185
2025-07-08,1583,上市,55.2,52.17,息,0.9451086956521739
2025-07-08,2228,上市,95.3,86.3,息,0.9055613850996852
2025-07-08,2365,上市,34.55,33.95,息,0.9826338639652679
2025-07-08,2371,上市,39.85,36.74,息,0.9219573400250941
2025-07-08,2425,上市,34.3,34.15,息,0.9956268221574345
2025-07-08,2451,上市,111.0,104.91,息,0.9451351351351351
2025-07-08,2461,上市,16.75,15.93,息,0.951044776119403
2025-07-08,2482,上市,19.05,18.44,息,0.967979002624672
2025-07-08,2855,上市,22.6,19.54,權息,0.8646017699115043
2025-07-08,2887E,上市,50.4,47.96,息,0.9515873015873016
2025-07-08,2887F,上市,45.8,43.9,息,0.9585152838427948
2025-07-08,2887Z1,上市,15.7,15.04,息,0.9579617834394905
2025-07-08,2888A,上市,37.25,35.54,息,0.9540939597315437
2025-07-08,2888B,上市,37.4,35.6,息,0.9518716577540107
2025-07-08,3014,上市,137.0,128.0,息,0.9343065693430657
2025-07-08,3354,上櫃,16.55,16.35,除息,0.9879154078549849
2025-07-08,3532,上市,77.3,75.5,息,0.9767141009055628
2025-07-08,4541,上櫃,43.65,42.9,除息,0.9828178694158075
2025-07-08,5511,上櫃,61.7,57.9,除息,0.9384116693679092
2025-07-08,5538,上市,30.3,28.8,息,0.9504950495049505
2025-07-08,6196,上市,185.5,179.59,息,0.9681401617250674
2025-07-08,6215,上市,94.2,92.7,息,0.9840764331210191
2025-07-08,6257,上市,79.8,75.75,息,0.9492481203007519
2025-07-08,6578,上櫃,19.7,19.3,除息,0.9796954314720813
2025-07-08,6629,上櫃,87.0,82.8,除息,0.9517241379310345
2025-07-08,6840,上櫃,45.6,45.3,除息,0.9934210526315789
2025-07-08,8261,上市,78.8,75.6,息,0.9593908629441624
2025-07-08,8923,上櫃,22.0,21.15,除息,0.9613636363636363
2025-07-09,1338,上市,23.75,22.97,息,0.9671578947368421
2025-07-09,1472,上市,96.5,93.5,息,0.9689119170984456
2025-07-09,1612,上市,36.25,34.15,息,0.9420689655172413
2025-07-09,1616,上市,34.6,32.79,息,0.9476878612716763
2025-07-09,2073,上櫃,28.85,28.15,除息,0.9757365684575389
2025-07-09,2492,上市,80.3,77.89,息,0.9699875466998755
2025-07-09,2609,上市,72.1,64.6,息,0.8959778085991679
2025-07-09,2614,上市,17.4,15.73,權息,0.9040229885057472
2025-07-09,2618,上市,40.15,37.75,息,0.9402241594022416
2025-07-09,2634,上市,43.0,41.62,息,0.967906976744186
2025-07-09,2645,上市,104.5,100.0,息,0.9569377990430622
2025-07-09,2739,上市,40.0,39.0,息,0.975
2025-07-09,2836A,上市,22.75,21.97,息,0.9657142857142856
2025-07-09,2945,上市,39.95,38.45,息,0.9624530663329162
2025-07-09,3006,上市,50.3,49.3,息,0.9801192842942346
2025-07-09,3016,上市,31.5,31.0,息,0.9841269841269841
2025-07-09,3034,上市,534.0,506.0,息,0.947565543071161
2025-07-09,3045,上市,113.0,108.5,息,0.9601769911504425
2025-07-09,3227,上櫃,217.0,207.0,除息,0.9539170506912442
2025-07-09,3303,上櫃,48.55,45.78,除息,0.9429454170957776
2025-07-09,3430,上櫃,50.6,48.1,除息,0.950592885375494
2025-07-09,4510,上櫃,45.1,44.31,除息,0.9824833702882484
2025-07-09,4533,上櫃,25.1,23.9,除息,0.9521912350597609
2025-07-09,4720,上市,16.05,15.05,息,0.9376947040498442
2025-07-09,4744,上櫃,22.0,21.6,除息,0.9818181818181819
2025-07-09,4904,上市,87.7,84.14,息,0.9594070695553022
2025-07-09,5220,上櫃,19.35,18.85,除息,0.9741602067183462
2025-07-09,5452,上櫃,24.35,24.1,除息,0.9897330595482546
2025-07-09,5469,上市,59.6,57.07,息,0.9575503355704698
2025-07-09,6190,上櫃,38.3,36.4,除息,0.9503916449086163
2025-07-09,6508,上櫃,27.2,26.2,除息,0.9632352941176471
2025-07-09,6510,上櫃,836.0,828.2,除息,0.9906698564593301
2025-07-09,6667,上櫃,220.0,215.79,除權,0.9808636363636364
2025-07-09,6829,上櫃,114.0,109.0,除息,0.956140350877193
2025-07-09,6830,上市,117.0,116.0,息,0.9914529914529915
2025-07-09,6937,上市,208.0,205.89,息,0.9898557692307691
2025-07-09,8103,上市,45.6,42.73,息,0.9370614035087719
2025-07-09,8271,上市,51.8,49.58,息,0.9571428571428572
2025-07-09,8367,上市,47.55,44.75,息,0.9411146161934806
2025-07-09,8426,上櫃,31.25,28.75,除息,0.92
2025-07-09,9902,上市,17.9,17.6,息,0.9832402234636873
2025-07-09,9945,上市,31.35,30.25,息,0.9649122807017544
2025-07-10,00940,上市,9.06,9.02,息,0.9955849889624723
2025-07-10,1110,上市,18.7,18.4,息,0.9839572192513368
2025-07-10,1236,上市,21.9,21.3,息,0.9726027397260275
2025-07-10,1307,上市,36.45,33.75,息,0.9259259259259258
2025-07-10,1336,上櫃,19.7,18.76,除息,0.952284263959391
2025-07-10,1476,上市,417.5,400.5,息,0.9592814371257485
2025-07-10,1595,上櫃,30.7,30.2,除息,0.9837133550488599
2025-07-10,1723,上市,91.2,86.7,息,0.9506578947368421
2025-07-10,2316,上市,55.0,54.5,息,0.990909090909091
2025-07-10,2356,上市,44.0,42.3,息,0.9613636363636363
2025-07-10,2359,上市,132.5,131.5,息,0.9924528301886792
2025-07-10,2449,上市,106.0,102.0,息,0.9622641509433962
2025-07-10,2453,上市,58.5,55.9,息,0.9555555555555555
2025-07-10,2481,上市,47.0,45.6,息,0.9702127659574469
2025-07-10,2501,上市,19.35,18.35,息,0.9483204134366925
2025-07-10,2616,上市,14.9,14.6,息,0.9798657718120805
2025-07-10,2897,上市,9.35,8.85,息,0.946524064171123
2025-07-10,2897B,上市,12.0,11.85,息,0.9874999999999999
2025-07-10,3028,上市,33.9,31.8,息,0.9380530973451328
2025-07-10,3037,上市,122.5,120.99,息,0.987673469387755
2025-07-10,3044,上市,252.5,242.2,息,0.9592079207920792
2025-07-10,3130,上市,234.0,219.85,息,0.9395299145299145
2025-07-10,3171,上櫃,42.8,39.8,除息,0.9299065420560748
2025-07-10,3567,上櫃,27.85,26.05,除息,0.9353680430879713
2025-07-10,3577,上櫃,92.8,91.3,除息,0.9838362068965517
2025-07-10,3588,上市,44.8,42.74,權息,0.9540178571428573
2025-07-10,3628,上櫃,43.55,41.55,除息,0.9540757749712974
2025-07-10,3652,上市,27.65,27.05,息,0.9783001808318265
2025-07-10,4558,上櫃,25.75,25.25,除息,0.9805825242718447
2025-07-10,4588,上市,71.3,68.3,息,0.9579242636746143
2025-07-10,4771,上市,179.0,173.47,息,0.9691061452513966
2025-07-10,4953,上櫃,101.5,97.51,除息,0.9606896551724139
2025-07-10,4999,上市,24.5,23.5,息,0.9591836734693877
2025-07-10,5292,上市,156.0,137.72,權息,0.8828205128205128
2025-07-10,5432,上櫃,109.0,108.0,除息,0.9908256880733946
2025-07-10,5465,上櫃,38.5,36.7,除息,0.9532467532467533
2025-07-10,6164,上市,10.9,10.4,息,0.9541284403669725
2025-07-10,6166,上市,62.2,61.26,息,0.9848874598070739
2025-07-10,6170,上櫃,51.4,48.29,除息,0.9394941634241245
2025-07-10,6173,上櫃,37.15,35.74,除息,0.9620457604306865
2025-07-10,6175,上櫃,33.55,31.8,除息,0.947839046199702
2025-07-10,6197,上市,159.0,152.0,息,0.9559748427672956
2025-07-10,6223,上櫃,1065.0,1048.99,除息,0.9849671361502348
2025-07-10,6278,上市,115.0,109.5,息,0.9521739130434783
2025-07-10,6409,上市,1290.0,1246.99,息,0.9666589147286822
2025-07-10,6605,上市,193.0,184.0,息,0.9533678756476683
2025-07-10,6692,上櫃,37.35,36.85,除息,0.9866131191432397
2025-07-10,6781,上市,1040.0,1027.5,息,0.9879807692307693
2025-07-10,6865,上櫃,63.9,59.72,除權,0.934585289514867
2025-07-10,6899,上櫃,51.0,48.57,除息,0.9523529411764706
2025-07-10,8083,上櫃,162.0,152.0,除息,0.9382716049382716
2025-07-10,8147,上櫃,108.5,106.51,除息,0.9816589861751153
2025-07-10,8222,上市,48.05,47.35,息,0.9854318418314257
2025-07-10,8905,上櫃,30.8,29.8,除息,0.9675324675324676
2025-07-10,8942,上櫃,46.0,44.5,除息,0.967391304347826
2025-07-10,9905,上市,23.15,21.95,息,0.9481641468682506
2025-07-11,1734,上市,32.55,31.55,息,0.9692780337941629
2025-07-11,1907,上市,23.5,22.7,息,0.9659574468085106
2025-07-11,2008,上市,24.35,23.85,息,0.9794661190965093
2025-07-11,2027,上市,33.4,32.22,權息,0.9646706586826347
2025-07-11,2605,上市,22.25,20.95,息,0.9415730337078652
2025-07-11,2731,上市,160.0,152.5,息,0.953125
2025-07-11,2838A,上市,55.6,52.96,息,0.9525179856115108
2025-07-11,3055,上市,65.6,64.6,息,0.9847560975609756
2025-07-11,3114,上櫃,24.1,22.9,除息,0.9502074688796679
2025-07-11,3221,上櫃,18.7,17.8,除息,0.9518716577540107
2025-07-11,3467,上櫃,60.5,59.68,除息,0.9864462809917355
2025-07-11,3581,上櫃,36.35,35.85,除息,0.9862448418156808
2025-07-11,4114,上櫃,36.8,32.91,除權息,0.8942934782608696
2025-07-11,5244,上市,47.7,46.2,息,0.9685534591194969
2025-07-11,5371,上櫃,55.4,53.9,除息,0.9729241877256317
2025-07-11,6944,上市,486.0,472.0,息,0.9711934156378601
2025-07-11,7584,上櫃,69.1,65.1,除息,0.9421128798842258
2025-07-11,8499,上市,227.0,218.93,息,0.9644493392070485
2025-07-14,1531,上市,12.6,12.2,息,0.9682539682539683
2025-07-14,1609,上市,38.0,36.69,權息,0.9655263157894737
2025-07-14,2013,上市,44.0,42.0,息,0.9545454545454546
2025-07-14,2355,上市,32.5,30.65,息,0.943076923076923
2025-07-14,2891,上市,43.85,41.54,息,0.9473204104903078
2025-07-14,2891B,上市,64.3,62.03,息,0.9646967340590981
2025-07-14,2891C,上市,60.5,58.58,息,0.9682644628099173
2025-07-14,3013,上市,123.5,122.9,息,0.9951417004048584
2025-07-14,3081,上櫃,345.0,344.5,除息,0.9985507246376811
2025-07-14,3260,上櫃,94.7,89.58,除息,0.9459345300950369
2025-07-14,3305,上市,58.5,56.24,息,0.9613675213675213
2025-07-14,3564,上櫃,64.7,63.81,除息,0.9862442040185472
2025-07-14,3607,上市,14.85,14.15,息,0.9528619528619529
2025-07-14,3645,上市,57.9,56.7,息,0.9792746113989638
2025-07-14,3673,上市,30.9,30.1,息,0.9741100323624596
2025-07-14,4167,上櫃,19.0,18.59,除息,0.978421052631579
2025-07-14,4556,上櫃,25.7,25.4,除息,0.9883268482490272
2025-07-14,5215,上市,38.65,36.15,息,0.9353169469598965
2025-07-14,6624,上櫃,35.15,34.6,除息,0.9843527738264581
2025-07-14,6735,上櫃,49.8,45.71,除權息,0.9178714859437752
2025-07-14,6763,上櫃,62.3,61.6,除息,0.9887640449438203
2025-07-14,6790,上市,43.6,41.05,息,0.9415137614678898
2025-07-14,6843,上櫃,60.3,58.3,除息,0.966832504145937
2025-07-14,8183,上櫃,26.7,25.4,除息,0.951310861423221
2025-07-14,8442,上市,83.6,77.19,息,0.9233253588516747
2025-07-15,00734B,上櫃,14.3,14.14,除息,0.9888111888111888
2025-07-15,00842B,上櫃,29.32,28.77,除息,0.9812414733969986
2025-07-15,00936,上市,14.82,14.79,息,0.9979757085020242
2025-07-15,00942B,上櫃,13.22,13.16,除息,0.9954614220877458
2025-07-15,00947,上市,13.63,13.55,息,0.9941305942773294
2025-07-15,00962,上市,9.44,9.41,息,0.9968220338983051
2025-07-15,00980B,上櫃,8.82,8.77,除息,0.9943310657596371
2025-07-15,1264,上櫃,324.5,310.0,除息,0.9553158705701078
2025-07-15,1294,上櫃,73.5,70.37,除息,0.9574149659863946
2025-07-15,1301,上市,35.7,35.2,息,0.9859943977591037
2025-07-15,1402,上市,32.35,30.75,息,0.9505409582689335
2025-07-15,1470,上市,21.5,20.49,息,0.9530232558139534
2025-07-15,1540,上市,29.9,28.3,息,0.9464882943143813
2025-07-15,1608,上市,26.85,25.85,息,0.962756052141527
2025-07-15,1614,上市,39.1,38.51,息,0.9849104859335037
2025-07-15,2029,上市,24.15,22.9,息,0.94824016563147
2025-07-15,2034,上市,21.3,20.3,息,0.9530516431924883
2025-07-15,2235,上櫃,45.3,42.3,除息,0.9337748344370861
2025-07-15,2348,上市,103.5,94.5,息,0.9130434782608695
2025-07-15,2348A,上市,36.8,35.2,息,0.9565217391304349
2025-07-15,2547,上市,12.3,11.72,息,0.9528455284552846
2025-07-15,2633,上市,28.5,27.45,息,0.9631578947368421
2025-07-15,2849,上市,13.8,13.42,息,0.9724637681159419
2025-07-15,2852,上市,28.3,26.2,息,0.9257950530035335
2025-07-15,2906,上市,15.45,14.85,息,0.9611650485436893
2025-07-15,4711,上櫃,15.05,14.55,除息,0.9667774086378738
2025-07-15,4754,上櫃,41.45,39.45,除息,0.9517490952955368
2025-07-15,4763,上市,82.9,80.4,息,0.9698431845597105
2025-07-15,5904,上櫃,509.0,481.19,除權息,0.9453634577603144
2025-07-15,6486,上櫃,79.2,73.33,除息,0.9258838383838384
2025-07-15,6556,上櫃,73.1,68.9,除息,0.942544459644323
2025-07-15,6906,上市,131.0,127.67,息,0.9745801526717557
2025-07-15,6928,上市,48.1,47.6,息,0.9896049896049897
2025-07-15,8110,上市,12.9,12.7,息,0.9844961240310077
2025-07-15,8374,上市,91.2,90.75,息,0.9950657894736842
2025-07-15,8383,上櫃,42.2,39.7,除息,0.9407582938388626
2025-07-16,006208,上市,117.0,116.01,息,0.9915384615384616
2025-07-16,00692,上市,45.91,45.28,息,0.9862774994554564
2025-07-16,00694B,上櫃,38.54,38.28,除息,0.9932537623248573
2025-07-16,00695B,上櫃,32.55,32.29,除息,0.9920122887864824
2025-07-16,00696B,上櫃,26.91,26.63,除息,0.9895949461166852
2025-07-16,00702,上市,22.35,21.73,息,0.9722595078299776
2025-07-16,00714,上市,19.2,19.07,息,0.9932291666666667
2025-07-16,00717,上市,14.11,13.96,息,0.9893692416725728
2025-07-16,00722B,上櫃,33.96,33.5,除息,0.9864546525323911
2025-07-16,00723B,上櫃,29.42,29.04,除息,0.9870836165873554
2025-07-16,00724B,上櫃,31.38,30.94,除息,0.9859783301465903
2025-07-16,00725B,上櫃,32.95,32.38,除息,0.982701062215478
2025-07-16,00727B,上櫃,37.39,36.82,除息,0.9847552821610056
2025-07-16,00730,上市,22.67,22.56,息,0.9951477723864136
2025-07-16,00735,上市,35.01,34.76,息,0.9928591830905455
2025-07-16,00736,上市,23.7,23.5,息,0.9915611814345991
2025-07-16,00740B,上櫃,35.81,35.66,除息,0.9958112259145488
2025-07-16,00741B,上櫃,35.29,35.11,除息,0.9948994049305753
2025-07-16,00746B,上櫃,32.92,32.54,除息,0.9884568651275819
2025-07-16,00749B,上櫃,28.66,28.26,除息,0.9860432658757852
2025-07-16,00750B,上櫃,31.32,30.92,除息,0.9872286079182632
2025-07-16,00772B,上櫃,31.15,31.02,除息,0.9958266452648475
2025-07-16,00773B,上櫃,32.96,32.83,除息,0.9960558252427184
2025-07-16,00777B,上櫃,30.38,30.24,除息,0.9953917050691244
2025-07-16,00778B,上櫃,31.92,31.78,除息,0.9956140350877193
2025-07-16,00782B,上櫃,28.75,28.25,除息,0.9826086956521739
2025-07-16,00785B,上櫃,32.33,31.92,除息,0.9873182802350758
2025-07-16,00840B,上櫃,27.83,27.72,除息,0.9960474308300395
2025-07-16,00848B,上櫃,31.84,31.44,除息,0.9874371859296482
2025-07-16,00849B,上櫃,34.7,34.37,除息,0.9904899135446684
2025-07-16,00882,上市,13.52,12.97,息,0.959319526627219
2025-07-16,00883B,上櫃,28.46,28.34,除息,0.9957835558678847
2025-07-16,00884B,上櫃,27.23,26.76,除息,0.9827396254131473
2025-07-16,00890B,上櫃,30.13,30.0,除息,0.9956853634251577
2025-07-16,00892,上市,17.67,17.48,息,0.9892473118279569
2025-07-16,00900,上市,13.17,13.07,息,0.9924069855732727
2025-07-16,00905,上市,13.95,13.85,息,0.992831541218638
2025-07-16,00908,上市,12.7,12.48,息,0.9826771653543308
2025-07-16,00911,上市,25.84,25.14,息,0.9729102167182663
2025-07-16,00912,上市,18.61,18.45,息,0.9914024717893606
2025-07-16,00927,上市,17.55,17.33,息,0.9874643874643874
2025-07-16,00928,上櫃,15.15,14.99,除息,0.9894389438943895
2025-07-16,00933B,上櫃,14.88,14.8,除息,0.9946236559139785
2025-07-16,00934,上市,18.43,18.35,息,0.9956592512208357
2025-07-16,00937B,上櫃,13.81,13.74,除息,0.9949312092686459
2025-07-16,00943,上市,13.81,13.75,息,0.9956553222302679
2025-07-16,00944,上市,14.07,14.01,息,0.9957356076759062
2025-07-16,00945B,上市,13.52,13.44,息,0.9940828402366864
2025-07-16,00948B,上櫃,8.79,8.75,除息,0.9954493742889648
2025-07-16,00952,上市,9.63,9.61,息,0.9979231568016613
2025-07-16,00956,上市,9.18,9.11,息,0.9923747276688453
2025-07-16,00957B,上櫃,12.63,12.56,除息,0.9944576405384006
2025-07-16,00960,上市,13.72,13.52,息,0.9854227405247813
2025-07-16,00961,上市,9.33,9.21,息,0.987138263665595
2025-07-16,00963,上市,10.13,10.07,息,0.9940769990128331
2025-07-16,00964,上市,10.51,10.46,息,0.9952426260704093
2025-07-16,009804,上市,12.03,11.65,息,0.9684123025768911
2025-07-16,00982B,上櫃,9.14,9.09,除息,0.9945295404814004
2025-07-16,1220,上市,14.05,13.35,息,0.9501779359430604
2025-07-16,1233,上市,31.2,30.25,息,0.969551282051282
2025-07-16,1256,上市,120.5,115.8,息,0.9609958506224067
2025-07-16,1440,上市,13.15,12.85,息,0.9771863117870722
2025-07-16,1726,上市,78.5,74.9,息,0.9541401273885352
2025-07-16,2221,上櫃,28.25,26.95,除息,0.9539823008849557
2025-07-16,2536,上市,29.1,28.6,息,0.9828178694158075
2025-07-16,2610,上市,21.85,21.05,息,0.9633867276887872
2025-07-16,3024,上市,13.35,12.95,息,0.9700374531835205
2025-07-16,3060,上市,20.45,20.1,息,0.9828850855745722
2025-07-16,3406,上市,414.0,396.0,息,0.9565217391304348
2025-07-16,3492,上櫃,23.5,22.5,除息,0.9574468085106383
2025-07-16,3617,上市,279.0,264.0,息,0.946236559139785
2025-07-16,3624,上櫃,32.2,30.97,除息,0.9618012422360247
2025-07-16,4536,上市,188.0,177.0,息,0.9414893617021277
2025-07-16,4721,上櫃,70.5,68.14,除息,0.9665248226950355
2025-07-16,5471,上市,31.65,30.65,息,0.9684044233807267
2025-07-16,5508,上櫃,126.5,112.0,除息,0.8853754940711462
2025-07-16,6405,上市,24.95,24.85,息,0.995991983967936
2025-07-16,6485,上櫃,52.1,51.6,除息,0.9904030710172744
2025-07-16,6488,上櫃,310.0,304.0,除息,0.9806451612903225
2025-07-16,6904,上櫃,126.0,117.0,除息,0.9285714285714286
2025-07-16,6933,上市,171.5,169.5,息,0.9883381924198251
2025-07-16,6936,上市,38.85,37.16,息,0.9564993564993564
2025-07-16,8182,上櫃,28.4,26.4,除息,0.9295774647887324
2025-07-16,8255,上櫃,119.5,115.31,除息,0.9649372384937238
2025-07-16,9930,上市,74.1,70.1,息,0.9460188933873145
2025-07-17,00789B,上櫃,45.17,44.59,除息,0.987159619216294
2025-07-17,00791B,上櫃,52.4,51.85,除息,0.9895038167938932
2025-07-17,00929,上市,17.62,17.55,息,0.9960272417707151
2025-07-17,00931B,上櫃,12.47,12.37,除息,0.9919807538091419
2025-07-17,1102,上市,40.0,37.8,息,0.945
2025-07-17,1109,上市,16.65,15.75,息,0.945945945945946
2025-07-17,1227,上市,32.7,31.3,息,0.9571865443425076
2025-07-17,1522,上市,45.1,42.1,息,0.9334811529933481
2025-07-17,1522A,上市,50.0,48.0,息,0.96
2025-07-17,2049,上市,206.0,203.6,息,0.9883495145631068
2025-07-17,2204,上市,57.6,53.4,息,0.9270833333333333
2025-07-17,2211,上市,82.0,77.0,息,0.9390243902439024
2025-07-17,2248,上市,47.5,44.76,息,0.9423157894736842
2025-07-17,2395,上市,337.5,329.1,息,0.9751111111111112
2025-07-17,2404,上市,725.0,697.0,息,0.9613793103448276
2025-07-17,2704,上市,42.65,42.15,息,0.9882766705744431
2025-07-17,2722,上市,30.25,30.1,息,0.9950413223140496
2025-07-17,2915,上市,53.2,50.7,息,0.9530075187969925
2025-07-17,3022,上市,80.1,75.6,息,0.9438202247191011
2025-07-17,3031,上市,18.3,17.3,息,0.9453551912568307
2025-07-17,3071,上櫃,18.5,17.69,除息,0.9562162162162163
2025-07-17,3293,上櫃,817.0,788.0,除息,0.9645042839657283
2025-07-17,3323,上櫃,33.5,33.0,除息,0.9850746268656716
2025-07-17,3380,上市,27.85,26.85,息,0.9640933572710951
2025-07-17,3426,上櫃,43.5,41.0,除息,0.9425287356321839
2025-07-17,3438,上櫃,47.75,46.25,除息,0.9685863874345549
2025-07-17,3489,上櫃,21.0,20.5,除息,0.9761904761904762
2025-07-17,3653,上市,1485.0,1470.5,息,0.9902356902356902
2025-07-17,3665,上市,882.0,862.96,權息,0.9784126984126984
2025-07-17,3687,上櫃,78.8,77.24,除息,0.9802030456852792
2025-07-17,4190,上市,35.8,35.3,息,0.9860335195530726
2025-07-17,4543,上櫃,27.7,26.7,除息,0.9638989169675091
2025-07-17,4576,上市,111.5,111.3,息,0.9982062780269058
2025-07-17,4749,上櫃,614.0,608.01,除息,0.9902442996742671
2025-07-17,4931,上櫃,98.4,96.4,除息,0.9796747967479675
2025-07-17,5514,上櫃,18.5,17.79,除權,0.9616216216216216
2025-07-17,6112,上市,56.0,55.4,息,0.9892857142857142
2025-07-17,6120,上市,10.55,10.3,息,0.976303317535545
2025-07-17,6155,上市,22.95,21.95,息,0.9564270152505446
2025-07-17,6180,上櫃,73.2,67.2,除息,0.9180327868852459
2025-07-17,6194,上櫃,36.35,34.25,除息,0.9422283356258596
2025-07-17,6212,上櫃,47.65,44.15,除息,0.9265477439664218
2025-07-17,6229,上櫃,24.6,23.6,除息,0.959349593495935
2025-07-17,6284,上櫃,70.2,67.5,除息,0.9615384615384615
2025-07-17,6442,上市,452.0,443.37,息,0.9809070796460178
2025-07-17,6719,上市,206.5,204.8,息,0.9917675544794189
2025-07-17,6727,上櫃,72.0,69.0,除息,0.9583333333333334
2025-07-17,6914,上市,144.5,138.5,息,0.9584775086505191
2025-07-17,7705,上市,54.4,50.6,息,0.9301470588235294
2025-07-17,8039,上市,49.25,46.75,息,0.949238578680203
2025-07-17,8215,上市,22.9,22.28,息,0.9729257641921398
2025-07-17,9919,上市,17.35,17.15,息,0.988472622478386
2025-07-18,00904,上市,18.56,18.08,息,0.9741379310344828
2025-07-18,00981B,上櫃,8.94,8.87,除息,0.9921700223713646
2025-07-18,1809,上市,16.0,15.75,息,0.984375
2025-07-18,2392,上市,58.0,55.5,息,0.9568965517241379
2025-07-18,3465,上櫃,51.2,50.2,除息,0.98046875
2025-07-18,3703,上市,23.6,22.55,息,0.9555084745762712
2025-07-18,3713,上櫃,20.5,20.44,除權,0.9970731707317074
2025-07-18,5014,上櫃,11.25,10.95,除息,0.9733333333333333
2025-07-18,5284,上市,209.0,207.51,息,0.9928708133971291
2025-07-18,6191,上市,91.9,88.19,權息,0.9596300326441783
2025-07-18,6541,上市,53.5,52.95,權,0.9897196261682244
2025-07-18,6671,上市,42.6,40.0,息,0.9389671361502347
2025-07-18,6887,上市,79.0,75.03,息,0.949746835443038
2025-07-18,8050,上櫃,58.4,55.22,除息,0.9455479452054795
2025-07-18,9907,上市,19.0,18.03,息,0.9489473684210527
2025-07-21,0050,上市,51.45,51.09,息,0.993002915451895
2025-07-21,0056,上市,35.6,34.73,息,0.9755617977528088
2025-07-21,006203,上市,94.1,93.55,息,0.9941551540913922
2025-07-21,00719B,上櫃,29.12,28.81,除息,0.9893543956043955
2025-07-21,00720B,上櫃,31.07,30.62,除息,0.9855165754747345
2025-07-21,00788B,上櫃,27.77,27.37,除息,0.9855959668707238
2025-07-21,00834B,上櫃,31.64,31.27,除息,0.9883059418457648
2025-07-21,00870B,上櫃,26.38,26.02,除息,0.9863532979529948
2025-07-21,00967B,上櫃,8.48,8.45,除息,0.9964622641509433
2025-07-21,00968B,上櫃,8.64,8.6,除息,0.9953703703703702
2025-07-21,1436,上市,116.0,81.6,權息,0.7034482758620689
2025-07-21,1446,上市,23.05,21.05,息,0.913232104121475
2025-07-21,1535,上市,57.5,54.5,息,0.9478260869565217
2025-07-21,1560,上市,363.0,359.01,息,0.9890082644628099
2025-07-21,1777,上櫃,85.4,80.1,除息,0.9379391100702574
2025-07-21,1785,上櫃,54.4,52.4,除息,0.9632352941176471
2025-07-21,2617,上市,28.35,26.85,息,0.9470899470899471
2025-07-21,2640,上櫃,136.0,129.0,除息,0.9485294117647058
2025-07-21,3284,上櫃,26.5,26.17,除權,0.9875471698113208
2025-07-21,3491,上櫃,360.0,353.51,除息,0.9819722222222222
2025-07-21,3552,上櫃,60.6,59.8,除息,0.9867986798679867
2025-07-21,3675,上櫃,153.0,147.85,除息,0.9663398692810458
2025-07-21,4909,上櫃,72.4,66.4,除息,0.9171270718232044
2025-07-21,5276,上櫃,15.0,14.4,除息,0.9600000000000001
2025-07-21,5386,上櫃,77.2,67.33,除權息,0.8721502590673574
2025-07-21,5546,上市,30.45,28.45,息,0.9343185550082101
2025-07-21,6419,上櫃,60.8,58.1,除息,0.955592105263158
2025-07-21,6782,上市,174.5,169.4,息,0.9707736389684815
2025-07-21,6923,上市,90.5,86.48,息,0.9555801104972376
2025-07-21,6968,上櫃,68.7,66.37,除權息,0.9660844250363901
2025-07-21,8358,上櫃,83.6,82.1,除息,0.9820574162679426
2025-07-21,9926,上市,52.2,50.2,息,0.9616858237547893
2025-07-22,1303,上市,29.8,29.1,息,0.9765100671140939
2025-07-22,1454,上市,15.0,14.75,息,0.9833333333333333
2025-07-22,1532,上市,26.6,24.86,息,0.9345864661654134
2025-07-22,2009,上市,34.25,33.75,息,0.9854014598540146
2025-07-22,2206,上市,64.0,60.97,息,0.95265625
2025-07-22,2471,上市,56.5,53.44,息,0.9458407079646017
2025-07-22,2884,上市,34.2,32.67,權息,0.9552631578947368
2025-07-22,3611,上櫃,197.0,187.02,除息,0.9493401015228426
2025-07-22,4506,上櫃,113.0,108.5,除息,0.9601769911504425
2025-07-22,4933,上櫃,77.6,71.61,除息,0.9228092783505155
2025-07-22,5548,上櫃,26.1,24.1,除權息,0.9233716475095786
2025-07-22,6187,上櫃,413.0,402.81,除息,0.9753268765133172
2025-07-22,6206,上市,135.0,129.0,息,0.9555555555555556
2025-07-22,6231,上櫃,243.5,237.0,除息,0.973305954825462
2025-07-22,8131,上市,28.35,26.9,息,0.9488536155202821
2025-07-22,8411,上市,13.2,13.15,息,0.9962121212121213
2025-07-23,1201,上市,16.0,15.5,息,0.96875
2025-07-23,2530,上市,30.0,29.6,息,0.9866666666666667
2025-07-23,2838,上市,18.1,16.58,權息,0.9160220994475137
2025-07-23,3266,上市,15.45,14.7,息,0.9514563106796117
2025-07-23,3587,上櫃,203.0,196.06,除息,0.9658128078817734
2025-07-23,3694,上市,60.0,58.52,息,0.9753333333333334
2025-07-23,4129,上櫃,104.5,100.5,除息,0.9617224880382775
2025-07-23,4433,上櫃,28.65,27.65,除息,0.9650959860383944
2025-07-23,4442,上櫃,45.85,45.37,除權,0.9895310796074154
2025-07-23,4551,上市,125.0,120.8,息,0.9663999999999999
2025-07-23,4584,上櫃,55.0,52.8,除息,0.96
2025-07-23,4912,上市,79.0,78.55,息,0.9943037974683544
2025-07-23,4987,上櫃,84.9,79.7,除息,0.9387514723203769
2025-07-23,5269,上市,1880.0,1849.99,息,0.9840372340425532
2025-07-23,5483,上櫃,110.5,107.0,除息,0.9683257918552036
2025-07-23,6219,上櫃,20.6,19.62,除權,0.9524271844660194
2025-07-23,6244,上櫃,18.25,17.89,除息,0.9802739726027397
2025-07-23,6506,上櫃,16.1,15.3,除息,0.9503105590062111
2025-07-23,6691,上市,469.5,394.34,權息,0.8399148029818956
2025-07-23,6721,上櫃,61.0,58.0,除息,0.9508196721311475
2025-07-23,8473,上市,31.55,30.82,息,0.9768621236133121
2025-07-23,9918,上市,41.4,39.8,息,0.9613526570048309
2025-07-24,00858,上櫃,30.69,29.29,除息,0.9543825350276962
2025-07-24,00888,上櫃,16.64,16.42,除息,0.9867788461538463
2025-07-24,00930,上市,17.44,17.26,息,0.9896788990825688
2025-07-24,00958B,上櫃,8.59,8.56,除息,0.9965075669383004
2025-07-24,1103,上市,14.65,14.09,息,0.9617747440273037
2025-07-24,1108,上市,14.85,14.1,息,0.9494949494949495
2025-07-24,1229,上市,48.6,45.04,權息,0.9267489711934156
2025-07-24,1304,上市,10.8,10.6,息,0.9814814814814814
2025-07-24,1305,上市,11.6,11.45,息,0.9870689655172413
2025-07-24,1308,上市,12.45,12.2,息,0.9799196787148594
2025-07-24,1309,上市,11.65,11.45,息,0.982832618025751
2025-07-24,1419,上市,57.6,56.1,息,0.9739583333333334
2025-07-24,1434,上市,16.95,16.15,息,0.9528023598820059
2025-07-24,1503,上市,182.0,177.5,息,0.9752747252747253
2025-07-24,1617,上市,15.75,15.25,息,0.9682539682539683
2025-07-24,1762,上市,28.45,28.25,息,0.9929701230228472
2025-07-24,2002,上市,20.0,19.67,息,0.9835
2025-07-24,2002A,上市,40.35,38.95,息,0.9653035935563817
2025-07-24,2352,上市,26.7,25.59,息,0.9584269662921349
2025-07-24,2414,上市,44.35,41.85,息,0.943630214205186
2025-07-24,2511,上市,9.61,9.31,息,0.9687825182101978
2025-07-24,2836,上市,12.3,11.65,權息,0.9471544715447154
2025-07-24,2937,上櫃,46.0,41.82,除權,0.9091304347826087
2025-07-24,3206,上櫃,37.8,35.3,除息,0.9338624338624338
2025-07-24,3219,上櫃,45.45,45.18,除息,0.9940594059405939
2025-07-24,3276,上櫃,12.85,12.83,除息,0.998443579766537
2025-07-24,3285,上櫃,25.15,24.15,除息,0.9602385685884692
2025-07-24,3362,上櫃,121.5,120.5,除息,0.9917695473251029
2025-07-24,3402,上櫃,99.1,94.1,除息,0.9495459132189707
2025-07-24,3444,上櫃,53.3,51.3,除息,0.9624765478424016
2025-07-24,3546,上櫃,105.5,92.18,除權息,0.873744075829384
2025-07-24,3615,上櫃,22.0,21.7,除息,0.9863636363636363
2025-07-24,3702,上市,72.4,69.2,息,0.9558011049723757
2025-07-24,3712,上市,52.9,49.9,息,0.943289224952741
2025-07-24,3716,上市,35.15,34.13,息,0.9709815078236131
2025-07-24,4438,上市,79.0,75.77,息,0.9591139240506329
2025-07-24,4561,上櫃,44.55,43.35,除息,0.9730639730639732
2025-07-24,4979,上櫃,185.0,183.46,除息,0.9916756756756757
2025-07-24,5299,上櫃,79.0,74.85,除息,0.9474683544303797
2025-07-24,6158,上櫃,23.7,22.69,除息,0.9573839662447258
2025-07-24,6179,上櫃,27.8,27.3,除息,0.9820143884892086
2025-07-24,6290,上櫃,105.0,100.0,除息,0.9523809523809523
2025-07-24,6527,上櫃,88.6,86.35,除息,0.9746049661399548
2025-07-24,6609,上櫃,42.25,41.48,除息,0.981775147928994
2025-07-24,6742,上市,54.5,54.19,息,0.9943119266055045
2025-07-24,6863,上市,160.0,154.5,息,0.965625
2025-07-24,7747,上櫃,137.5,134.05,除息,0.974909090909091
2025-07-24,8069,上櫃,216.0,211.01,除息,0.9768981481481481
2025-07-24,8404,上市,21.3,20.14,權息,0.9455399061032864
2025-07-24,8927,上櫃,49.9,42.39,除權息,0.849498997995992
2025-07-24,9925,上市,41.85,39.85,息,0.9522102747909199
2025-07-25,1519,上市,659.0,590.9,權息,0.8966616084977238
2025-07-25,1558,上市,104.0,98.0,息,0.9423076923076923
2025-07-25,2495,上市,23.45,22.15,息,0.9445628997867803
2025-07-25,2548,上市,108.5,98.09,權息,0.9040552995391705
2025-07-25,5439,上櫃,248.5,246.3,除息,0.9911468812877264
2025-07-25,6165,上市,52.6,52.0,息,0.9885931558935361
2025-07-25,6189,上市,79.0,62.5,權息,0.7911392405063291
2025-07-25,6277,上市,60.4,58.3,息,0.9652317880794702
2025-07-25,6451,上市,145.0,144.64,息,0.9975172413793103
2025-07-25,6517,上櫃,70.7,69.2,除息,0.9787835926449788
2025-07-25,6664,上櫃,233.0,223.07,除息,0.957381974248927
2025-07-25,6958,上市,22.85,20.97,權息,0.9177242888402625
2025-07-25,8249,上市,53.5,51.48,息,0.9622429906542056
2025-07-25,8390,上櫃,64.6,62.1,除息,0.9613003095975233
2025-07-25,9937,上市,66.9,64.8,息,0.9686098654708519
2025-07-28,00726B,上櫃,31.02,30.44,除息,0.9813023855577048
2025-07-28,2247,上市,338.5,320.0,息,0.9453471196454948
2025-07-28,2462,上市,24.4,23.59,息,0.9668032786885247
2025-07-28,3306,上櫃,40.95,38.85,除息,0.9487179487179487
2025-07-28,4107,上櫃,118.0,113.0,除息,0.9576271186440678
2025-07-28,4572,上市,168.0,159.17,權息,0.9474404761904761
2025-07-28,4916,上市,47.15,46.77,息,0.9919406150583245
2025-07-28,4919,上市,70.2,69.8,息,0.9943019943019942
2025-07-28,5425,上櫃,49.6,47.58,除息,0.959274193548387
2025-07-28,6873,上市,219.5,192.19,權,0.8755808656036447
2025-07-28,6909,上市,45.9,44.9,息,0.9782135076252724
2025-07-29,1410,上市,35.15,34.64,息,0.9854907539118066
2025-07-29,1449,上市,13.35,12.93,權,0.9685393258426966
2025-07-29,2729,上櫃,210.0,201.92,除息,0.9615238095238094
2025-07-29,2889,上市,15.85,15.11,權息,0.9533123028391167
2025-07-29,3131,上櫃,1510.0,1488.0,除息,0.9854304635761589
2025-07-29,3527,上櫃,66.9,64.9,除息,0.9701046337817638
2025-07-29,3537,上櫃,45.6,43.3,除息,0.9495614035087718
2025-07-29,4549,上櫃,135.0,130.9,除息,0.9696296296296296
2025-07-29,4580,上櫃,82.0,77.0,除息,0.9390243902439024
2025-07-29,4911,上櫃,52.6,48.0,除權息,0.9125475285171103
2025-07-29,5426,上櫃,25.05,24.55,除息,0.9800399201596807
2025-07-29,6411,上櫃,69.6,66.42,除息,0.9543103448275863
2025-07-29,6931,上市,50.4,49.92,息,0.9904761904761905
2025-07-29,6962,上市,51.6,49.6,息,0.9612403100775194
2025-07-29,7734,上櫃,1360.0,1065.08,除權息,0.7831470588235293
2025-07-29,8916,上櫃,51.8,48.21,除息,0.9306949806949808
2025-07-30,1570,上櫃,23.9,22.6,除息,0.9456066945606696
2025-07-30,2233,上市,179.0,172.0,息,0.9608938547486033
2025-07-30,2345,上市,852.0,841.0,息,0.9870892018779343
2025-07-30,2363,上市,55.6,55.1,息,0.9910071942446043
2025-07-30,2376,上市,282.5,272.5,息,0.9646017699115044
2025-07-30,2497,上市,41.0,39.0,息,0.9512195121951219
2025-07-30,2528,上市,28.8,27.42,權,0.9520833333333334
2025-07-30,2596,上櫃,31.05,30.05,除息,0.9677938808373591
2025-07-30,3312,上市,47.1,45.7,息,0.970276008492569
2025-07-30,3454,上市,106.5,104.2,息,0.9784037558685447
2025-07-30,3531,上櫃,23.55,22.75,除息,0.9660297239915074
2025-07-30,4205,上櫃,97.6,86.91,除權息,0.8904713114754098
2025-07-30,4305,上櫃,48.75,45.55,除息,0.9343589743589743
2025-07-30,4401,上櫃,16.15,15.45,除息,0.9566563467492261
2025-07-30,4439,上市,92.0,90.0,息,0.9782608695652174
2025-07-30,4560,上市,35.2,34.0,息,0.9659090909090908
2025-07-30,5410,上櫃,28.75,27.25,除息,0.9478260869565217
2025-07-30,5457,上櫃,43.3,42.0,除息,0.9699769053117784
2025-07-30,5607,上市,45.2,43.23,權息,0.9564159292035397
2025-07-30,5871,上市,126.5,118.03,權息,0.9330434782608695
2025-07-30,5871A,上市,102.0,98.2,息,0.9627450980392157
2025-07-30,6114,上櫃,36.25,35.75,除息,0.9862068965517241
2025-07-30,6171,上櫃,35.6,33.1,除息,0.9297752808988764
2025-07-30,6416,上市,87.3,84.4,息,0.9667812142038947
2025-07-30,6591,上市,67.1,64.75,息,0.9649776453055142
2025-07-30,6689,上市,81.1,79.1,息,0.9753390875462392
2025-07-30,6728,上櫃,161.0,153.0,除息,0.9503105590062112
2025-07-30,8931,上櫃,52.8,50.8,除息,0.9621212121212122
2025-07-30,9908,上市,31.25,30.05,息,0.9616
2025-07-31,00939,上市,13.8,13.73,息,0.994927536231884
2025-07-31,00950B,上櫃,13.46,13.39,除息,0.9947994056463596
2025-07-31,00959B,上櫃,8.98,8.94,除息,0.9955456570155901
2025-07-31,00966B,上櫃,13.29,13.23,除息,0.9954853273137698
2025-07-31,1216,上市,82.7,79.7,息,0.9637243047158404
2025-07-31,1294,上櫃,81.9,74.4,除權,0.9084249084249084
2025-07-31,1437,上市,32.6,31.25,息,0.9585889570552146
2025-07-31,1736,上市,155.5,151.5,息,0.9742765273311897
2025-07-31,2342,上市,21.55,21.25,息,0.9860788863109048
2025-07-31,2351,上市,78.8,76.3,息,0.9682741116751269
2025-07-31,2393,上市,77.0,71.69,息,0.931038961038961
2025-07-31,2538,上市,13.55,12.85,息,0.9483394833948339
2025-07-31,2755,上櫃,141.5,138.53,除息,0.9790106007067138
2025-07-31,2801,上市,19.95,18.52,權息,0.9283208020050125
2025-07-31,2912,上市,262.5,253.5,息,0.9657142857142857
2025-07-31,3088,上櫃,90.1,85.77,除息,0.9519422863485016
2025-07-31,3390,上櫃,21.3,20.3,除息,0.9530516431924883
2025-07-31,3501,上市,58.8,54.8,息,0.9319727891156463
2025-07-31,3533,上市,1470.0,1428.27,息,0.9716122448979592
2025-07-31,3672,上櫃,16.9,16.15,除權,0.9556213017751479
2025-07-31,4106,上市,22.6,21.8,息,0.9646017699115044
2025-07-31,4581,上市,55.5,52.3,息,0.9423423423423423
2025-07-31,4767,上櫃,32.6,30.8,除息,0.9447852760736196
2025-07-31,4942,上市,38.85,36.85,息,0.9485199485199485
2025-07-31,5450,上櫃,14.35,13.85,除息,0.9651567944250871
2025-07-31,6138,上櫃,179.0,170.4,除息,0.9519553072625698
2025-07-31,6161,上櫃,44.05,41.05,除息,0.9318955732122588
2025-07-31,6239,上市,139.0,132.0,息,0.9496402877697842
2025-07-31,6294,上櫃,53.5,47.45,除權息,0.8869158878504674
2025-07-31,6715,上市,114.5,110.58,息,0.965764192139738
2025-07-31,7708,上櫃,98.1,93.6,除息,0.9541284403669724
2025-07-31,8213,上市,33.65,32.27,息,0.9589895988112929
2025-07-31,8272,上櫃,81.0,78.6,除息,0.9703703703703703
2025-07-31,9942,上市,117.0,110.0,息,0.9401709401709402
2025-08-01,2402,上市,41.1,39.12,息,0.9518248175182481
2025-08-01,2597,上市,186.0,155.0,權,0.8333333333333334
2025-08-01,3520,上櫃,14.05,13.95,除息,0.99288256227758
2025-08-01,3689,上櫃,98.4,95.48,除息,0.9703252032520325
2025-08-01,5438,上櫃,22.95,22.3,除息,0.9716775599128541
2025-08-04,00946,上市,9.48,9.45,息,0.9968354430379746
2025-08-04,00953B,上市,9.34,9.27,息,0.9925053533190578
2025-08-04,00970B,上櫃,8.95,8.91,除息,0.9955307262569834
2025-08-04,1439,上市,29.85,29.55,息,0.9899497487437185
2025-08-04,1527,上市,39.25,37.05,息,0.9439490445859872
2025-08-04,2369,上市,14.85,14.55,息,0.9797979797979799
2025-08-04,4728,上櫃,420.0,408.4,除息,0.9723809523809523
2025-08-04,4768,上櫃,125.5,115.71,除權息,0.9219920318725099
2025-08-04,4912,上市,81.1,77.23,權,0.952281134401973
2025-08-04,6016,上櫃,11.75,10.48,除權息,0.8919148936170214
2025-08-04,6201,上市,63.5,59.5,息,0.937007874015748
2025-08-04,6472,上市,827.0,689.28,權,0.8334703748488512
2025-08-04,6743,上市,31.25,29.75,息,0.952
2025-08-04,9938,上市,52.9,49.9,息,0.943289224952741
2025-08-05,1464,上市,13.55,12.5,權息,0.9225092250922509
2025-08-05,1727,上市,32.7,32.2,息,0.9847094801223242
2025-08-05,2331,上市,18.25,18.03,息,0.9879452054794521
2025-08-05,2409,上市,12.0,11.69,息,0.9741666666666666
2025-08-05,2427,上市,30.5,29.8,息,0.9770491803278689
2025-08-05,2520,上市,50.7,43.27,權息,0.8534516765285997
2025-08-05,2546,上市,84.5,76.69,權息,0.9075739644970414
2025-08-05,2834,上市,16.25,15.14,權息,0.9316923076923077
2025-08-05,3051,上市,26.15,24.63,息,0.9418738049713193
2025-08-05,3289,上櫃,127.0,126.0,除息,0.9921259842519685
2025-08-05,6177,上市,46.8,41.23,權息,0.880982905982906
2025-08-05,6275,上櫃,44.4,42.14,除息,0.9490990990990992
2025-08-06,1720,上市,58.2,55.4,息,0.9518900343642611
2025-08-06,2375,上市,60.0,58.5,息,0.975
2025-08-06,3376,上市,230.0,224.0,息,0.9739130434782609
2025-08-06,5263,上櫃,92.9,91.96,除息,0.9898815931108718
2025-08-06,5903,上櫃,211.0,199.5,除息,0.9454976303317536
2025-08-06,6220,上櫃,21.7,21.0,除息,0.967741935483871
2025-08-06,6997,上櫃,106.5,101.5,除息,0.9530516431924883
2025-08-06,8478,上市,208.5,203.5,息,0.9760191846522782
2025-08-07,00940,上市,9.21,9.17,息,0.9956568946796959
2025-08-07,1713,上市,55.1,47.6,息,0.8638838475499092
2025-08-07,2033,上市,16.0,15.8,息,0.9875
2025-08-07,2886,上市,43.0,41.4,息,0.9627906976744186
2025-08-07,2892,上市,30.75,29.07,權息,0.9453658536585366
2025-08-07,3056,上市,33.25,23.14,權息,0.6959398496240602
2025-08-07,3152,上櫃,122.5,116.91,除息,0.9543673469387755
2025-08-07,3287,上櫃,36.45,34.95,除息,0.9588477366255144
2025-08-07,3516,上櫃,20.55,20.3,除息,0.9878345498783455
2025-08-07,3663,上櫃,60.5,60.1,除息,0.9933884297520661
2025-08-07,4569,上市,158.0,152.28,息,0.9637974683544304
2025-08-07,5206,上櫃,37.1,33.27,除權息,0.8967654986522912
2025-08-07,5258,上市,73.2,70.68,息,0.9655737704918034
2025-08-07,5288,上市,140.0,131.48,息,0.9391428571428571
2025-08-07,5525,上市,31.5,30.7,息,0.9746031746031746
2025-08-07,6417,上櫃,98.3,96.1,除息,0.9776195320447609
2025-08-07,6435,上櫃,100.5,96.2,除息,0.9572139303482587
2025-08-07,6662,上櫃,33.8,32.3,除息,0.9556213017751479
2025-08-07,6855,上櫃,140.0,134.0,除息,0.9571428571428572
2025-08-07,6869,上市,140.0,134.99,息,0.9642142857142858
2025-08-07,6874,上櫃,87.7,83.66,除息,0.953933865450399
2025-08-07,8466,上市,28.45,27.25,息,0.9578207381370826
2025-08-07,8928,上櫃,29.65,27.95,除息,0.9426644182124789
2025-08-07,9914,上市,117.0,113.0,息,0.9658119658119658
2025-08-07,9951,上櫃,59.6,57.28,除息,0.9610738255033557
2025-08-08,1210,上市,61.1,58.27,息,0.9536824877250409
2025-08-08,2948,上櫃,43.1,39.95,除權息,0.9269141531322506
2025-08-08,3230,上櫃,51.1,50.75,除息,0.9931506849315068
2025-08-08,5603,上櫃,21.75,20.75,除息,0.9540229885057471
2025-08-08,9958,上市,193.0,188.83,息,0.9783937823834198
2025-08-11,1795,上市,221.5,215.72,息,0.9739051918735891
2025-08-11,2729,上櫃,208.0,188.91,除權,0.9082211538461539
2025-08-11,3033,上市,35.4,33.31,息,0.9409604519774012
2025-08-11,4905,上櫃,65.5,64.0,除息,0.9770992366412213
2025-08-11,6446,上市,510.0,508.9,息,0.9978431372549019
2025-08-12,1563,上市,51.4,49.13,息,0.9558365758754864
2025-08-12,2885,上市,33.2,32.23,權,0.9707831325301203
2025-08-12,2887,上市,16.55,15.65,息,0.945619335347432
2025-08-12,3032,上市,114.5,111.77,息,0.9761572052401747
2025-08-12,3209,上市,35.7,33.21,息,0.930252100840336
2025-08-12,3379,上櫃,74.9,74.1,除息,0.9893190921228303
2025-08-12,6122,上櫃,50.2,46.93,除息,0.9348605577689243
2025-08-13,2748,上市,49.75,47.75,息,0.9597989949748744
2025-08-13,2812,上市,23.4,21.44,權息,0.9162393162393163
2025-08-13,2880,上市,29.35,27.82,權息,0.9478705281090289
2025-08-13,4162,上櫃,78.0,72.0,除息,0.9230769230769231
2025-08-13,4432,上櫃,19.1,18.1,除息,0.9476439790575917
2025-08-13,5880,上市,25.95,24.51,權息,0.9445086705202314
2025-08-13,6464,上市,81.1,77.78,息,0.9590628853267572
2025-08-13,6574,上櫃,73.7,71.5,除息,0.9701492537313432
2025-08-13,6805,上市,1050.0,1042.0,息,0.9923809523809524
2025-08-13,8437,上櫃,19.1,18.08,除息,0.9465968586387433
2025-08-14,1580,上櫃,148.0,138.84,除息,0.9381081081081082
2025-08-14,2476,上市,88.7,85.2,息,0.9605411499436303
2025-08-14,2754,上櫃,89.1,88.3,除息,0.9910213243546577
2025-08-14,3008,上市,2420.0,2392.0,息,0.9884297520661157
2025-08-14,3050,上市,14.3,13.8,息,0.965034965034965
2025-08-14,3162,上櫃,50.3,49.8,除息,0.9900596421471173
2025-08-14,3232,上櫃,25.65,25.15,除息,0.9805068226120858
2025-08-14,4148,上市,45.9,43.23,權息,0.9418300653594771
2025-08-14,5203,上市,97.7,93.8,息,0.9600818833162742
2025-08-14,5489,上櫃,43.65,41.83,除息,0.9583046964490264
2025-08-14,6156,上櫃,25.15,24.15,除息,0.9602385685884692
2025-08-14,6432,上櫃,28.15,26.75,除息,0.9502664298401421
2025-08-14,8032,上櫃,49.0,47.9,除息,0.9775510204081632
2025-08-14,9960,上櫃,25.05,23.35,除息,0.9321357285429142
2025-08-15,00936,上市,15.48,15.44,息,0.9974160206718345
2025-08-15,00942B,上櫃,13.95,13.89,除息,0.9956989247311829
2025-08-15,00962,上市,10.18,10.15,息,0.9970530451866405
2025-08-15,00980B,上櫃,9.24,9.19,除息,0.9945887445887445
2025-08-15,1477,上市,269.0,263.0,息,0.9776951672862454
2025-08-15,1615,上市,54.3,49.8,權息,0.9171270718232044
2025-08-15,3535,上市,55.1,54.6,息,0.9909255898366606
2025-08-15,5222,上市,138.5,125.9,權,0.9090252707581228
2025-08-15,6117,上市,95.8,93.62,息,0.9772442588726514
2025-08-15,8043,上櫃,27.6,26.8,除息,0.9710144927536232
2025-08-15,9933,上市,32.25,28.4,權息,0.8806201550387597
2025-08-18,00690,上市,38.83,38.08,息,0.9806850373422611
2025-08-18,00701,上市,29.78,27.98,息,0.9395567494963062
2025-08-18,00730,上市,24.23,24.12,息,0.9954601733388362
2025-08-18,00740B,上櫃,37.54,37.36,除息,0.9952051145444859
2025-08-18,00741B,上櫃,36.36,36.16,除息,0.9944994499449944
2025-08-18,00754B,上櫃,33.43,33.01,除息,0.9874364343404127
2025-08-18,00755B,上櫃,32.04,31.61,除息,0.9865792759051186
2025-08-18,00756B,上櫃,30.62,30.16,除息,0.984977139124755
2025-08-18,00761B,上櫃,33.74,33.31,除息,0.9872554831061056
2025-08-18,00772B,上櫃,32.7,32.58,除息,0.9963302752293577
2025-08-18,00773B,上櫃,34.7,34.57,除息,0.9962536023054754
2025-08-18,00777B,上櫃,32.0,31.86,除息,0.995625
2025-08-18,00778B,上櫃,33.72,33.58,除息,0.9958481613285883
2025-08-18,00780B,上櫃,36.31,35.91,除息,0.9889837510327731
2025-08-18,00795B,上櫃,26.3,25.94,除息,0.9863117870722433
2025-08-18,00799B,上櫃,29.55,29.0,除息,0.9813874788494078
2025-08-18,00840B,上櫃,29.3,29.19,除息,0.9962457337883959
2025-08-18,00841B,上櫃,28.88,28.53,除息,0.9878808864265929
2025-08-18,00845B,上櫃,32.26,31.9,除息,0.9888406695598264
2025-08-18,00846B,上櫃,34.85,34.42,除息,0.987661406025825
2025-08-18,00847B,上櫃,25.04,24.69,除息,0.9860223642172525
2025-08-18,00860B,上櫃,36.69,36.21,除息,0.9869174161896975
2025-08-18,00864B,上櫃,44.59,44.03,除息,0.9874411302982731
2025-08-18,00878,上市,21.16,20.76,息,0.9810964083175804
2025-08-18,00881,上市,27.59,27.04,息,0.9800652410293584
2025-08-18,00883B,上櫃,29.86,29.74,除息,0.9959812458137977
2025-08-18,00890B,上櫃,31.62,31.49,除息,0.9958886780518659
2025-08-18,00891,上市,17.85,17.44,息,0.9770308123249299
2025-08-18,00894,上市,22.8,22.4,息,0.9824561403508771
2025-08-18,00900,上市,13.31,13.21,息,0.9924868519909843
2025-08-18,00913,上市,20.8,19.9,息,0.9567307692307692
2025-08-18,00923,上市,22.65,21.72,息,0.9589403973509933
2025-08-18,00932,上市,14.48,14.3,息,0.9875690607734807
2025-08-18,00933B,上櫃,15.61,15.54,除息,0.9955156950672646
2025-08-18,00934,上市,19.58,19.5,息,0.9959141981613893
2025-08-18,00937B,上櫃,14.51,14.44,除息,0.9951757408683666
2025-08-18,00938,上市,15.28,15.18,息,0.993455497382199
2025-08-18,00943,上市,14.13,14.07,息,0.9957537154989384
2025-08-18,00944,上市,14.32,14.26,息,0.9958100558659218
2025-08-18,00945B,上市,13.88,13.79,息,0.993515850144092
2025-08-18,00948B,上櫃,9.2,9.16,除息,0.9956521739130436
2025-08-18,00952,上市,10.48,10.46,息,0.9980916030534351
2025-08-18,00957B,上櫃,13.28,13.21,除息,0.9947289156626508
2025-08-18,00961,上市,9.28,9.2,息,0.9913793103448276
2025-08-18,00963,上市,10.55,10.49,息,0.9943127962085307
2025-08-18,00964,上市,10.8,10.75,息,0.9953703703703703
2025-08-18,00982A,上市,12.79,12.55,息,0.9812353401094607
2025-08-18,00982B,上櫃,9.6,9.55,除息,0.9947916666666667
2025-08-18,1618,上市,47.9,46.4,息,0.9686847599164927
2025-08-18,6188,上櫃,101.5,100.0,除息,0.9852216748768473
2025-08-18,6282,上市,29.5,28.99,息,0.9827118644067796
2025-08-18,6509,上櫃,34.4,33.08,除息,0.9616279069767442
2025-08-18,6799,上市,92.3,90.31,息,0.9784398699891658
2025-08-18,7556,上櫃,181.0,179.86,除權,0.9937016574585636
2025-08-19,00731,上市,67.65,66.99,息,0.9902439024390243
2025-08-19,00758B,上櫃,48.73,48.16,除息,0.9883028934947671
2025-08-19,00759B,上櫃,52.7,52.1,除息,0.9886148007590132
2025-08-19,00760B,上櫃,52.7,51.99,除息,0.986527514231499
2025-08-19,00768B,上櫃,50.35,49.11,除息,0.9753723932472691
2025-08-19,00929,上市,17.71,17.63,息,0.9954827780914737
2025-08-19,1474,上市,12.95,12.55,息,0.9691119691119692
2025-08-19,1537,上市,145.0,134.5,息,0.9275862068965517
2025-08-19,2301,上市,134.0,132.0,息,0.9850746268656716
2025-08-19,3017,上市,1145.0,1135.06,息,0.9913187772925763
2025-08-19,3147,上櫃,222.0,193.75,除權息,0.8727477477477478
2025-08-19,4907,上櫃,40.7,38.9,除息,0.9557739557739556
2025-08-19,6796,上市,80.6,72.81,權息,0.9033498759305212
2025-08-20,00775B,上市,31.03,30.68,息,0.9887205929745407
2025-08-20,00844B,上櫃,30.6,30.22,除息,0.9875816993464052
2025-08-20,00867B,上櫃,30.59,30.2,除息,0.9872507355344884
2025-08-20,00981B,上櫃,9.1,9.03,除息,0.9923076923076922
2025-08-20,1737,上市,33.45,32.15,息,0.9611360239162928
2025-08-20,2070,上櫃,43.8,43.3,除息,0.9885844748858448
2025-08-20,3226,上櫃,47.0,46.5,除息,0.9893617021276596
2025-08-20,4130,上櫃,18.9,18.43,除權息,0.9751322751322752
2025-08-20,4161,上櫃,31.35,27.48,除權息,0.876555023923445
2025-08-20,4760,上櫃,147.5,140.48,除權,0.9524067796610168
2025-08-20,6666,上市,52.0,50.0,息,0.9615384615384616
2025-08-21,00679B,上櫃,25.95,25.67,除息,0.9892100192678228
2025-08-21,00771,上市,15.94,15.73,息,0.9868255959849436
2025-08-21,00786B,上櫃,31.66,31.27,除息,0.9876816171825648
2025-08-21,00850,上市,46.99,46.39,息,0.987231325814003
2025-08-21,00967B,上櫃,8.81,8.78,除息,0.9965947786606129
2025-08-21,00968B,上櫃,9.04,9.0,除息,0.9955752212389382
2025-08-21,1231,上市,149.5,134.45,權息,0.8993311036789297
2025-08-21,1442,上市,64.7,60.2,息,0.9304482225656878
2025-08-21,1465,上市,13.5,12.9,息,0.9555555555555556
2025-08-21,1597,上市,85.0,84.3,息,0.9917647058823529
2025-08-21,1714,上市,8.06,7.85,息,0.9739454094292803
2025-08-21,2201,上市,34.05,32.75,息,0.9618208516886931
2025-08-21,2472,上市,81.3,78.2,息,0.961869618696187
2025-08-21,2890,上市,25.85,24.11,權息,0.9326885880077369
2025-08-21,3023,上市,238.0,227.75,息,0.9569327731092437
2025-08-21,3141,上櫃,49.9,49.39,除息,0.9897795591182366
2025-08-21,3284,上櫃,24.85,21.47,除權息,0.863983903420523
2025-08-21,3373,上櫃,20.3,18.45,除權,0.9088669950738916
2025-08-21,4430,上櫃,19.85,19.35,除息,0.9748110831234257
2025-08-21,4746,上市,66.0,63.0,息,0.9545454545454546
2025-08-21,4908,上櫃,88.5,86.75,除息,0.980225988700565
2025-08-21,4966,上櫃,775.0,765.72,除息,0.988025806451613
2025-08-21,6259,上櫃,17.15,16.32,除權息,0.9516034985422741
2025-08-21,6534,上市,106.5,106.0,息,0.9953051643192489
2025-08-21,6806,上市,60.8,59.57,息,0.9797697368421053
2025-08-21,6922,上櫃,193.0,179.27,除權息,0.928860103626943
2025-08-21,6994,上市,90.9,89.94,息,0.9894389438943894
2025-08-21,8077,上櫃,46.0,44.0,除息,0.9565217391304348
2025-08-21,8454,上市,272.0,259.04,權,0.9523529411764706
2025-08-22,1321,上市,37.9,37.52,息,0.9899736147757258
2025-08-22,2428,上市,154.0,147.9,息,0.9603896103896105
2025-08-22,3128,上櫃,41.4,37.55,除權息,0.9070048309178743
2025-08-22,3552,上櫃,67.3,64.71,除權,0.9615156017830608
2025-08-22,6230,上市,145.5,145.27,息,0.9984192439862544
2025-08-22,6469,上櫃,164.0,145.15,除權,0.8850609756097562
2025-08-22,6612,上櫃,108.0,97.91,除權息,0.9065740740740741
2025-08-25,1539,上市,18.85,18.0,息,0.9549071618037135
2025-08-25,1565,上櫃,158.5,149.0,除息,0.9400630914826499
2025-08-25,2250,上市,105.5,97.49,權息,0.9240758293838862
2025-08-25,2377,上市,139.0,134.0,息,0.9640287769784173
2025-08-25,2484,上市,22.2,21.5,息,0.9684684684684685
2025-08-25,2527,上市,27.6,25.6,息,0.927536231884058
2025-08-25,4563,上櫃,57.1,54.1,除息,0.9474605954465849
2025-08-25,4927,上市,28.9,27.38,權,0.9474048442906574
2025-08-25,6877,上櫃,95.4,86.64,除權息,0.9081761006289307
2025-08-25,6955,上市,193.5,168.26,權,0.8695607235142119
2025-08-25,7714,上櫃,116.0,114.0,除息,0.9827586206896551
2025-08-25,8089,上櫃,44.75,38.67,除權息,0.8641340782122905
2025-08-26,00907,上市,15.39,15.26,息,0.9915529564652371
2025-08-26,00958B,上櫃,9.11,9.06,除息,0.9945115257958289
2025-08-26,1409,上市,15.8,15.2,息,0.9620253164556961
2025-08-26,1529,上市,26.4,26.2,息,0.9924242424242424
2025-08-26,2012,上市,18.85,17.85,息,0.946949602122016
2025-08-26,2420,上市,58.8,55.3,息,0.9404761904761905
2025-08-26,2901,上市,26.05,25.67,息,0.9854126679462573
2025-08-26,3236,上櫃,17.5,17.15,除息,0.9799999999999999
2025-08-26,3317,上櫃,48.0,42.84,除權息,0.8925000000000001
2025-08-26,3622,上市,58.6,55.6,息,0.9488054607508533
2025-08-26,3646,上櫃,29.4,27.75,除息,0.9438775510204082
2025-08-26,4111,上櫃,33.7,31.14,除權息,0.9240356083086053
2025-08-26,4554,上櫃,36.95,32.39,除權息,0.8765899864682002
2025-08-26,4741,上櫃,26.65,24.01,除權息,0.9009380863039401
2025-08-26,6103,上櫃,42.0,41.81,除息,0.9954761904761905
2025-08-26,6183,上市,100.5,97.3,息,0.9681592039800995
2025-08-26,6248,上櫃,24.75,22.95,除息,0.9272727272727272
2025-08-26,6752,上櫃,158.5,150.95,除權,0.952365930599369
2025-08-26,8096,上櫃,41.75,41.25,除息,0.9880239520958084
2025-08-26,8289,上櫃,20.0,19.7,除息,0.985
2025-08-26,8403,上櫃,27.4,25.62,除權息,0.935036496350365
2025-08-26,9921,上市,105.5,103.3,息,0.9791469194312796
2025-08-26,9927,上市,65.7,59.7,息,0.908675799086758
2025-08-27,1541,上市,25.9,25.4,息,0.9806949806949807
2025-08-27,1709,上市,18.35,17.55,息,0.9564032697547683
2025-08-27,2227,上市,60.2,56.3,息,0.9352159468438537
2025-08-27,2496,上市,68.0,66.5,息,0.9779411764705882
2025-08-27,6216,上市,32.2,29.66,息,0.9211180124223601
2025-08-27,8086,上櫃,115.0,113.81,除息,0.9896521739130435
2025-08-27,8401,上櫃,28.7,26.82,除權,0.9344947735191638
2025-08-28,1240,上櫃,65.8,58.97,除權息,0.8962006079027356
2025-08-28,1324,上市,10.9,10.7,息,0.9816513761467889
2025-08-28,1453,上市,13.0,12.62,權,0.9707692307692307
2025-08-28,1513,上市,168.0,163.4,息,0.9726190476190476
2025-08-28,1603,上市,40.5,39.0,息,0.9629629629629629
2025-08-28,2038,上市,15.55,15.24,權,0.980064308681672
2025-08-28,2059,上市,2940.0,2907.8,息,0.9890476190476191
2025-08-28,2062,上市,25.65,23.85,息,0.9298245614035089
2025-08-28,2364,上市,99.3,76.38,權,0.7691842900302115
2025-08-28,2383,上市,1280.0,1263.42,息,0.9870468750000001
2025-08-28,2439,上市,117.0,109.7,息,0.9376068376068376
2025-08-28,2441,上市,60.5,57.5,息,0.9504132231404959
2025-08-28,2468,上市,60.7,59.8,息,0.9851729818780889
2025-08-28,2539,上市,60.5,50.0,權息,0.8264462809917356
2025-08-28,2718,上櫃,59.1,56.09,除息,0.9490693739424704
2025-08-28,2751,上櫃,71.5,70.01,除息,0.9791608391608392
2025-08-28,3025,上市,51.7,48.4,息,0.9361702127659574
2025-08-28,3086,上櫃,161.0,153.19,除權息,0.9514906832298137
2025-08-28,3167,上市,210.5,209.5,息,0.995249406175772
2025-08-28,3693,上櫃,280.5,269.5,除息,0.9607843137254902
2025-08-28,3706,上市,100.5,90.45,權息,0.9
2025-08-28,4113,上櫃,21.55,20.7,除息,0.9605568445475637
2025-08-28,4183,上櫃,19.6,18.93,除息,0.9658163265306121
2025-08-28,4735,上櫃,34.95,34.55,除息,0.9885550786838339
2025-08-28,4968,上市,145.0,143.9,息,0.9924137931034483
2025-08-28,5013,上櫃,28.75,27.95,除息,0.9721739130434782
2025-08-28,5202,上櫃,21.75,21.25,除息,0.9770114942528736
2025-08-28,5287,上櫃,182.0,177.0,除息,0.9725274725274725
2025-08-28,5289,上櫃,297.5,282.49,除權息,0.949546218487395
2025-08-28,5464,上櫃,25.8,24.8,除息,0.9612403100775194
2025-08-28,5468,上櫃,17.65,15.83,除權,0.8968838526912182
2025-08-28,5525,上市,31.3,29.25,權,0.9345047923322684
2025-08-28,5534,上市,80.0,74.5,息,0.93125
2025-08-28,6108,上市,15.7,14.7,息,0.9363057324840764
2025-08-28,6227,上櫃,93.9,90.1,除息,0.9595314164004258
2025-08-28,6261,上櫃,62.5,58.5,除息,0.936
2025-08-28,6582,上市,33.5,32.5,息,0.9701492537313433
2025-08-28,6637,上櫃,89.2,85.57,除息,0.9593049327354259
2025-08-28,6916,上市,19.8,19.52,息,0.9858585858585858
2025-08-28,8410,上櫃,46.2,43.2,除息,0.935064935064935
2025-08-28,9105,上市,6.09,6.02,息,0.9885057471264367
2025-08-28,9946,上市,19.65,18.6,息,0.9465648854961833
2025-08-29,1732,上市,29.25,28.75,息,0.9829059829059829
2025-08-29,2367,上市,31.45,30.74,息,0.9774244833068362
2025-08-29,2883,上市,15.55,15.39,權,0.9897106109324759
2025-08-29,3052,上市,12.25,11.75,息,0.9591836734693877
2025-08-29,4303,上櫃,83.1,68.42,除權息,0.8233453670276776
2025-08-29,5392,上櫃,43.8,41.72,除權息,0.9525114155251142
2025-08-29,8076,上櫃,27.6,26.5,除息,0.9601449275362318
2025-09-01,1315,上市,66.5,64.5,息,0.9699248120300752
2025-09-01,3528,上市,73.9,70.9,息,0.959404600811908
2025-09-01,4138,上櫃,76.8,69.82,除權,0.9091145833333333
2025-09-01,4306,上市,15.8,14.5,權息,0.9177215189873418
2025-09-01,6140,上櫃,41.75,37.95,除權,0.9089820359281438
2025-09-01,6234,上櫃,27.4,26.95,除息,0.9835766423357665
2025-09-01,6591,上市,100.5,98.34,權,0.9785074626865672
2025-09-01,7753,上櫃,54.8,53.47,除息,0.9757299270072993
2025-09-02,00939,上市,13.73,13.66,息,0.9949016751638747
2025-09-02,00946,上市,10.18,10.12,息,0.9941060903732809
2025-09-02,00950B,上櫃,13.81,13.74,除息,0.9949312092686459
2025-09-02,00953B,上市,9.57,9.5,息,0.9926854754440961
2025-09-02,1722,上市,53.2,51.2,息,0.9624060150375939
2025-09-02,1734,上市,32.55,31.0,權,0.9523809523809524
2025-09-02,2543,上市,85.2,72.56,權息,0.8516431924882629
2025-09-02,2845,上市,13.6,12.6,權息,0.9264705882352942
2025-09-02,2867,上市,6.11,6.08,權,0.9950900163666121
2025-09-02,2949,上櫃,82.3,68.02,除權,0.8264884568651275
2025-09-02,3047,上市,21.8,21.5,息,0.9862385321100917
2025-09-02,3661,上市,3915.0,3878.52,息,0.9906819923371647
2025-09-02,4549,上櫃,140.5,137.75,除權,0.9804270462633452
2025-09-02,4707,上櫃,10.05,9.8,除息,0.9751243781094527
2025-09-02,5243,上市,77.1,75.6,息,0.980544747081712
2025-09-02,6163,上櫃,21.95,21.5,除息,0.979498861047836
2025-09-02,6245,上櫃,86.0,82.0,除息,0.9534883720930233
2025-09-02,6482,上櫃,61.7,50.58,除權息,0.8197730956239869
2025-09-02,6703,上櫃,137.0,121.82,除權息,0.8891970802919708
2025-09-02,8087,上櫃,34.3,33.3,除息,0.9708454810495627
2025-09-02,8354,上櫃,14.9,14.3,除息,0.9597315436241611
2025-09-02,9941,上市,104.0,94.87,權息,0.9122115384615385
2025-09-02,9941A,上市,52.0,49.66,息,0.955
2025-09-03,00959B,上櫃,9.23,9.19,除息,0.9956663055254603
2025-09-03,00966B,上櫃,13.62,13.56,除息,0.9955947136563877
2025-09-03,2701,上市,11.4,11.12,息,0.975438596491228
2025-09-03,3078,上櫃,88.2,84.2,除息,0.9546485260770975
2025-09-03,3346,上市,24.3,23.09,息,0.9502057613168724
2025-09-03,3434,上櫃,43.2,39.44,除權息,0.9129629629629629
2025-09-03,3558,上櫃,167.5,164.5,除息,0.982089552238806
2025-09-03,4416,上櫃,59.2,58.2,除息,0.9831081081081081
2025-09-03,4438,上市,72.3,71.47,權,0.9885200553250346
2025-09-03,6186,上櫃,70.8,61.31,除權息,0.8659604519774012
2025-09-03,6279,上櫃,148.5,135.71,除權息,0.913872053872054
2025-09-03,6426,上市,76.4,75.9,息,0.993455497382199
2025-09-03,6753,上市,145.5,144.25,息,0.9914089347079038
2025-09-04,00970B,上櫃,9.11,9.07,除息,0.9956092206366631
2025-09-04,1203,上市,40.5,39.3,息,0.9703703703703703
2025-09-04,1339,上市,47.15,44.15,息,0.936373276776246
2025-09-04,2323,上市,8.76,8.46,息,0.9657534246575343
2025-09-04,2493,上市,159.5,140.34,權息,0.8798746081504702
2025-09-04,2755,上櫃,156.0,130.28,除權,0.8351282051282052
2025-09-04,3059,上市,54.2,53.2,息,0.981549815498155
2025-09-04,3594,上櫃,42.55,41.75,除息,0.9811985898942421
2025-09-04,3605,上市,73.2,72.47,息,0.9900273224043715
2025-09-04,4736,上市,141.5,131.5,息,0.9293286219081273
2025-09-04,6139,上市,370.5,356.61,息,0.9625101214574899
2025-09-04,6720,上櫃,141.5,118.72,除權息,0.8390106007067137
2025-09-04,6870,上櫃,208.0,203.92,除權,0.9803846153846153
2025-09-04,7722,上市,600.0,598.5,息,0.9975
2025-09-04,9906,上市,70.5,64.0,息,0.9078014184397163
2025-09-05,01010T,上市,10.1,10.0,息,0.9900990099009901
2025-09-05,1783,上市,44.1,43.27,息,0.9811791383219955
2025-09-05,2732,上櫃,75.7,74.2,除息,0.9801849405548216
2025-09-05,3548,上櫃,115.5,110.73,除權息,0.9587012987012987
2025-09-05,6552,上市,28.45,28.25,息,0.9929701230228472
2025-09-05,8436,上櫃,135.0,125.0,除息,0.9259259259259259
2025-09-08,2530,上市,32.65,31.55,息,0.9663093415007658
2025-09-08,2923,上市,22.6,22.36,息,0.9893805309734512
2025-09-08,3484,上櫃,54.2,51.76,除息,0.9549815498154981
2025-09-08,3545,上市,67.7,65.96,息,0.974298375184638
2025-09-08,4737,上市,78.3,71.19,權,0.9091954022988505
2025-09-08,8234,上櫃,94.4,93.8,除息,0.9936440677966101
2025-09-08,8932,上櫃,241.5,222.5,除權息,0.9213250517598344
2025-09-09,00940,上市,9.38,9.34,息,0.9957356076759061
2025-09-09,1514,上市,107.0,103.23,權息,0.9647663551401869
2025-09-09,2442,上市,26.8,26.3,權息,0.9813432835820896
2025-09-09,3073,上櫃,42.1,39.53,除權,0.9389548693586698
2025-09-09,3483,上櫃,133.5,113.04,除權息,0.8467415730337079
2025-09-09,3551,上櫃,173.5,169.27,除權,0.9756195965417868
2025-09-09,4104,上市,88.4,84.19,權,0.9523755656108597
2025-09-09,5328,上櫃,14.1,13.5,除息,0.9574468085106383
2025-09-09,6133,上市,17.85,17.55,息,0.9831932773109243
2025-09-09,6203,上櫃,69.5,66.0,除息,0.9496402877697842
2025-09-09,6207,上櫃,62.2,60.7,除息,0.9758842443729904
2025-09-09,8908,上櫃,42.4,41.16,除權,0.970754716981132
2025-09-09,8937,上櫃,169.0,168.9,除息,0.9994082840236687
2025-09-10,2379,上市,540.0,514.5,息,0.9527777777777777
2025-09-10,2762,上市,78.8,77.89,息,0.9884517766497463
2025-09-10,2905,上市,13.1,12.79,息,0.9763358778625953
2025-09-10,6584,上櫃,250.0,248.5,除息,0.994
2025-09-10,7712,上櫃,159.5,155.5,除息,0.9749216300940439
2025-09-10,8423,上櫃,19.65,18.5,除權息,0.9414758269720103
2025-09-11,1268,上櫃,164.0,156.5,除息,0.9542682926829268
2025-09-11,2745,上櫃,121.0,114.5,除息,0.9462809917355371
2025-09-11,5906,上市,50.5,48.72,權息,0.9647524752475247
2025-09-11,6126,上櫃,27.55,26.79,除息,0.9724137931034482
2025-09-11,6446,上市,538.0,484.8,權,0.9011152416356878
2025-09-11,6504,上市,50.2,49.2,息,0.9800796812749004
2025-09-12,1517,上市,10.65,10.45,息,0.9812206572769953
2025-09-12,5278,上櫃,36.1,35.93,除息,0.9952908587257617
2025-09-15,00936,上市,15.75,15.69,息,0.9961904761904762
2025-09-15,00942B,上櫃,14.46,14.4,除息,0.995850622406639
2025-09-15,00980B,上櫃,9.56,9.51,除息,0.9947698744769874
2025-09-15,01009T,上市,7.11,6.96,息,0.9789029535864978
2025-09-15,5493,上櫃,93.3,90.7,除息,0.9721329046087889
2025-09-15,6603,上櫃,17.7,17.4,除息,0.983050847457627
2025-09-15,9802,上市,105.0,101.9,息,0.9704761904761905
2025-09-16,00687B,上櫃,28.12,27.82,除息,0.9893314366998577
2025-09-16,00730,上市,24.88,24.77,息,0.9955787781350482
2025-09-16,00740B,上櫃,38.83,38.67,除息,0.9958794746330158
2025-09-16,00741B,上櫃,36.73,36.53,除息,0.9945548597876397
2025-09-16,00764B,上櫃,28.15,27.83,除息,0.9886323268206039
2025-09-16,00772B,上櫃,33.88,33.75,除息,0.9961629279811097
2025-09-16,00773B,上櫃,35.82,35.69,除息,0.9963707426018983
2025-09-16,00777B,上櫃,33.13,33.0,除息,0.996076063990341
2025-09-16,00778B,上櫃,34.79,34.65,除息,0.9959758551307847
2025-09-16,00779B,上櫃,28.45,28.17,除息,0.990158172231986
2025-09-16,00781B,上櫃,29.97,29.52,除息,0.984984984984985
2025-09-16,00792B,上櫃,32.17,31.75,除息,0.9869443580976064
2025-09-16,00793B,上櫃,31.06,30.68,除息,0.9877656149388281
2025-09-16,00840B,上櫃,30.34,30.23,除息,0.9963744232036915
2025-09-16,00859B,上櫃,40.3,39.69,除息,0.9848635235732011
2025-09-16,00862B,上櫃,32.25,31.83,除息,0.9869767441860464
2025-09-16,00863B,上櫃,32.62,32.17,除息,0.9862047823421215
2025-09-16,00883B,上櫃,30.97,30.85,除息,0.9961252825314821
2025-09-16,00890B,上櫃,32.72,32.58,除息,0.995721271393643
2025-09-16,00896,上市,18.47,18.07,息,0.9783432593394695
2025-09-16,00900,上市,13.57,13.47,息,0.9926308032424466
2025-09-16,00915,上市,22.72,22.43,息,0.9872359154929577
2025-09-16,00919,上市,21.79,21.25,息,0.9752179899036255
2025-09-16,00921,上市,17.74,17.54,息,0.9887260428410373
2025-09-16,00933B,上櫃,16.1,16.03,除息,0.9956521739130435
2025-09-16,00934,上市,20.04,19.95,息,0.9955089820359282
2025-09-16,00935,上市,26.49,25.74,息,0.9716874292185731
2025-09-16,00937B,上櫃,15.04,14.97,除息,0.9953457446808511
2025-09-16,00943,上市,14.32,14.25,息,0.9951117318435754
2025-09-16,00944,上市,14.4,14.34,息,0.9958333333333333
2025-09-16,00945B,上市,14.08,14.0,息,0.9943181818181818
2025-09-16,00948B,上櫃,9.54,9.5,除息,0.9958071278825996
2025-09-16,00952,上市,10.95,10.92,息,0.9972602739726028
2025-09-16,00957B,上櫃,13.77,13.7,除息,0.9949164851125635
2025-09-16,00961,上市,9.22,9.17,息,0.9945770065075921
2025-09-16,00962,上市,10.6,10.57,息,0.9971698113207548
2025-09-16,00963,上市,10.73,10.67,息,0.9944082013047529
2025-09-16,00964,上市,11.0,10.93,息,0.9936363636363637
2025-09-16,00972,上市,16.84,16.77,息,0.9958432304038004
2025-09-16,009802,上市,10.78,10.67,息,0.989795918367347
2025-09-16,009803,上市,11.83,11.64,息,0.9839391377852916
2025-09-16,00982B,上櫃,9.98,9.93,除息,0.9949899799599198
2025-09-16,2330,上市,1255.0,1249.99,息,0.99600796812749
2025-09-16,5306,上市,88.8,87.78,息,0.9885135135135136
2025-09-16,6931,上市,51.0,50.88,息,0.9976470588235294
2025-09-16,8104,上市,40.1,38.69,權息,0.9648379052369076
2025-09-17,00710B,上市,18.67,18.35,息,0.982860203535083
2025-09-17,00711B,上市,15.9,15.71,息,0.9880503144654088
2025-09-17,00712,上市,9.18,8.99,息,0.9793028322440087
2025-09-17,00853B,上櫃,28.08,27.74,除息,0.9878917378917379
2025-09-17,00929,上市,18.39,18.31,息,0.9956498096791734
2025-09-17,2374,上市,107.0,95.01,權息,0.887943925233645
2025-09-17,2488,上市,49.6,46.4,息,0.9354838709677419
2025-09-17,3002,上市,17.1,16.4,息,0.95906432748538
2025-09-17,8349,上櫃,50.4,45.82,除權,0.9091269841269841
2025-09-18,00728,上市,33.62,33.29,息,0.9901844140392624
2025-09-18,00918,上市,22.93,22.41,息,0.9773222852158744
2025-09-18,00981B,上櫃,9.18,9.11,除息,0.9923747276688453
2025-09-18,2706,上市,13.75,13.4,息,0.9745454545454546
2025-09-18,2743,上櫃,114.0,86.15,除權息,0.755701754385965
2025-09-18,4716,上櫃,15.15,14.17,除權息,0.9353135313531353
2025-09-18,5498,上櫃,18.8,18.65,除息,0.9920212765957446
2025-09-18,6757,上市,87.7,81.65,息,0.9310148232611175
2025-09-18,8107,上櫃,17.0,16.0,除息,0.9411764705882353
2025-09-19,00697B,上櫃,34.95,34.66,除息,0.9917024320457795
2025-09-19,00713,上市,51.85,51.07,息,0.9849566055930569
2025-09-19,00751B,上櫃,32.34,31.93,除息,0.9873222016079157
2025-09-19,00787B,上櫃,32.32,31.9,除息,0.9870049504950494
2025-09-19,00967B,上櫃,9.09,9.06,除息,0.9966996699669968
2025-09-19,00968B,上櫃,9.31,9.27,除息,0.995703544575725
2025-09-19,1528,上市,16.2,16.1,息,0.9938271604938272
2025-09-19,5512,上櫃,8.87,8.69,除息,0.979706877113867
2025-09-22,00836B,上櫃,28.99,28.55,除息,0.9848223525353571
2025-09-22,00856B,上櫃,36.55,36.05,除息,0.9863201094391245
2025-09-22,00857B,上櫃,23.08,22.82,除息,0.9887348353552861
2025-09-22,00930,上市,17.65,17.53,息,0.9932011331444761
2025-09-22,00958B,上櫃,9.2,9.15,除息,0.9945652173913044
2025-09-22,8099,上櫃,83.5,73.19,除權息,0.8765269461077844
2025-09-23,1590,上市,782.0,762.45,息,0.9750000000000001
2025-09-23,1599,上櫃,30.15,29.64,除息,0.9830845771144279
2025-09-23,3178,上櫃,61.0,60.5,除息,0.9918032786885246
2025-09-23,4912,上市,78.7,78.52,息,0.9977128335451079
2025-09-24,1225,上市,31.65,29.86,權息,0.9434439178515008
2025-09-24,4109,上櫃,16.9,16.4,除息,0.9704142011834319
2025-09-24,4168,上櫃,24.95,24.87,除權,0.9967935871743487
2025-09-24,5213,上櫃,26.05,25.45,除權,0.9769673704414586
2025-09-25,1808,上市,30.85,28.85,息,0.9351701782820098
2025-09-25,2109,上市,16.35,15.85,息,0.9694189602446482
2025-09-25,2458,上市,131.0,128.35,息,0.9797709923664122
2025-09-25,2542,上市,44.75,40.71,權息,0.9097206703910615
2025-09-25,2881,上市,89.0,86.82,權,0.975505617977528
2025-09-25,6593,上櫃,47.65,47.2,除息,0.9905561385099686
2025-09-25,8906,上櫃,35.05,34.95,除息,0.9971469329529246
2025-09-26,3021,上市,18.45,18.14,息,0.9831978319783199
2025-09-26,4441,上市,276.0,266.85,息,0.9668478260869566
2025-09-26,7631,上市,144.0,143.35,息,0.9954861111111111
2025-09-30,2540,上市,79.5,56.07,權息,0.7052830188679245
2025-09-30,3312,上市,42.1,41.84,權,0.9938242280285036
2025-10-01,3289,上櫃,120.0,117.22,除權,0.9768333333333333
2025-10-02,00939,上市,14.1,14.02,息,0.9943262411347518
2025-10-02,00950B,上櫃,14.07,14.01,除息,0.9957356076759062
2025-10-02,00959B,上櫃,9.48,9.44,除息,0.9957805907172995
2025-10-02,00966B,上櫃,14.02,13.96,除息,0.9957203994293867
2025-10-02,01004T,上市,11.43,11.22,息,0.9816272965879266
2025-10-02,3332,上櫃,54.7,53.6,除息,0.979890310786106
2025-10-02,4967,上市,89.0,86.0,息,0.9662921348314607
2025-10-02,6523,上櫃,124.5,122.5,除息,0.9839357429718876
2025-10-03,020035,上櫃,8.83,8.5,除息,0.9626274065685164
2025-10-03,1784,上櫃,82.7,81.28,除息,0.9828295042321644
2025-10-03,3356,上市,52.8,48.8,息,0.9242424242424242
2025-10-03,4123,上櫃,38.5,35.92,除權息,0.932987012987013
2025-10-03,4160,上櫃,56.5,54.65,除息,0.9672566371681416
2025-10-03,5201,上櫃,53.5,49.05,除權,0.9168224299065421
2025-10-07,00946,上市,10.26,10.2,息,0.9941520467836257
2025-10-07,00953B,上市,9.53,9.46,息,0.9926547743966423
2025-10-07,00970B,上櫃,9.46,9.42,除息,0.9957716701902748
2025-10-07,1256,上市,174.0,172.43,權,0.9909770114942529
2025-10-07,3004,上市,140.0,134.37,權,0.9597857142857144
2025-10-07,3701,上市,39.6,39.4,息,0.9949494949494949
2025-10-07,6533,上市,299.0,295.76,權,0.9891638795986621
2025-10-07,6776,上市,52.5,51.89,權,0.9883809523809524
2025-10-08,00940,上市,9.54,9.5,息,0.9958071278825996
2025-10-08,1235,上市,67.6,55.91,權息,0.8270710059171598
2025-10-09,1586,上櫃,27.05,26.75,除息,0.988909426987061
2025-10-13,1449,上市,12.5,12.1,權,0.968
2025-10-14,6590,上櫃,83.8,72.87,除權,0.8695704057279237
2025-10-16,01010T,上市,10.01,10.0,權,0.999000999000999
2025-10-16,1463,上市,21.75,19.65,息,0.9034482758620689
2025-10-17,00734B,上櫃,15.73,15.57,除息,0.9898283534647171
2025-10-17,00842B,上櫃,32.38,31.78,除息,0.9814700432365657
2025-10-17,00851,上市,56.0,54.3,息,0.9696428571428571
2025-10-17,00936,上市,15.74,15.68,息,0.9961880559085133
2025-10-17,00942B,上櫃,14.68,14.63,除息,0.9965940054495913
2025-10-17,00947,上市,16.09,16.01,息,0.99502796768179
2025-10-17,00962,上市,11.06,11.03,息,0.9972875226039782
2025-10-17,00980B,上櫃,9.68,9.63,除息,0.9948347107438018
2025-10-17,2236,上市,92.0,91.59,權,0.9955434782608696
2025-10-20,00694B,上櫃,40.74,40.48,除息,0.9936180657830141
2025-10-20,00695B,上櫃,35.34,35.08,除息,0.9926428975664967
2025-10-20,00696B,上櫃,30.18,29.9,除息,0.9907223326706428
2025-10-20,00714,上市,20.05,19.92,息,0.9935162094763093
2025-10-20,00717,上市,14.84,14.69,息,0.9898921832884097
2025-10-20,00722B,上櫃,37.58,37.07,除息,0.9864289515699841
2025-10-20,00723B,上櫃,32.65,32.22,除息,0.9868300153139357
2025-10-20,00724B,上櫃,34.67,34.21,除息,0.9867320449956735
2025-10-20,00725B,上櫃,36.34,35.81,除息,0.9854155200880572
2025-10-20,00727B,上櫃,39.29,38.72,除息,0.9854924917281751
2025-10-20,00730,上市,23.81,23.7,息,0.9953800923981521
2025-10-20,00733,上市,48.3,47.23,息,0.9778467908902692
2025-10-20,00740B,上櫃,39.6,39.43,除息,0.9957070707070707
2025-10-20,00741B,上櫃,36.97,36.77,除息,0.9945902082769814
2025-10-20,00746B,上櫃,36.4,35.98,除息,0.9884615384615384
2025-10-20,00749B,上櫃,32.0,31.6,除息,0.9875
2025-10-20,00750B,上櫃,34.64,34.26,除息,0.9890300230946881
2025-10-20,00772B,上櫃,34.56,34.43,除息,0.9962384259259258
2025-10-20,00773B,上櫃,36.55,36.41,除息,0.9961696306429548
2025-10-20,00777B,上櫃,33.75,33.62,除息,0.9961481481481481
2025-10-20,00778B,上櫃,35.5,35.36,除息,0.996056338028169
2025-10-20,00782B,上櫃,31.84,31.34,除息,0.9842964824120602
2025-10-20,00785B,上櫃,35.74,35.33,除息,0.9885282596530497
2025-10-20,00840B,上櫃,31.05,30.94,除息,0.9964573268921095
2025-10-20,00848B,上櫃,34.7,34.3,除息,0.988472622478386
2025-10-20,00849B,上櫃,36.52,36.22,除息,0.9917853231106242
2025-10-20,00883B,上櫃,31.62,31.5,除息,0.9962049335863378
2025-10-20,00884B,上櫃,30.41,30.01,除息,0.9868464320947057
2025-10-20,00890B,上櫃,33.36,33.22,除息,0.9958033573141487
2025-10-20,00900,上市,13.63,13.53,息,0.9926632428466616
2025-10-20,00905,上市,16.74,16.49,息,0.9850657108721624
2025-10-20,00908,上市,13.49,13.36,息,0.9903632320237212
2025-10-20,00912,上市,20.92,20.62,息,0.98565965583174
2025-10-20,00922,上市,25.94,24.69,息,0.9518118735543563
2025-10-20,00927,上市,20.47,20.25,息,0.9892525647288716
2025-10-20,00933B,上櫃,16.39,16.32,除息,0.9957291031116534
2025-10-20,00934,上市,20.22,20.12,息,0.9950544015825916
2025-10-20,00937B,上櫃,15.35,15.28,除息,0.9954397394136808
2025-10-20,00943,上市,14.85,14.78,息,0.9952861952861952
2025-10-20,00944,上市,14.23,14.17,息,0.9957835558678847
2025-10-20,00945B,上市,14.2,14.11,息,0.9936619718309859
2025-10-20,00948B,上櫃,9.71,9.67,除息,0.9958805355303809
2025-10-20,00952,上市,11.37,11.34,息,0.9973614775725594
2025-10-20,00956,上市,10.32,10.16,息,0.9844961240310077
2025-10-20,00957B,上櫃,14.05,13.98,除息,0.995017793594306
2025-10-20,00960,上市,13.68,13.47,息,0.9846491228070177
2025-10-20,00961,上市,9.48,9.44,息,0.9957805907172995
2025-10-20,00963,上市,10.6,10.54,息,0.9943396226415094
2025-10-20,00964,上市,10.94,10.87,息,0.9936014625228519
2025-10-20,00982B,上櫃,10.14,10.09,除息,0.995069033530572
2025-10-20,00984A,上市,10.6,10.39,息,0.9801886792452831
2025-10-20,2465,上市,75.3,72.07,權,0.9571049136786188
2025-10-21,00789B,上櫃,50.0,49.41,除息,0.9882
2025-10-21,00791B,上櫃,55.6,55.03,除息,0.9897482014388489
2025-10-21,00929,上市,18.62,18.54,息,0.995703544575725
2025-10-21,00931B,上櫃,13.89,13.75,除息,0.9899208063354932
2025-10-21,00980D,上櫃,20.86,20.75,除息,0.9947267497603068
2025-10-21,6655,上市,116.5,115.3,息,0.9896995708154506
2025-10-22,00904,上市,21.9,21.25,息,0.9703196347031964
2025-10-22,00981B,上櫃,9.22,9.15,除息,0.9924078091106291
2025-10-22,1589,上市,22.35,21.78,權,0.974496644295302
2025-10-22,6499,上櫃,122.5,120.92,除權,0.9871020408163266
2025-10-22,8936,上櫃,56.6,54.6,除息,0.9646643109540636
2025-10-23,0056,上市,37.75,36.88,息,0.976953642384106
2025-10-23,006204,上市,142.1,138.84,息,0.9770584095707249
2025-10-23,00719B,上櫃,30.57,30.28,除息,0.9905135754007197
2025-10-23,00720B,上櫃,34.47,34.01,除息,0.986655062373078
2025-10-23,00739,上市,26.22,25.32,息,0.965675057208238
2025-10-23,00788B,上櫃,30.8,30.42,除息,0.9876623376623377
2025-10-23,00834B,上櫃,35.0,34.62,除息,0.9891428571428571
2025-10-23,00870B,上櫃,29.55,29.19,除息,0.9878172588832488
2025-10-23,00888,上櫃,20.21,19.71,除息,0.975259772389906
2025-10-23,00907,上市,15.74,15.6,息,0.9911054637865311
2025-10-23,00958B,上櫃,9.5,9.48,除息,0.9978947368421053
2025-10-23,00967B,上櫃,9.39,9.36,除息,0.9968051118210861
2025-10-23,00968B,上櫃,9.51,9.47,除息,0.9957939011566773
2025-10-23,2543,上市,71.7,71.2,息,0.99302649930265
2025-10-27,2489,上市,15.6,15.1,息,0.967948717948718
2025-10-27,3550,上市,14.9,14.36,權,0.963758389261745
2025-10-28,2812,上市,21.9,21.85,權,0.9977168949771691
2025-10-28,4552,上市,23.2,22.2,息,0.9568965517241379
2025-10-28,5314,上櫃,124.5,124.23,除息,0.9978313253012049
2025-10-29,00726B,上櫃,33.51,33.01,除息,0.9850790808713816
2025-10-30,2756,上櫃,91.9,90.6,除息,0.9858541893362349
2025-10-31,2947,上櫃,86.5,85.5,除息,0.9884393063583815
2025-10-31,5283,上市,73.9,61.16,權息,0.8276048714479025
2025-10-31,6221,上櫃,50.5,37.41,除權,0.7407920792079207
2025-11-03,00939,上市,14.58,14.5,息,0.9945130315500685
2025-11-03,00950B,上櫃,14.26,14.19,除息,0.9950911640953717
2025-11-03,00959B,上櫃,9.54,9.5,除息,0.9958071278825996
2025-11-03,00966B,上櫃,14.15,14.09,除息,0.9957597173144876
2025-11-03,2066,上櫃,66.3,63.28,除息,0.954449472096531
2025-11-04,3563,上市,543.0,492.72,權息,0.9074033149171271
2025-11-05,00946,上市,10.43,10.37,息,0.9942473633748801
2025-11-05,00953B,上市,9.59,9.52,息,0.9927007299270073
2025-11-05,00970B,上櫃,9.41,9.37,除息,0.9957492029755578
2025-11-05,00985B,上市,10.14,10.09,息,0.995069033530572
2025-11-05,020036,上市,7.24,6.91,息,0.9544198895027625
2025-11-06,00940,上市,9.61,9.57,息,0.9958376690946931
2025-11-06,3289,上櫃,111.0,109.97,除息,0.9907207207207207
2025-11-10,2515,上市,17.0,16.18,權,0.951764705882353
2025-11-10,5011,上櫃,11.05,10.85,除息,0.9819004524886877
2025-11-14,3037,上市,178.5,176.67,權,0.9897478991596638
2025-11-17,00936,上市,15.82,15.76,息,0.9962073324905183
2025-11-17,00942B,上櫃,14.5,14.44,除息,0.9958620689655172
2025-11-17,00951,上市,11.04,10.88,息,0.9855072463768118
2025-11-17,00962,上市,11.02,10.99,息,0.9972776769509982
2025-11-17,00980B,上櫃,9.55,9.5,除息,0.9947643979057591
2025-11-17,6464,上市,75.1,72.9,權,0.9707057256990681
2025-11-18,006208,上市,144.8,141.35,息,0.9761740331491712
2025-11-18,00690,上市,43.06,42.17,息,0.9793311658151417
2025-11-18,00692,上市,55.85,54.59,息,0.9774395702775291
2025-11-18,00730,上市,22.21,22.1,息,0.995047276001801
2025-11-18,00740B,上櫃,38.81,38.64,除息,0.9956196856480288
2025-11-18,00741B,上櫃,37.26,37.06,除息,0.9946323134728933
2025-11-18,00754B,上櫃,34.38,33.97,除息,0.9880744618964513
2025-11-18,00755B,上櫃,33.11,32.67,除息,0.9867109634551495
2025-11-18,00756B,上櫃,32.43,31.96,除息,0.9855072463768116
2025-11-18,00761B,上櫃,34.95,34.54,除息,0.9882689556509298
2025-11-18,00772B,上櫃,33.9,33.77,除息,0.9961651917404131
2025-11-18,00773B,上櫃,36.27,36.13,除息,0.9961400606561897
2025-11-18,00777B,上櫃,33.02,32.89,除息,0.9960629921259841
2025-11-18,00778B,上櫃,35.0,34.86,除息,0.996
2025-11-18,00780B,上櫃,37.79,37.32,除息,0.9875628473141043
2025-11-18,00795B,上櫃,27.61,27.29,除息,0.9884099963781239
2025-11-18,00799B,上櫃,30.52,29.97,除息,0.9819790301441678
2025-11-18,00840B,上櫃,30.35,30.23,除息,0.9960461285008236
2025-11-18,00841B,上櫃,29.89,29.55,除息,0.9886249581799933
2025-11-18,00845B,上櫃,33.82,33.45,除息,0.9890597279716145
2025-11-18,00846B,上櫃,36.26,35.82,除息,0.9878654164368451
2025-11-18,00847B,上櫃,26.23,25.88,除息,0.9866565001906213
2025-11-18,00860B,上櫃,37.95,37.53,除息,0.9889328063241106
2025-11-18,00864B,上櫃,45.96,45.4,除息,0.9878154917319407
2025-11-18,00878,上市,21.11,20.71,息,0.981051634296542
2025-11-18,00883B,上櫃,30.69,30.57,除息,0.9960899315738025
2025-11-18,00890B,上櫃,32.46,32.32,除息,0.9956869993838571
2025-11-18,00891,上市,19.1,18.5,息,0.9685863874345549
2025-11-18,00892,上市,20.65,20.37,息,0.9864406779661018
2025-11-18,00894,上市,26.59,26.19,息,0.9849567506581423
2025-11-18,00900,上市,13.43,13.33,息,0.992553983618764
2025-11-18,00932,上市,14.33,14.13,息,0.9860432658757852
2025-11-18,00933B,上櫃,16.24,16.17,除息,0.995689655172414
2025-11-18,00934,上市,20.63,20.5,息,0.9936984973339796
2025-11-18,00937B,上櫃,14.94,14.87,除息,0.9953145917001338
2025-11-18,00938,上市,16.57,16.39,息,0.9891369945684974
2025-11-18,00943,上市,14.51,14.44,息,0.9951757408683666
2025-11-18,00944,上市,14.06,14.0,息,0.995732574679943
2025-11-18,00945B,上市,14.35,14.26,息,0.9937282229965156
2025-11-18,00948B,上櫃,9.48,9.44,除息,0.9957805907172995
2025-11-18,00952,上市,11.72,11.69,息,0.9974402730375426
2025-11-18,00957B,上櫃,13.74,13.67,除息,0.99490538573508
2025-11-18,00961,上市,9.66,9.64,息,0.9979296066252589
2025-11-18,00963,上市,11.01,10.97,息,0.9963669391462308
2025-11-18,00964,上市,11.65,11.57,息,0.9931330472103004
2025-11-18,00980A,上市,14.62,14.29,息,0.9774281805745554
2025-11-18,00982A,上市,14.09,13.75,息,0.9758694109297374
2025-11-18,00982B,上櫃,9.9,9.85,除息,0.9949494949494949
2025-11-19,00731,上市,66.2,65.54,息,0.9900302114803626
2025-11-19,00758B,上櫃,51.45,50.87,除息,0.9887269193391641
2025-11-19,00759B,上櫃,55.4,54.8,除息,0.9891696750902527
2025-11-19,00760B,上櫃,55.7,54.99,除息,0.9872531418312388
2025-11-19,00768B,上櫃,53.25,52.01,除息,0.9767136150234741
2025-11-19,00929,上市,17.53,17.44,息,0.9948659440958357
2025-11-19,00980D,上櫃,20.85,20.74,除息,0.9947242206235011
2025-11-20,00775B,上市,32.59,32.22,息,0.9886468241791959
2025-11-20,00844B,上櫃,32.24,31.92,除息,0.9900744416873449
2025-11-20,00867B,上櫃,31.7,31.33,除息,0.9883280757097791
2025-11-20,009808,上市,18.59,18.18,息,0.9779451317912856
2025-11-20,00981B,上櫃,9.24,9.17,除息,0.9924242424242424
2025-11-20,01007T,上市,13.67,13.44,息,0.9831748354059985
2025-11-21,0051,上市,91.1,88.1,息,0.9670691547749726
2025-11-21,0053,上市,136.55,133.55,息,0.9780300256316368
2025-11-21,0055,上市,30.63,29.38,息,0.9591903362716291
2025-11-21,006201,上櫃,23.89,23.12,除息,0.9677689409794893
2025-11-21,00679B,上櫃,27.51,27.23,除息,0.9898218829516539
2025-11-21,00771,上市,16.19,15.98,息,0.987029030265596
2025-11-21,00786B,上櫃,33.09,32.71,除息,0.988516168026594
2025-11-21,00850,上市,53.45,52.75,息,0.9869036482694106
2025-11-21,00967B,上櫃,9.28,9.25,除息,0.9967672413793104
2025-11-21,00968B,上櫃,9.34,9.3,除息,0.9957173447537474
2025-11-24,7780,上市,181.0,180.15,息,0.995303867403315
2025-11-25,00901,上市,26.26,23.66,息,0.9009900990099009
2025-11-25,00930,上市,16.92,16.79,息,0.9923167848699762
2025-11-25,00958B,上櫃,9.52,9.47,除息,0.994747899159664
2025-11-25,5263,上櫃,92.0,91.67,除權,0.9964130434782609
2025-11-26,2726,上櫃,16.95,15.96,除權,0.9415929203539823
2025-11-27,1815,上櫃,77.1,75.96,除權,0.9852140077821011
2025-11-27,2762,上市,80.6,79.66,息,0.9883374689826303
2025-12-02,00939,上市,13.91,13.83,息,0.9942487419122933
2025-12-02,4735,上櫃,34.3,33.6,除息,0.979591836734694
2025-12-03,00946,上市,9.85,9.79,息,0.9939086294416243
2025-12-03,00950B,上櫃,14.47,14.41,除息,0.9958534899792674
2025-12-03,00953B,上市,9.76,9.69,息,0.992827868852459
2025-12-03,00966B,上櫃,14.28,14.22,除息,0.9957983193277312
2025-12-03,00985B,上市,10.32,10.27,息,0.9951550387596898
2025-12-03,020038,上市,7.88,7.35,息,0.932741116751269
2025-12-03,2718,上櫃,57.2,55.7,除息,0.9737762237762237
2025-12-03,3135,上市,59.0,57.67,息,0.9774576271186441
2025-12-03,4714,上櫃,16.5,16.3,除息,0.9878787878787879
2025-12-04,00959B,上櫃,9.6,9.56,除息,0.9958333333333335
2025-12-04,3004,上市,100.5,97.94,權,0.9745273631840796
2025-12-04,6523,上櫃,126.0,122.0,除息,0.9682539682539683
2025-12-04,8431,上櫃,48.45,43.95,除權,0.9071207430340558
2025-12-05,00970B,上櫃,9.56,9.52,除息,0.9958158995815899
2025-12-05,3321,上市,23.0,18.97,權,0.8247826086956521
2025-12-09,2530,上市,28.55,27.8,息,0.9737302977232924
2025-12-09,3715,上市,117.0,116.75,權,0.9978632478632479
2025-12-09,6277,上市,64.9,63.9,息,0.9845916795069336
2025-12-10,00940,上市,9.26,9.21,息,0.9946004319654429
2025-12-10,2236,上市,116.0,112.21,權息,0.9673275862068965
2025-12-10,6949,上市,352.0,348.11,權,0.9889488636363637
2025-12-11,2330,上市,1505.0,1499.99,息,0.996671096345515
2025-12-11,3680,上櫃,342.0,340.1,除息,0.9944444444444445
2025-12-11,6438,上市,142.0,139.0,息,0.9788732394366197
2025-12-15,00936,上市,15.89,15.83,息,0.9962240402769037
2025-12-15,00942B,上櫃,14.55,14.49,除息,0.9958762886597938
2025-12-15,00962,上市,10.82,10.79,息,0.9972273567467651
2025-12-15,00980B,上櫃,9.6,9.55,除息,0.9947916666666667
2025-12-16,00687B,上櫃,28.31,28.03,除息,0.9901095019427765
2025-12-16,00730,上市,23.24,23.13,息,0.9952667814113597
2025-12-16,00740B,上櫃,38.99,38.82,除息,0.995639907668633
2025-12-16,00741B,上櫃,37.54,37.34,除息,0.9946723494938733
2025-12-16,00764B,上櫃,28.34,28.02,除息,0.9887085391672548
2025-12-16,00772B,上櫃,34.04,33.91,除息,0.9961809635722678
2025-12-16,00773B,上櫃,36.55,36.41,除息,0.9961696306429548
2025-12-16,00777B,上櫃,33.09,32.96,除息,0.9960713206406768
2025-12-16,00778B,上櫃,35.27,35.13,除息,0.9960306209242983
2025-12-16,00779B,上櫃,28.67,28.38,除息,0.9898848971049877
2025-12-16,00781B,上櫃,29.65,29.2,除息,0.984822934232715
2025-12-16,00792B,上櫃,32.32,31.89,除息,0.9866955445544554
2025-12-16,00793B,上櫃,31.26,30.86,除息,0.9872040946896993
2025-12-16,00840B,上櫃,30.45,30.33,除息,0.9960591133004926
2025-12-16,00853B,上櫃,28.19,27.84,除息,0.9875842497339482
2025-12-16,00859B,上櫃,41.33,40.71,除息,0.9849987902250182
2025-12-16,00862B,上櫃,32.1,31.68,除息,0.9869158878504672
2025-12-16,00863B,上櫃,32.55,32.17,除息,0.988325652841782
2025-12-16,00883B,上櫃,30.91,30.79,除息,0.9961177612423163
2025-12-16,00890B,上櫃,32.61,32.47,除息,0.9957068383931309
2025-12-16,00896,上市,19.33,18.73,息,0.9689601655457839
2025-12-16,00900,上市,13.48,13.4,息,0.9940652818991098
2025-12-16,00915,上市,22.59,22.24,息,0.984506418769367
2025-12-16,00919,上市,22.19,21.65,息,0.9756647138350607
2025-12-16,00921,上市,17.77,17.58,息,0.9893078221722003
2025-12-16,00926,上市,24.52,23.05,息,0.9400489396411094
2025-12-16,00933B,上櫃,16.37,16.3,除息,0.9957238851557727
2025-12-16,00934,上市,20.56,20.42,息,0.9931906614785994
2025-12-16,00937B,上櫃,15.01,14.94,除息,0.9953364423717521
2025-12-16,00943,上市,14.38,14.31,息,0.9951321279554938
2025-12-16,00944,上市,14.47,14.41,息,0.9958534899792674
2025-12-16,00945B,上市,14.45,14.36,息,0.9937716262975779
2025-12-16,00948B,上櫃,9.53,9.49,除息,0.9958027282266527
2025-12-16,00952,上市,11.59,11.56,息,0.9974115616911131
2025-12-16,00957B,上櫃,13.71,13.64,除息,0.9948942377826404
2025-12-16,00961,上市,9.32,9.3,息,0.997854077253219
2025-12-16,00963,上市,11.29,11.25,息,0.9964570416297609
2025-12-16,00964,上市,11.33,11.24,息,0.9920564872021183
2025-12-16,00971,上市,16.9,15.9,息,0.940828402366864
2025-12-16,00972,上市,18.27,18.0,息,0.9852216748768473
2025-12-16,009802,上市,11.02,10.92,息,0.9909255898366607
2025-12-16,00980D,上櫃,20.87,20.76,除息,0.9947292764734068
2025-12-16,00981D,上櫃,10.55,10.47,除息,0.9924170616113744
2025-12-16,00982B,上櫃,9.95,9.9,除息,0.9949748743718594
2025-12-16,01010T,上市,10.05,9.98,息,0.9930348258706467
2025-12-16,8299,上櫃,1125.0,1118.77,除息,0.9944622222222222
2025-12-17,00710B,上市,19.3,18.99,息,0.9839378238341968
2025-12-17,00711B,上市,16.51,16.32,息,0.9884918231374924
2025-12-17,00712,上市,9.25,9.06,息,0.9794594594594596
2025-12-17,00929,上市,17.61,17.52,息,0.9948892674616695
2025-12-17,009803,上市,12.58,12.36,息,0.9825119236883942
2025-12-17,3543,上市,43.9,42.18,權,0.9608200455580865
2025-12-17,6121,上櫃,361.5,352.0,除息,0.9737206085753803
2025-12-18,00728,上市,35.87,35.5,息,0.9896849735154726
2025-12-18,00918,上市,22.99,22.42,息,0.9752066115702481
2025-12-18,00981B,上櫃,9.41,9.34,除息,0.9925611052072263
2025-12-18,4739,上市,67.2,66.75,權,0.9933035714285714
2025-12-18,6548,上櫃,41.0,40.55,除息,0.9890243902439023
2025-12-18,6804,上櫃,18.8,18.27,除權,0.9718085106382978
2025-12-18,8070,上市,44.6,43.89,息,0.9840807174887892
2025-12-19,00697B,上櫃,36.46,36.15,除息,0.9914975315414152
2025-12-19,00713,上市,51.15,50.37,息,0.9847507331378299
2025-12-19,00751B,上櫃,32.6,32.19,除息,0.9874233128834354
2025-12-19,00787B,上櫃,33.43,33.01,除息,0.9874364343404127
2025-12-19,00967B,上櫃,9.34,9.31,除息,0.9967880085653106
2025-12-19,00968B,上櫃,9.43,9.39,除息,0.9957582184517498
2025-12-19,8467,上市,155.5,153.5,息,0.9871382636655949
2025-12-22,4991,上櫃,192.5,189.42,除權,0.984
2025-12-22,5306,上市,88.5,87.63,息,0.9901694915254237
2025-12-22,6931,上市,64.7,64.58,息,0.9981452859350849
2025-12-23,00836B,上櫃,29.62,29.2,除息,0.9858203916272789
2025-12-23,00856B,上櫃,38.01,37.64,除息,0.9902657195474875
2025-12-23,00857B,上櫃,23.75,23.57,除息,0.992421052631579
2025-12-23,00907,上市,15.51,15.37,息,0.9909735654416505
2025-12-23,00958B,上櫃,9.5,9.46,除息,0.9957894736842107
2025-12-23,2474,上市,197.0,193.84,息,0.9839593908629441
2025-12-23,3325,上櫃,18.6,17.58,除權,0.9451612903225804
2025-12-23,4912,上市,83.8,83.49,息,0.9963007159904534
2025-12-24,2753,上市,197.0,193.0,息,0.9796954314720813
2025-12-24,6123,上櫃,49.85,48.85,除息,0.9799398194583752
2025-12-29,6796,上市,104.5,102.64,權,0.9822009569377991
2025-12-30,5278,上櫃,30.2,30.03,除息,0.9943708609271524
2025-12-30,7631,上市,128.0,127.26,息,0.99421875
2025-12-31,6488,上櫃,413.0,411.0,除息,0.9951573849878934
2025-12-31,6561,上櫃,392.5,385.9,除息,0.9831847133757962
2026-01-02,00939,上市,14.7,14.62,息,0.9945578231292517
2026-01-02,00950B,上櫃,14.34,14.29,除息,0.9965132496513249
2026-01-02,00959B,上櫃,9.56,9.52,除息,0.9958158995815899
2026-01-02,00966B,上櫃,14.19,14.13,除息,0.9957716701902749
2026-01-02,00983B,上櫃,16.18,16.09,除息,0.9944375772558715
2026-01-02,00984B,上櫃,16.91,16.78,除息,0.9923122412773507
2026-01-05,5704,上櫃,29.4,26.89,除權,0.9146258503401361
2026-01-06,00946,上市,9.6,9.54,息,0.9937499999999999
2026-01-06,00953B,上市,9.76,9.69,息,0.992827868852459
2026-01-06,00970B,上櫃,9.45,9.41,除息,0.9957671957671959
2026-01-06,00985B,上市,10.32,10.27,息,0.9951550387596898
2026-01-06,2442,上市,24.8,24.12,權,0.9725806451612903
2026-01-06,2454,上市,1525.0,1496.0,息,0.980983606557377
2026-01-08,00940,上市,9.43,9.38,息,0.9946977730646873
2026-01-08,1707,上市,127.0,124.8,息,0.9826771653543307
2026-01-08,2247,上市,281.5,275.0,息,0.9769094138543517
2026-01-08,4104,上市,79.1,77.39,權,0.9783817951959546
2026-01-08,4737,上市,55.0,54.35,權,0.9881818181818182
2026-01-08,5483,上櫃,124.0,123.0,除息,0.9919354838709677
2026-01-08,6629,上櫃,124.0,122.0,除息,0.9838709677419355
2026-01-12,3522,上櫃,17.9,17.44,除權,0.9743016759776538
2026-01-12,6613,上櫃,198.5,195.5,除息,0.9848866498740554
2026-01-12,6763,上櫃,57.9,56.95,除息,0.9835924006908464
2026-01-13,8021,上市,218.0,216.11,權,0.9913302752293579
2026-01-14,4130,上櫃,36.8,35.32,除權,0.9597826086956522
2026-01-15,5457,上櫃,40.05,39.26,除權,0.980274656679151
2026-01-15,5536,上櫃,804.0,798.5,除息,0.9931592039800995
2026-01-16,00734B,上櫃,16.02,15.86,除息,0.9900124843945068
2026-01-16,00842B,上櫃,32.66,31.96,除息,0.9785670545009186
2026-01-16,00904,上市,26.08,25.32,息,0.9708588957055215
2026-01-16,00936,上市,17.46,17.4,息,0.9965635738831614
2026-01-16,00942B,上櫃,14.79,14.74,除息,0.9966193373901285
2026-01-16,00947,上市,21.36,21.24,息,0.9943820224719101
2026-01-16,00962,上市,11.26,11.23,息,0.9973357015985791
2026-01-16,00980B,上櫃,9.72,9.67,除息,0.9948559670781892
2026-01-16,00980D,上櫃,21.05,20.94,除息,0.9947743467933492
2026-01-19,00772B,上櫃,34.67,34.54,除息,0.9962503605422555
2026-01-19,00773B,上櫃,37.04,36.9,除息,0.9962203023758099
2026-01-19,00848B,上櫃,35.16,34.78,除息,0.9891922639362913
2026-01-19,00849B,上櫃,37.53,37.2,除息,0.991207034372502
2026-01-19,00882,上市,15.46,15.01,息,0.9708926261319534
2026-01-19,00883B,上櫃,31.55,31.43,除息,0.9961965134706814
2026-01-19,00884B,上櫃,30.44,30.08,除息,0.988173455978975
2026-01-19,00905,上市,18.72,18.47,息,0.9866452991452992
2026-01-19,00911,上市,37.2,36.2,息,0.9731182795698925
2026-01-19,00912,上市,23.13,22.48,息,0.9718979680069175
2026-01-19,00917,上市,31.8,28.3,息,0.889937106918239
2026-01-19,00927,上市,25.0,24.09,息,0.9636
2026-01-19,00928,上櫃,21.21,20.71,除息,0.9764262140499764
2026-01-19,00934,上市,22.37,22.23,息,0.9937416182387125
2026-01-19,00943,上市,14.96,14.89,息,0.9953208556149732
2026-01-19,00944,上市,15.22,15.16,息,0.9960578186596584
2026-01-19,00948B,上櫃,9.72,9.68,除息,0.9958847736625513
2026-01-19,00952,上市,12.49,12.44,息,0.9959967974379503
2026-01-19,00956,上市,12.28,12.02,息,0.9788273615635179
2026-01-19,00957B,上櫃,13.96,13.89,除息,0.9949856733524355
2026-01-19,00960,上市,15.13,14.9,息,0.9847984137475214
2026-01-19,00961,上市,10.23,10.21,息,0.9980449657869013
2026-01-19,00963,上市,11.84,11.79,息,0.995777027027027
2026-01-19,00964,上市,12.47,12.38,息,0.9927826784282278
2026-01-19,00981D,上櫃,10.65,10.57,除息,0.9924882629107982
2026-01-19,00984A,上市,12.01,11.84,息,0.9858451290591174
2026-01-20,00694B,上櫃,41.76,41.5,除息,0.9937739463601533
2026-01-20,00695B,上櫃,35.62,35.36,除息,0.9927007299270073
2026-01-20,00696B,上櫃,29.58,29.31,除息,0.9908722109533469
2026-01-20,00701,上市,29.96,29.26,息,0.9766355140186916
2026-01-20,00702,上市,23.98,23.33,息,0.9728940783986655
2026-01-20,00714,上市,20.79,20.66,息,0.9937469937469938
2026-01-20,00717,上市,15.43,15.28,息,0.9902786779001944
2026-01-20,00722B,上櫃,37.07,36.55,除息,0.9859724844888049
2026-01-20,00723B,上櫃,31.67,31.23,除息,0.9861067256078307
2026-01-20,00724B,上櫃,34.79,34.31,除息,0.9862029318769763
2026-01-20,00725B,上櫃,35.86,35.37,除息,0.9863357501394311
2026-01-20,00727B,上櫃,40.42,39.85,除息,0.9858980702622464
2026-01-20,00730,上市,23.83,23.72,息,0.9953839697859841
2026-01-20,00735,上市,60.3,59.3,息,0.9834162520729685
2026-01-20,00736,上市,29.21,28.91,息,0.9897295446764807
2026-01-20,00740B,上櫃,39.33,39.16,除息,0.9956775997965929
2026-01-20,00741B,上櫃,37.95,37.75,除息,0.994729907773386
2026-01-20,00746B,上櫃,36.33,35.9,除息,0.9881640517478668
2026-01-20,00749B,上櫃,32.13,31.72,除息,0.9872393401805165
2026-01-20,00750B,上櫃,33.9,33.5,除息,0.9882005899705015
2026-01-20,00770,上市,57.95,53.75,息,0.9275237273511647
2026-01-20,00777B,上櫃,33.29,33.16,除息,0.9960949234004205
2026-01-20,00778B,上櫃,35.37,35.23,除息,0.9960418433700876
2026-01-20,00782B,上櫃,31.5,31.0,除息,0.9841269841269841
2026-01-20,00785B,上櫃,35.89,35.47,除息,0.9882975759264419
2026-01-20,00789B,上櫃,49.64,49.02,除息,0.9875100725221596
2026-01-20,00791B,上櫃,57.1,56.51,除息,0.9896672504378283
2026-01-20,00830,上市,64.9,55.9,息,0.8613251155624037
2026-01-20,00840B,上櫃,30.7,30.58,除息,0.9960912052117263
2026-01-20,00858,上櫃,34.14,32.74,除息,0.9589923842999415
2026-01-20,00881,上市,35.87,33.22,息,0.9261221076108169
2026-01-20,00888,上櫃,22.69,22.18,除息,0.9775231379462318
2026-01-20,00890B,上櫃,32.87,32.73,除息,0.9957407970794037
2026-01-20,00900,上市,14.59,14.51,息,0.9945167923235092
2026-01-20,00908,上市,14.29,14.16,息,0.9909027291812457
2026-01-20,00929,上市,19.64,19.54,息,0.994908350305499
2026-01-20,00930,上市,18.26,18.11,息,0.9917853231106242
2026-01-20,00931B,上櫃,13.76,13.62,除息,0.9898255813953488
2026-01-20,00933B,上櫃,16.45,16.38,除息,0.9957446808510638
2026-01-20,00937B,上櫃,15.14,15.07,除息,0.9953764861294584
2026-01-20,00945B,上市,14.63,14.54,息,0.9938482570061516
2026-01-20,00958B,上櫃,9.54,9.5,除息,0.9958071278825996
2026-01-20,00981T,上市,11.03,10.97,息,0.9945602901178605
2026-01-20,00982B,上櫃,10.09,10.04,除息,0.9950445986124875
2026-01-20,00982D,上市,10.17,10.11,息,0.9941002949852507
2026-01-20,00983D,上市,10.31,10.25,息,0.9941804073714839
2026-01-20,3363,上櫃,402.5,394.89,除權,0.9810931677018633
2026-01-22,0050,上市,71.85,70.85,息,0.9860821155184412
2026-01-22,0056,上市,38.21,37.34,息,0.9772310913373463
2026-01-22,006203,上市,129.75,127.95,息,0.9861271676300578
2026-01-22,00719B,上櫃,31.35,31.08,除息,0.9913875598086124
2026-01-22,00720B,上櫃,33.79,33.35,除息,0.9869783959751406
2026-01-22,00788B,上櫃,30.66,30.29,除息,0.9879321591650359
2026-01-22,00834B,上櫃,35.1,34.71,除息,0.9888888888888889
2026-01-22,00870B,上櫃,29.18,28.82,除息,0.9876627827278959
2026-01-22,00967B,上櫃,9.27,9.24,除息,0.9967637540453075
2026-01-22,00968B,上櫃,9.42,9.38,除息,0.9957537154989385
2026-01-22,00981B,上櫃,9.52,9.46,除息,0.9936974789915968
2026-01-22,1437,上市,32.8,32.31,息,0.9850609756097563
2026-01-26,2070,上櫃,46.8,45.11,除權,0.9638888888888889
2026-01-26,3189,上市,214.0,204.83,權,0.9571495327102805
2026-01-27,00726B,上櫃,33.77,33.27,除息,0.9851939591353273
2026-01-27,3289,上櫃,124.5,123.47,除息,0.9917269076305221
2026-01-28,6733,上櫃,37.95,37.8,除權,0.9960474308300393
2026-02-02,00939,上市,15.6,15.52,息,0.9948717948717949
2026-02-02,00940,上市,9.7,9.65,息,0.9948453608247424
2026-02-02,00950B,上櫃,14.25,14.19,除息,0.9957894736842104
2026-02-02,00986B,上櫃,10.14,10.09,除息,0.995069033530572
2026-02-03,00946,上市,10.06,10.0,息,0.9940357852882703
2026-02-03,00953B,上市,9.8,9.73,息,0.9928571428571429
2026-02-03,00959B,上櫃,9.64,9.6,除息,0.9958506224066389
2026-02-03,00966B,上櫃,14.24,14.18,除息,0.9957865168539326
2026-02-03,00983B,上櫃,16.2,16.09,除息,0.9932098765432099
2026-02-03,00984B,上櫃,16.99,16.86,除息,0.992348440258976
2026-02-03,00985B,上市,10.4,10.35,息,0.9951923076923076
2026-02-04,2374,上市,79.6,79.11,權,0.9938442211055277
2026-02-04,3162,上櫃,61.3,59.73,除權,0.9743882544861338
2026-02-04,6969,上市,31.15,30.73,權,0.9865168539325844
2026-02-04,8066,上櫃,20.45,20.36,除權,0.99559902200489
2026-02-05,5534,上市,79.7,78.13,權,0.9803011292346298
2026-02-09,2338,上市,35.5,34.96,權,0.9847887323943663
2026-02-23,5604,上櫃,39.15,37.15,除息,0.9489144316730523
2026-02-23,6179,上櫃,26.9,25.66,除權,0.9539033457249071
2026-02-24,2421,上市,147.0,145.96,權,0.9929251700680273
2026-02-25,00730,上市,23.26,23.15,息,0.9952708512467755
2026-02-25,00740B,上櫃,39.73,39.56,除息,0.9957211175434182
2026-02-25,00741B,上櫃,37.65,37.45,除息,0.9946879150066402
2026-02-25,00775B,上市,33.41,33.06,息,0.9895240945824605
2026-02-25,00844B,上櫃,32.89,32.56,除息,0.9899665551839465
2026-02-25,00845B,上櫃,34.22,33.84,除息,0.9888953828170661
2026-02-25,00846B,上櫃,37.01,36.56,除息,0.9878411240205351
2026-02-25,00867B,上櫃,32.3,31.93,除息,0.9885448916408669
2026-02-25,00900,上市,14.93,14.85,息,0.9946416610850636
2026-02-25,00907,上市,15.88,15.72,息,0.9899244332493703
2026-02-25,00936,上市,17.94,17.84,息,0.9944258639910813
2026-02-25,00942B,上櫃,14.72,14.66,除息,0.9959239130434783
2026-02-25,00958B,上櫃,9.64,9.6,除息,0.9958506224066389
2026-02-25,00962,上市,11.4,11.37,息,0.9973684210526315
2026-02-25,00970B,上櫃,9.63,9.58,除息,0.9948078920041536
2026-02-25,00980B,上櫃,9.74,9.69,除息,0.9948665297741273
2026-02-25,00982D,上市,10.27,10.21,息,0.9941577409931841
2026-02-25,00983D,上市,10.34,10.28,息,0.9941972920696325
2026-02-25,6109,上櫃,12.5,12.0,除權,0.96
2026-02-26,00679B,上櫃,27.84,27.56,除息,0.9899425287356322
2026-02-26,00690,上市,55.85,54.8,息,0.9811996418979408
2026-02-26,00754B,上櫃,34.66,34.26,除息,0.988459319099827
2026-02-26,00755B,上櫃,33.8,33.38,除息,0.9875739644970416
2026-02-26,00756B,上櫃,32.68,32.2,除息,0.98531211750306
2026-02-26,00761B,上櫃,35.51,35.1,除息,0.9884539566319348
2026-02-26,00771,上市,16.4,16.19,息,0.9871951219512197
2026-02-26,00772B,上櫃,34.54,34.4,除息,0.9959467284308049
2026-02-26,00773B,上櫃,36.9,36.76,除息,0.9962059620596205
2026-02-26,00777B,上櫃,33.48,33.35,除息,0.9961170848267624
2026-02-26,00778B,上櫃,35.52,35.38,除息,0.9960585585585585
2026-02-26,00780B,上櫃,38.26,37.79,除息,0.9877156299006796
2026-02-26,00786B,上櫃,33.79,33.41,除息,0.9887540692512576
2026-02-26,00795B,上櫃,28.06,27.8,除息,0.9907341411261583
2026-02-26,00799B,上櫃,30.88,30.33,除息,0.9821891191709844
2026-02-26,00840B,上櫃,30.86,30.74,除息,0.9961114711600777
2026-02-26,00841B,上櫃,30.21,29.87,除息,0.9887454485269779
2026-02-26,00847B,上櫃,26.69,26.34,除息,0.9868864743349569
2026-02-26,00850,上市,67.2,66.4,息,0.9880952380952381
2026-02-26,00860B,上櫃,38.35,37.93,除息,0.9890482398956975
2026-02-26,00864B,上櫃,46.3,45.74,除息,0.9879049676025919
2026-02-26,00878,上市,24.0,23.58,息,0.9824999999999999
2026-02-26,00883B,上櫃,31.45,31.33,除息,0.9961844197138314
2026-02-26,00890B,上櫃,33.04,32.9,除息,0.9957627118644068
2026-02-26,00891,上市,25.92,25.17,息,0.9710648148148148
2026-02-26,00894,上市,34.18,33.78,息,0.9882972498537157
2026-02-26,00913,上市,33.0,31.4,息,0.9515151515151514
2026-02-26,00923,上市,32.49,30.78,息,0.9473684210526315
2026-02-26,00932,上市,15.18,14.96,息,0.9855072463768116
2026-02-26,00933B,上櫃,16.5,16.43,除息,0.9957575757575757
2026-02-26,00934,上市,22.66,22.52,息,0.9938217122683142
2026-02-26,00937B,上櫃,15.23,15.16,除息,0.9954038082731451
2026-02-26,00938,上市,19.7,19.5,息,0.9898477157360407
2026-02-26,00943,上市,15.27,15.2,息,0.9954158480681073
2026-02-26,00944,上市,15.49,15.43,息,0.9961265332472563
2026-02-26,00945B,上市,14.47,14.38,息,0.9937802349689012
2026-02-26,00948B,上櫃,9.67,9.63,除息,0.9958634953464324
2026-02-26,00952,上市,13.22,13.17,息,0.9962178517397882
2026-02-26,00957B,上櫃,13.86,13.79,除息,0.9949494949494949
2026-02-26,00961,上市,10.42,10.36,息,0.9942418426103646
2026-02-26,00963,上市,12.48,12.43,息,0.9959935897435896
2026-02-26,00964,上市,14.0,13.91,息,0.9935714285714285
2026-02-26,00967B,上櫃,9.42,9.39,除息,0.9968152866242039
2026-02-26,00968B,上櫃,9.46,9.42,除息,0.9957716701902748
2026-02-26,009808,上市,24.03,23.54,息,0.9796088223054514
2026-02-26,00980A,上市,17.9,17.53,息,0.9793296089385476
2026-02-26,00980D,上櫃,20.89,20.78,除息,0.9947343226424127
2026-02-26,00981D,上櫃,10.48,10.4,除息,0.9923664122137404
2026-02-26,00981T,上市,11.54,11.48,息,0.9948006932409014
2026-02-26,00982A,上市,16.76,16.38,息,0.9773269689737468
2026-02-26,00982B,上櫃,10.08,10.03,除息,0.9950396825396824
2026-03-03,00731,上市,75.0,74.24,息,0.9898666666666666
2026-03-03,00758B,上櫃,52.75,52.16,除息,0.9888151658767772
2026-03-03,00759B,上櫃,56.2,55.57,除息,0.9887900355871886
2026-03-03,00760B,上櫃,55.65,54.94,除息,0.9872416891284815
2026-03-03,00768B,上櫃,53.8,52.94,除息,0.9840148698884759
2026-03-03,00929,上市,19.96,19.86,息,0.9949899799599198
2026-03-03,00981B,上櫃,9.34,9.28,除息,0.9935760171306209
2026-03-04,3605,上市,63.4,63.06,權,0.9946372239747635
2026-03-05,4807,上市,18.15,17.29,權,0.9526170798898072
2026-03-11,00939,上市,15.51,15.43,息,0.9948420373952289
2026-03-11,00940,上市,9.53,9.48,息,0.994753410283316
2026-03-11,00966B,上櫃,14.32,14.25,除息,0.9951117318435754
2026-03-11,00986B,上櫃,10.22,10.17,除息,0.9951076320939334
2026-03-11,3322,上櫃,14.85,14.55,除權,0.9797979797979799
2026-03-12,00946,上市,10.08,10.02,息,0.994047619047619
2026-03-12,00950B,上櫃,14.37,14.31,除息,0.9958246346555324
2026-03-12,00953B,上市,9.71,9.64,息,0.9927909371781668
2026-03-12,00959B,上櫃,9.57,9.53,除息,0.9958202716823406
2026-03-12,00983B,上櫃,16.38,16.26,除息,0.9926739926739928
2026-03-12,00984B,上櫃,16.84,16.7,除息,0.9916864608076009
2026-03-12,00985B,上市,10.36,10.31,息,0.9951737451737452
2026-03-12,1342,上市,95.9,89.9,息,0.9374348279457768
2026-03-12,2762,上市,79.4,75.28,息,0.9481108312342569
2026-03-13,01009T,上市,5.99,5.85,息,0.9766277128547578
2026-03-16,00936,上市,17.6,17.5,息,0.9943181818181818
2026-03-16,00942B,上櫃,14.34,14.28,除息,0.9958158995815899
2026-03-16,00962,上市,11.0,10.95,息,0.9954545454545454
2026-03-16,00970B,上櫃,9.38,9.33,除息,0.9946695095948827
2026-03-16,00980B,上櫃,9.48,9.43,除息,0.9947257383966244
2026-03-16,01010T,上市,10.06,9.97,息,0.9910536779324056
2026-03-16,9802,上市,85.8,83.8,息,0.9766899766899767
2026-03-17,00687B,上櫃,28.78,28.5,除息,0.9902710215427379
2026-03-17,00730,上市,22.82,22.71,息,0.9951796669588081
2026-03-17,00740B,上櫃,38.81,38.62,除息,0.9951043545477969
2026-03-17,00741B,上櫃,37.85,37.65,除息,0.9947159841479524
2026-03-17,00764B,上櫃,28.8,28.48,除息,0.9888888888888889
2026-03-17,00772B,上櫃,33.88,33.74,除息,0.9958677685950413
2026-03-17,00773B,上櫃,36.05,35.91,除息,0.9961165048543689
2026-03-17,00777B,上櫃,32.89,32.76,除息,0.9960474308300394
2026-03-17,00778B,上櫃,34.5,34.37,除息,0.9962318840579709
2026-03-17,00779B,上櫃,29.19,28.89,除息,0.9897225077081192
2026-03-17,00781B,上櫃,29.14,28.69,除息,0.984557309540151
2026-03-17,00792B,上櫃,32.06,31.64,除息,0.9868995633187773
2026-03-17,00793B,上櫃,31.16,30.77,除息,0.9874839537869062
2026-03-17,00840B,上櫃,30.17,30.06,除息,0.9963539940338083
2026-03-17,00853B,上櫃,28.03,27.68,除息,0.987513378523011
2026-03-17,00859B,上櫃,42.02,41.41,除息,0.9854831032841502
2026-03-17,00862B,上櫃,31.96,31.54,除息,0.9868585732165206
2026-03-17,00863B,上櫃,32.53,32.15,除息,0.9883184752536119
2026-03-17,00890B,上櫃,32.42,32.28,除息,0.9956816779765577
2026-03-17,00896,上市,21.85,21.15,息,0.9679633867276887
2026-03-17,00900,上市,14.34,14.26,息,0.9944211994421199
2026-03-17,00915,上市,23.66,23.28,息,0.9839391377852916
2026-03-17,00919,上市,23.91,23.13,息,0.9673776662484316
2026-03-17,00921,上市,19.01,18.74,息,0.9857969489742239
2026-03-17,00922,上市,30.81,28.81,息,0.9350860110353781
2026-03-17,00933B,上櫃,16.14,16.07,除息,0.9956629491945477
2026-03-17,00934,上市,21.94,21.8,息,0.9936189608021878
2026-03-17,00935,上市,38.06,36.86,息,0.9684708355228586
2026-03-17,00937B,上櫃,14.87,14.8,除息,0.9952925353059853
2026-03-17,00943,上市,15.08,15.0,息,0.9946949602122016
2026-03-17,00944,上市,15.3,15.24,息,0.996078431372549
2026-03-17,00945B,上市,14.55,14.46,息,0.9938144329896907
2026-03-17,00948B,上櫃,9.47,9.43,除息,0.9957761351636747
2026-03-17,00952,上市,12.94,12.89,息,0.9961360123647606
2026-03-17,00957B,上櫃,13.59,13.52,除息,0.9948491537895511
2026-03-17,00961,上市,10.38,10.25,息,0.9874759152215798
2026-03-17,00963,上市,12.32,12.27,息,0.9959415584415584
2026-03-17,00964,上市,13.87,13.77,息,0.992790194664744
2026-03-17,00972,上市,18.92,18.65,息,0.9857293868921774
2026-03-17,009802,上市,12.88,12.78,息,0.9922360248447204
2026-03-17,009803,上市,15.53,15.28,息,0.9839021249195107
2026-03-17,00980D,上櫃,20.57,20.46,除息,0.9946524064171123
2026-03-17,00981A,上市,20.27,19.86,息,0.9797730636408485
2026-03-17,00981D,上櫃,10.46,10.38,除息,0.9923518164435946
2026-03-17,00981T,上市,11.1,11.04,息,0.9945945945945945
2026-03-17,00982B,上櫃,9.86,9.82,除息,0.9959432048681542
2026-03-17,00982D,上市,10.08,10.02,息,0.994047619047619
2026-03-17,00983D,上市,10.28,10.22,息,0.9941634241245138
2026-03-17,2330,上市,1845.0,1838.99,息,0.9967425474254743
2026-03-18,00710B,上市,19.03,18.73,息,0.9842354177614293
2026-03-18,00711B,上市,16.28,16.08,息,0.9877149877149876
2026-03-18,00712,上市,8.99,8.8,息,0.9788654060066742
2026-03-18,00929,上市,19.93,19.82,息,0.9944806823883593
2026-03-18,1712,上市,47.0,44.5,息,0.9468085106382979
2026-03-18,3587,上櫃,187.0,186.27,除權,0.9960962566844921
2026-03-19,00728,上市,46.13,45.61,息,0.9887275092130934
2026-03-19,00918,上市,23.68,23.06,息,0.9738175675675675
2026-03-19,00981B,上櫃,9.33,9.27,除息,0.9935691318327974
2026-03-19,2301,上市,170.0,167.0,息,0.9823529411764705
2026-03-19,2430,上市,22.75,21.95,息,0.9648351648351648
2026-03-19,2613,上市,26.1,25.1,息,0.9616858237547893
2026-03-19,3008,上市,2440.0,2388.0,息,0.978688524590164
2026-03-19,3029,上市,118.0,112.5,息,0.9533898305084746
2026-03-19,3038,上市,23.5,22.3,息,0.948936170212766
2026-03-19,4440,上市,18.35,17.35,息,0.9455040871934605
2026-03-19,5306,上市,89.2,88.16,息,0.9883408071748878
2026-03-19,6720,上櫃,173.0,169.5,除息,0.9797687861271677
2026-03-19,6955,上市,167.0,165.5,息,0.9910179640718563
2026-03-19,9105,上市,5.93,5.84,息,0.984822934232715
2026-03-20,00697B,上櫃,36.55,36.24,除息,0.9915184678522573
2026-03-20,00713,上市,52.5,51.72,息,0.9851428571428571
2026-03-20,00751B,上櫃,32.14,31.73,除息,0.9872433105164904
2026-03-20,00787B,上櫃,33.05,32.64,除息,0.9875945537065054
2026-03-20,00967B,上櫃,9.36,9.33,除息,0.9967948717948719
2026-03-20,00968B,上櫃,9.33,9.29,除息,0.9957127545551981
2026-03-20,2006,上市,75.0,70.7,息,0.9426666666666667
2026-03-20,2630,上市,51.1,50.2,息,0.9823874755381605
2026-03-20,3260,上櫃,525.0,508.0,除息,0.9676190476190476
2026-03-20,5234,上市,392.0,385.5,息,0.9834183673469388
2026-03-20,6235,上市,49.1,47.9,息,0.9755600814663951
2026-03-20,6548,上櫃,46.8,46.35,除息,0.9903846153846155
2026-03-20,6910,上櫃,32.3,30.55,除息,0.9458204334365327
2026-03-23,00836B,上櫃,29.36,28.99,除息,0.9873978201634876
2026-03-23,00856B,上櫃,38.3,37.97,除息,0.9913838120104439
2026-03-23,00857B,上櫃,24.03,23.78,除息,0.9895963379109447
2026-03-23,00930,上市,17.77,17.62,息,0.991558806978053
2026-03-23,00958B,上櫃,9.38,9.34,除息,0.9957356076759061
2026-03-23,4163,上櫃,108.0,104.5,除息,0.9675925925925926
2026-03-24,1623,上市,200.0,192.0,息,0.96
2026-03-24,5478,上櫃,110.0,102.5,除息,0.9318181818181818
2026-03-25,3005,上市,127.0,120.21,息,0.9465354330708661
2026-03-25,4949,上市,61.0,59.6,息,0.9770491803278689
2026-03-25,6281,上市,60.5,57.2,息,0.9454545454545455
2026-03-25,6894,上櫃,374.5,366.0,除息,0.9773030707610146
2026-03-25,8464,上市,383.0,367.0,息,0.95822454308094
2026-03-26,1477,上市,268.0,259.0,息,0.9664179104477612
2026-03-26,1611,上市,13.3,12.5,息,0.9398496240601504
2026-03-26,2015,上市,68.1,64.8,息,0.9515418502202644
2026-03-26,2101,上市,35.2,34.5,息,0.9801136363636362
2026-03-26,2108,上市,25.35,24.35,息,0.960552268244576
2026-03-26,2109,上市,15.15,14.65,息,0.966996699669967
2026-03-26,2458,上市,135.0,130.57,息,0.9671851851851851
2026-03-26,2528,上市,26.95,25.45,息,0.9443413729128015
2026-03-26,2947,上櫃,80.0,78.9,除息,0.9862500000000001
2026-03-26,3188,上櫃,32.3,29.1,除息,0.9009287925696595
2026-03-26,3218,上櫃,138.5,130.75,除息,0.944043321299639
2026-03-26,3596,上市,177.5,168.5,息,0.9492957746478873
2026-03-26,4105,上櫃,80.0,75.5,除息,0.94375
2026-03-26,4420,上櫃,48.4,45.4,除息,0.9380165289256198
2026-03-26,4930,上市,20.0,19.4,息,0.97
2026-03-26,5403,上櫃,107.0,100.5,除息,0.9392523364485982
2026-03-26,5520,上櫃,88.1,81.1,除息,0.9205448354143019
2026-03-26,6020,上櫃,19.3,19.03,除息,0.9860103626943005
2026-03-26,6151,上櫃,31.15,29.65,除息,0.9518459069020867
2026-03-26,6188,上櫃,94.9,93.2,除息,0.982086406743941
2026-03-26,6415,上市,293.5,290.94,息,0.9912776831345826
2026-03-26,6423,上櫃,89.8,88.8,除息,0.9888641425389755
2026-03-26,6523,上櫃,118.5,116.5,除息,0.9831223628691983
2026-03-26,6534,上市,93.4,89.1,息,0.9539614561027836
2026-03-26,6596,上櫃,144.0,125.3,除息,0.8701388888888889
2026-03-26,6642,上櫃,55.2,53.4,除息,0.967391304347826
2026-03-26,6703,上櫃,120.5,115.7,除息,0.9601659751037345
2026-03-26,6761,上櫃,189.0,183.0,除息,0.9682539682539683
2026-03-26,6865,上櫃,34.55,33.15,除息,0.9594790159189581
2026-03-26,6953,上櫃,227.5,221.5,除息,0.9736263736263736
2026-03-26,7732,上市,36.7,35.2,息,0.9591280653950953
2026-03-26,7736,上市,82.9,79.1,息,0.9541616405307598
2026-03-26,8109,上櫃,101.0,96.5,除息,0.9554455445544554
2026-03-26,8367,上市,46.0,43.15,息,0.9380434782608695
2026-03-26,8908,上櫃,42.4,40.9,除息,0.964622641509434
2026-03-26,9949,上櫃,27.2,25.0,除息,0.9191176470588236
2026-03-27,1295,上櫃,69.0,66.0,除息,0.9565217391304348
2026-03-27,1457,上市,16.3,15.3,息,0.9386503067484663
2026-03-27,2324,上市,31.5,30.4,息,0.965079365079365
2026-03-27,2344,上市,96.0,95.5,息,0.9947916666666666
2026-03-27,2387,上市,44.6,40.6,息,0.9103139013452914
2026-03-27,2483,上市,21.15,20.85,息,0.9858156028368795
2026-03-27,2496,上市,69.6,66.6,息,0.9568965517241379
2026-03-27,2941,上櫃,41.75,39.47,除息,0.9453892215568862
2026-03-27,4583,上市,679.0,669.0,息,0.9852724594992637
2026-03-27,5225,上市,90.0,82.79,息,0.919888888888889
2026-03-27,5283,上市,56.0,55.8,息,0.9964285714285713
2026-03-27,6581,上市,111.5,106.2,息,0.9524663677130045
2026-03-27,6651,上櫃,90.9,86.9,除息,0.9559955995599559
2026-03-27,6697,上櫃,45.05,42.45,除息,0.9422863485016649
2026-03-27,6752,上櫃,118.5,114.0,除息,0.9620253164556962
2026-03-27,6918,上市,85.0,80.0,息,0.9411764705882353
2026-03-27,6967,上櫃,68.8,65.1,除息,0.946220930232558
2026-03-27,7631,上市,116.5,115.75,息,0.9935622317596566
2026-03-27,7713,上櫃,73.5,69.4,除息,0.94421768707483
2026-03-27,8401,上櫃,26.6,25.4,除息,0.9548872180451127
2026-03-27,8926,上市,46.6,44.92,權,0.9639484978540772
2026-03-27,8930,上櫃,32.1,29.9,除息,0.9314641744548285
2026-03-27,8938,上櫃,65.3,61.3,除息,0.9387442572741195
2026-03-27,8996,上市,845.0,840.44,息,0.994603550295858
2026-03-30,2910,上市,23.05,22.01,息,0.9548806941431671
2026-03-30,2937,上櫃,48.65,46.55,除息,0.9568345323741007
2026-03-30,3158,上櫃,99.5,93.0,除息,0.9346733668341709
2026-03-30,5222,上市,135.0,132.5,息,0.9814814814814815
2026-03-31,00939,上市,15.32,15.24,息,0.9947780678851175
2026-03-31,00966B,上櫃,13.9,13.83,除息,0.9949640287769784
2026-03-31,00986B,上櫃,9.9,9.86,除息,0.9959595959595958
2026-03-31,1414,上市,17.45,17.25,息,0.9885386819484241
2026-03-31,4728,上櫃,394.0,381.9,除息,0.9692893401015228
2026-03-31,7751,上櫃,1500.0,1482.0,除息,0.988
2026-04-01,00950B,上櫃,14.24,14.18,除息,0.9957865168539326
2026-04-01,00959B,上櫃,9.43,9.38,除息,0.9946977730646873
2026-04-01,00983B,上櫃,16.15,16.09,除息,0.9962848297213623
2026-04-01,00984B,上櫃,16.51,16.43,除息,0.9951544518473652
2026-04-01,01004T,上市,11.11,10.89,息,0.9801980198019803
2026-04-01,1445,上市,13.4,12.9,息,0.9626865671641791
2026-04-01,2065,上櫃,31.75,30.25,除息,0.952755905511811
2026-04-01,2611,上市,14.35,13.83,息,0.9637630662020906
2026-04-01,4760,上櫃,196.5,192.0,除息,0.9770992366412213
2026-04-01,4770,上市,216.5,210.5,息,0.9722863741339491
2026-04-01,5007,上市,58.2,55.2,息,0.9484536082474226
2026-04-01,5278,上櫃,24.9,24.73,除息,0.9931726907630523
2026-04-01,6148,上櫃,34.45,33.22,除息,0.9642960812772132
2026-04-01,6291,上櫃,344.0,338.0,除息,0.9825581395348837
2026-04-01,6590,上櫃,72.0,69.2,除息,0.9611111111111111
2026-04-01,7750,上市,1265.0,1249.0,息,0.9873517786561264
2026-04-01,9911,上市,88.0,83.0,息,0.9431818181818182
2026-04-02,00946,上市,10.11,10.05,息,0.9940652818991099
2026-04-02,00953B,上市,9.69,9.62,息,0.9927760577915377
2026-04-02,00985B,上市,10.35,10.3,息,0.995169082125604
2026-04-02,4966,上櫃,482.0,473.09,除息,0.9815145228215767
2026-04-02,6831,上市,407.0,404.0,息,0.9926289926289926
2026-04-07,8102,上櫃,56.8,55.8,除息,0.9823943661971831
2026-04-08,3164,上市,18.7,17.9,息,0.9572192513368983
2026-04-08,4207,上櫃,19.7,18.5,除息,0.9390862944162437
2026-04-08,5212,上櫃,57.7,53.5,除息,0.9272097053726169
2026-04-09,00940,上市,9.82,9.77,息,0.994908350305499
2026-04-09,2070,上櫃,38.6,37.6,除息,0.9740932642487047
2026-04-09,2535,上市,72.0,67.4,息,0.9361111111111112
2026-04-09,2732,上櫃,67.4,65.4,除息,0.9703264094955489
2026-04-09,2751,上櫃,61.2,58.7,除息,0.9591503267973857
2026-04-09,2752,上櫃,212.0,198.5,除息,0.9363207547169812
2026-04-09,2756,上櫃,70.4,68.4,除息,0.9715909090909091
2026-04-09,3004,上市,112.0,109.45,息,0.9772321428571429
2026-04-09,4542,上櫃,172.0,171.07,除息,0.9945930232558139
2026-04-09,4566,上市,58.1,57.41,息,0.9881239242685025
2026-04-09,5388,上市,81.6,79.1,息,0.9693627450980392
2026-04-09,6028,上櫃,90.2,84.2,除息,0.9334811529933481
2026-04-09,6104,上櫃,92.2,87.7,除息,0.9511930585683297
2026-04-09,6649,上櫃,43.3,42.3,除息,0.976905311778291
2026-04-09,6830,上市,662.0,661.0,息,0.9984894259818731
2026-04-10,2072,上市,190.0,182.91,息,0.9626842105263158
2026-04-10,3289,上櫃,150.5,149.3,除息,0.9920265780730898
2026-04-10,4532,上市,25.95,24.45,息,0.9421965317919075
2026-04-10,4735,上櫃,31.5,31.0,除息,0.9841269841269841
2026-04-10,6143,上櫃,99.9,93.9,除息,0.93993993993994
2026-04-10,6895,上櫃,178.5,175.6,除息,0.9837535014005602
2026-04-15,1475,上市,30.45,28.95,息,0.9507389162561576
2026-04-16,1451,上市,18.65,17.65,息,0.9463806970509383
2026-04-16,1524,上市,30.6,29.2,息,0.9542483660130718
2026-04-16,1604,上市,25.35,23.85,息,0.9408284023668639
2026-04-16,2020,上市,25.15,23.35,息,0.9284294234592446
2026-04-16,2032,上市,17.0,16.5,息,0.9705882352941176
2026-04-16,2481,上市,100.0,98.2,息,0.982
2026-04-16,2707,上市,191.5,180.75,息,0.943864229765013
2026-04-16,3021,上市,16.9,16.3,息,0.9644970414201185
2026-04-16,3526,上櫃,291.5,274.66,除息,0.9422298456260721
2026-04-16,4173,上櫃,20.5,19.46,除息,0.9492682926829269
2026-04-16,4528,上櫃,17.2,17.0,除息,0.9883720930232559
2026-04-16,4973,上櫃,78.1,77.1,除息,0.9871959026888605
2026-04-16,5287,上櫃,166.5,161.25,除息,0.9684684684684685
2026-04-16,6015,上櫃,13.6,13.05,除息,0.9595588235294118
2026-04-16,6021,上櫃,31.0,29.0,除息,0.9354838709677419
2026-04-16,6128,上市,20.9,20.4,息,0.9760765550239234
2026-04-16,6182,上櫃,36.65,36.35,除權,0.9918144611186904
2026-04-16,6224,上市,57.7,56.45,息,0.9783362218370883
2026-04-16,6274,上櫃,946.0,938.49,除息,0.992061310782241
2026-04-16,6294,上櫃,41.9,38.9,除息,0.9284009546539379
2026-04-16,6625,上市,81.6,76.6,息,0.9387254901960784
2026-04-16,6672,上市,155.5,152.15,息,0.9784565916398714
2026-04-16,6712,上櫃,143.5,140.0,除息,0.975609756097561
2026-04-16,6756,上市,74.6,73.7,息,0.9879356568364612
2026-04-16,6791,上櫃,123.5,120.0,除息,0.97165991902834
2026-04-16,6807,上市,40.7,38.2,息,0.9385749385749386
2026-04-16,8433,上櫃,61.3,57.1,除息,0.9314845024469821
2026-04-16,8446,上櫃,99.1,91.1,除息,0.9192734611503531
2026-04-17,00734B,上櫃,15.99,15.83,除息,0.9899937460913071
2026-04-17,00842B,上櫃,31.95,31.15,除息,0.974960876369327
2026-04-17,00904,上市,32.68,32.0,息,0.9791921664626683
2026-04-17,00936,上市,18.4,18.3,息,0.9945652173913044
2026-04-17,00942B,上櫃,14.52,14.46,除息,0.9958677685950414
2026-04-17,00947,上市,26.7,26.58,息,0.995505617977528
2026-04-17,00962,上市,11.94,11.89,息,0.9958123953098829
2026-04-17,00970B,上櫃,9.48,9.43,除息,0.9947257383966244
2026-04-17,00980B,上櫃,9.6,9.55,除息,0.9947916666666667
2026-04-20,0052,上市,50.05,48.85,息,0.9760239760239761
2026-04-20,00694B,上櫃,41.81,41.55,除息,0.9937813920114804
2026-04-20,00695B,上櫃,35.54,35.28,除息,0.9926842993809792
2026-04-20,00696B,上櫃,29.3,29.03,除息,0.9907849829351536
2026-04-20,00714,上市,21.38,21.25,息,0.9939195509822264
2026-04-20,00717,上市,15.17,15.02,息,0.990112063282795
2026-04-20,00722B,上櫃,36.48,35.96,除息,0.9857456140350879
2026-04-20,00723B,上櫃,31.17,30.73,除息,0.9858838626884825
2026-04-20,00724B,上櫃,34.08,33.59,除息,0.9856220657276997
2026-04-20,00725B,上櫃,35.47,34.98,除息,0.9861855088807442
2026-04-20,00727B,上櫃,40.2,39.35,除息,0.9788557213930348
2026-04-20,00730,上市,24.78,24.67,息,0.9955609362389024
2026-04-20,00733,上市,62.4,61.82,息,0.9907051282051282
2026-04-20,00740B,上櫃,38.83,38.64,除息,0.9951068761267062
2026-04-20,00741B,上櫃,37.67,37.47,除息,0.9946907353331563
2026-04-20,00746B,上櫃,35.98,35.55,除息,0.9880489160644803
2026-04-20,00749B,上櫃,32.1,31.68,除息,0.9869158878504672
2026-04-20,00750B,上櫃,33.46,33.06,除息,0.9880454273759713
2026-04-20,00772B,上櫃,33.97,33.83,除息,0.9958787165145717
2026-04-20,00773B,上櫃,35.95,35.81,除息,0.996105702364395
2026-04-20,00777B,上櫃,32.9,32.76,除息,0.9957446808510638
2026-04-20,00778B,上櫃,34.45,34.31,除息,0.9959361393323657
2026-04-20,00782B,上櫃,30.93,30.43,除息,0.9838344649207889
2026-04-20,00785B,上櫃,35.2,34.77,除息,0.9877840909090909
2026-04-20,00840B,上櫃,30.23,30.11,除息,0.9960304333443599
2026-04-20,00848B,上櫃,34.75,34.38,除息,0.9893525179856116
2026-04-20,00849B,上櫃,37.45,37.12,除息,0.991188251001335
2026-04-20,00884B,上櫃,30.15,29.79,除息,0.9880597014925373
2026-04-20,00890B,上櫃,32.47,32.32,除息,0.9953803510933169
2026-04-20,00900,上市,15.07,14.99,息,0.9946914399469144
2026-04-20,00905,上市,22.21,21.61,息,0.9729851418280053
2026-04-20,00908,上市,14.18,14.05,息,0.9908321579689705
2026-04-20,00909,上市,44.31,41.56,息,0.9379372602121417
2026-04-20,00912,上市,27.6,26.85,息,0.9728260869565217
2026-04-20,00927,上市,28.22,27.28,息,0.9666902905740611
2026-04-20,00931B,上櫃,13.62,13.48,除息,0.9897209985315714
2026-04-20,00933B,上櫃,16.08,16.01,除息,0.9956467661691545
2026-04-20,00934,上市,22.93,22.78,息,0.9934583515045792
2026-04-20,00937B,上櫃,14.92,14.85,除息,0.995308310991957
2026-04-20,00943,上市,17.19,17.11,息,0.9953461314717859
2026-04-20,00944,上市,17.0,16.94,息,0.9964705882352942
2026-04-20,00945B,上市,14.55,14.46,息,0.9938144329896907
2026-04-20,00948B,上櫃,9.5,9.46,除息,0.9957894736842107
2026-04-20,00952,上市,15.29,15.24,息,0.9967298888162198
2026-04-20,00956,上市,12.34,12.14,息,0.9837925445705025
2026-04-20,00957B,上櫃,13.55,13.49,除息,0.9955719557195571
2026-04-20,00960,上市,17.61,17.38,息,0.986939239068711
2026-04-20,00961,上市,10.31,10.26,息,0.9951503394762365
2026-04-20,00963,上市,12.95,12.9,息,0.9961389961389963
2026-04-20,00964,上市,13.91,13.81,息,0.9928109273903667
2026-04-20,009804,上市,18.92,18.04,息,0.9534883720930232
2026-04-20,00980D,上櫃,20.56,20.45,除息,0.9946498054474708
2026-04-20,00981D,上櫃,10.43,10.36,除息,0.9932885906040269
2026-04-20,00981T,上市,11.45,11.39,息,0.9947598253275111
2026-04-20,00982B,上櫃,9.91,9.87,除息,0.9959636730575175
2026-04-20,00982D,上市,10.04,9.98,息,0.9940239043824702
2026-04-20,00983D,上市,10.22,10.16,息,0.9941291585127201
2026-04-20,00984A,上市,14.14,13.87,息,0.9809052333804809
2026-04-21,00789B,上櫃,49.16,48.51,除息,0.9867778681855167
2026-04-21,00791B,上櫃,57.15,56.55,除息,0.989501312335958
2026-04-21,00929,上市,21.78,21.65,息,0.9940312213039485
2026-04-22,00834B,上櫃,34.61,34.24,除息,0.9893094481363769
2026-04-22,00981B,上櫃,9.34,9.28,除息,0.9935760171306209
2026-04-23,0056,上市,42.61,41.61,息,0.9765313306735508
2026-04-23,00719B,上櫃,31.16,30.89,除息,0.9913350449293967
2026-04-23,00720B,上櫃,33.51,33.03,除息,0.9856759176365265
2026-04-23,00788B,上櫃,30.4,30.03,除息,0.9878289473684211
2026-04-23,00870B,上櫃,28.96,28.58,除息,0.9868784530386739
2026-04-23,00888,上櫃,27.29,26.24,除息,0.9615243679003298
2026-04-23,00907,上市,14.91,14.71,息,0.9865861837692824
2026-04-23,00958B,上櫃,9.33,9.29,除息,0.9957127545551981
2026-04-23,00967B,上櫃,9.23,9.2,除息,0.9967497291440952
2026-04-23,00968B,上櫃,9.33,9.29,除息,0.9957127545551981
2026-04-23,3605,上市,73.9,72.89,權,0.9863328822733423
2026-04-23,4104,上市,78.6,74.3,息,0.94529262086514
2026-04-23,4138,上櫃,65.5,61.3,除息,0.9358778625954198
2026-04-23,4764,上市,222.0,221.0,息,0.9954954954954955
2026-04-23,6192,上市,127.0,121.2,息,0.9543307086614173
2026-04-23,6931,上市,50.3,50.06,息,0.9952286282306164
2026-04-23,6996,上櫃,191.5,181.5,除息,0.9477806788511749
2026-04-23,7795,上市,421.0,418.85,息,0.9948931116389549
2026-04-24,1217,上市,10.3,10.05,息,0.9757281553398058
2026-04-24,1315,上市,65.7,63.2,息,0.9619482496194824
2026-04-24,1717,上市,78.8,77.8,息,0.9873096446700508
2026-04-24,2477,上市,24.5,23.1,息,0.942857142857143
2026-04-24,6821,上櫃,64.4,63.31,除息,0.9830745341614906
2026-04-24,7782,上櫃,30.8,28.79,除息,0.9347402597402596
2026-04-28,00726B,上櫃,33.29,32.79,除息,0.9849804746170021
2026-04-29,1786,上市,60.6,58.69,息,0.9684818481848184
2026-04-29,3362,上櫃,108.0,107.46,除權,0.995
2026-05-04,00939,上市,16.84,16.76,息,0.9952494061757721
2026-05-04,00950B,上櫃,14.1,14.04,除息,0.9957446808510638
2026-05-04,00959B,上櫃,9.37,9.32,除息,0.9946638207043758
2026-05-04,00966B,上櫃,13.89,13.82,除息,0.9949604031677466
2026-05-04,00983B,上櫃,15.69,15.63,除息,0.9961759082217974
2026-05-04,00984B,上櫃,16.35,16.27,除息,0.9951070336391437
2026-05-04,00984D,上市,10.16,10.07,息,0.9911417322834646
2026-05-04,00986B,上櫃,9.94,9.9,除息,0.9959758551307848
2026-05-06,00946,上市,12.09,12.03,息,0.9950372208436724
2026-05-06,00953B,上市,9.67,9.6,息,0.9927611168562565
2026-05-06,00985B,上市,10.23,10.18,息,0.9951124144672531
2026-05-06,8074,上櫃,92.7,88.73,除權息,0.9571736785329018
2026-05-07,00940,上市,10.85,10.8,息,0.9953917050691246
2026-05-08,01001T,上市,12.4,11.96,息,0.9645161290322581
2026-05-14,01002T,上市,14.68,14.22,息,0.9686648501362398
2026-05-14,01007T,上市,13.21,12.99,息,0.9833459500378501
2026-05-14,6712,上櫃,139.0,132.38,除權,0.9523741007194244
2026-05-14,8033,上市,140.0,137.66,權,0.9832857142857142
2026-05-18,00775B,上市,32.29,31.94,息,0.9891607308764324
2026-05-18,00844B,上櫃,31.56,31.15,除息,0.9870088719898605
2026-05-18,00867B,上櫃,31.15,30.74,除息,0.9868378812199037
2026-05-18,00936,上市,19.22,19.12,息,0.9947970863683664
2026-05-18,00942B,上櫃,14.22,14.16,除息,0.9957805907172995
2026-05-18,00962,上市,13.41,13.36,息,0.9962714392244593
2026-05-18,00970B,上櫃,9.33,9.28,除息,0.9946409431939978
2026-05-18,00980B,上櫃,9.41,9.36,除息,0.9946865037194473
2026-05-18,00988B,上櫃,19.8,19.65,除息,0.9924242424242423
2026-05-19,00690,上市,72.0,70.6,息,0.9805555555555555
2026-05-19,00730,上市,26.19,26.08,息,0.995799923634975
2026-05-19,00740B,上櫃,38.24,38.05,除息,0.9950313807531379
2026-05-19,00741B,上櫃,37.33,37.13,除息,0.9946423787838201
2026-05-19,00754B,上櫃,33.17,32.81,除息,0.9891468194151342
2026-05-19,00755B,上櫃,32.5,32.06,除息,0.9864615384615385
2026-05-19,00756B,上櫃,31.04,30.55,除息,0.9842139175257733
2026-05-19,00761B,上櫃,34.19,33.79,除息,0.9883006727113192
2026-05-19,00772B,上櫃,33.24,33.1,除息,0.9957882069795427
2026-05-19,00773B,上櫃,35.43,35.29,除息,0.9960485464295794
2026-05-19,00777B,上櫃,32.11,31.97,除息,0.9956399875428216
2026-05-19,00778B,上櫃,34.06,33.92,除息,0.9958896065766295
2026-05-19,00780B,上櫃,37.19,36.71,除息,0.9870933046517882
2026-05-19,00795B,上櫃,26.43,26.1,除息,0.9875141884222475
2026-05-19,00799B,上櫃,29.43,28.98,除息,0.9847094801223242
2026-05-19,00840B,上櫃,29.6,29.48,除息,0.9959459459459459
2026-05-19,00841B,上櫃,28.72,28.38,除息,0.9881615598885793
2026-05-19,00845B,上櫃,33.27,32.88,除息,0.9882777276825969
2026-05-19,00846B,上櫃,35.92,35.48,除息,0.9877505567928729
2026-05-19,00847B,上櫃,25.34,24.99,除息,0.9861878453038674
2026-05-19,00860B,上櫃,38.19,37.77,除息,0.9890023566378635
2026-05-19,00864B,上櫃,46.49,45.93,除息,0.9879543987954398
2026-05-19,00878,上市,27.8,27.14,息,0.9762589928057553
2026-05-19,00890B,上櫃,31.98,31.84,除息,0.9956222639149468
2026-05-19,00891,上市,33.9,32.65,息,0.9631268436578171
2026-05-19,00894,上市,46.01,45.41,息,0.9869593566615953
2026-05-19,00900,上市,16.69,16.61,息,0.9952067106051526
2026-05-19,00932,上市,16.3,16.08,息,0.9865030674846624
2026-05-19,00933B,上櫃,15.84,15.77,除息,0.9955808080808081
2026-05-19,00934,上市,25.1,24.85,息,0.9900398406374502
2026-05-19,00937B,上櫃,14.69,14.62,除息,0.9952348536419333
2026-05-19,00938,上市,20.83,20.61,息,0.9894383101296208
2026-05-19,00943,上市,19.75,19.66,息,0.9954430379746836
2026-05-19,00944,上市,18.44,18.38,息,0.9967462039045552
2026-05-19,00945B,上市,14.44,14.35,息,0.9937673130193906
2026-05-19,00948B,上櫃,9.36,9.32,除息,0.9957264957264959
2026-05-19,00952,上市,17.16,17.06,息,0.9941724941724941
2026-05-19,00957B,上櫃,13.26,13.2,除息,0.995475113122172
2026-05-19,00961,上市,11.12,11.01,息,0.9901079136690648
2026-05-19,00963,上市,12.61,12.52,息,0.992862807295797
2026-05-19,00964,上市,14.1,14.0,息,0.9929078014184397
2026-05-19,009808,上市,28.2,27.63,息,0.9797872340425532
2026-05-19,00980A,上市,22.82,22.34,息,0.978965819456617
2026-05-19,00980D,上櫃,20.26,20.15,除息,0.9945705824284302
2026-05-19,00981D,上櫃,10.34,10.27,除息,0.9932301740812379
2026-05-19,00981T,上市,11.78,11.71,息,0.9940577249575553
2026-05-19,00982A,上市,22.52,21.88,息,0.9715808170515098
2026-05-19,00982B,上櫃,9.74,9.7,除息,0.9958932238193018
2026-05-19,00982D,上市,9.88,9.82,息,0.9939271255060729
2026-05-19,00983D,上市,10.08,10.02,息,0.994047619047619
2026-05-19,6841,上櫃,60.4,59.4,除息,0.9834437086092715
2026-05-19,7714,上櫃,126.0,123.0,除息,0.9761904761904762
2026-05-20,00731,上市,75.15,74.39,息,0.9898868928809048
2026-05-20,00758B,上櫃,51.25,50.66,除息,0.9884878048780487
2026-05-20,00759B,上櫃,54.05,53.44,除息,0.9887141535615172
2026-05-20,00760B,上櫃,53.5,52.79,除息,0.9867289719626168
2026-05-20,00768B,上櫃,49.59,48.74,除息,0.9828594474692478
2026-05-20,00929,上市,25.23,25.1,息,0.9948474038842648
2026-05-20,6597,上櫃,72.9,71.9,除息,0.9862825788751715
2026-05-21,00981B,上櫃,9.19,9.13,除息,0.9934711643090317
2026-05-22,00679B,上櫃,26.22,25.94,除息,0.9893211289092297
2026-05-22,00771,上市,16.1,15.89,息,0.9869565217391304
2026-05-22,00786B,上櫃,32.45,32.07,除息,0.9882896764252695
2026-05-22,00850,上市,82.1,81.25,息,0.9896467722289891
2026-05-22,00967B,上櫃,8.98,8.95,除息,0.9966592427616925
2026-05-22,00968B,上櫃,9.19,9.15,除息,0.9956474428726878
2026-05-22,3257,上市,56.5,53.7,息,0.9504424778761063
2026-05-25,2426,上市,83.2,83.1,息,0.9987980769230769
2026-05-25,2486,上市,271.0,270.5,息,0.9981549815498155
2026-05-25,7715,上櫃,31.4,29.6,除息,0.9426751592356689
2026-05-26,00930,上市,23.3,22.99,息,0.986695278969957
2026-05-26,00958B,上櫃,9.25,9.21,除息,0.9956756756756757
2026-05-27,1215,上市,142.5,135.5,息,0.9508771929824561
2026-05-27,1568,上市,35.1,34.1,息,0.9715099715099715
2026-05-27,3413,上市,346.0,335.01,息,0.9682369942196531
2026-05-27,3680,上櫃,589.0,584.0,除息,0.9915110356536503
2026-05-27,4995,上櫃,47.65,45.66,除息,0.958237145855194
2026-05-27,6679,上櫃,343.0,336.5,除息,0.9810495626822158
2026-05-28,1459,上市,11.6,11.4,息,0.9827586206896552
2026-05-28,1702,上市,32.9,31.3,息,0.9513677811550153
2026-05-28,1708,上市,38.45,36.85,息,0.9583875162548764
2026-05-28,2916,上櫃,47.45,43.85,除息,0.9241306638566912
2026-05-28,3717,上市,22.0,21.7,權,0.9863636363636363
2026-05-28,4538,上櫃,18.7,17.7,除息,0.946524064171123
2026-05-28,4585,上市,349.5,348.5,息,0.9971387696709585
2026-05-28,5529,上櫃,22.8,21.95,除權,0.962719298245614
2026-05-28,6570,上櫃,59.2,58.1,除息,0.9814189189189189
2026-05-28,6732,上櫃,183.0,177.5,除息,0.9699453551912568
2026-05-29,6568,上櫃,230.0,228.0,除息,0.991304347826087
2026-06-01,2612,上市,57.7,55.5,息,0.9618717504332756
2026-06-01,3709,上櫃,88.8,86.35,除權,0.9724099099099098
2026-06-01,4527,上櫃,45.95,42.95,除息,0.9347116430903155
2026-06-01,6176,上市,106.5,103.0,息,0.9671361502347418
2026-06-01,6909,上市,53.5,52.49,息,0.9811214953271028
2026-06-01,8924,上櫃,64.5,60.2,除息,0.9333333333333333
2026-06-02,00939,上市,20.5,20.42,息,0.9960975609756099
2026-06-02,00946,上市,15.32,15.26,息,0.996083550913838
2026-06-02,00950B,上櫃,14.05,13.99,除息,0.995729537366548
2026-06-02,00953B,上市,9.58,9.51,息,0.9926931106471816
2026-06-02,00984D,上市,10.1,10.01,息,0.9910891089108911
2026-06-02,00985B,上市,10.15,10.1,息,0.9950738916256157
2026-06-02,00986B,上櫃,9.9,9.86,除息,0.9959595959595958
2026-06-02,1323,上市,20.95,20.05,息,0.9570405727923629
2026-06-02,2313,上市,282.0,279.2,息,0.9900709219858156
2026-06-02,2548,上市,122.5,114.5,息,0.9346938775510204
2026-06-02,4555,上市,57.1,56.6,息,0.9912434325744308
2026-06-02,4912,上市,113.5,112.5,息,0.9911894273127754
2026-06-02,6716,上櫃,104.5,102.9,除息,0.9846889952153111
2026-06-02,6788,上櫃,425.5,410.5,除息,0.9647473560517039
2026-06-02,7744,上櫃,504.0,497.0,除息,0.9861111111111112
2026-06-02,8487,上市,82.0,77.19,息,0.9413414634146341
2026-06-03,00959B,上櫃,9.46,9.41,除息,0.9947145877378435
2026-06-03,00966B,上櫃,14.1,14.03,除息,0.9950354609929077
2026-06-03,00983B,上櫃,15.66,15.6,除息,0.9961685823754789
2026-06-03,00984B,上櫃,16.52,16.44,除息,0.9951573849878935
2026-06-03,2642,上市,20.95,20.45,息,0.9761336515513126
2026-06-03,5236,上櫃,181.0,172.0,除息,0.9502762430939227
2026-06-03,5309,上櫃,78.6,78.1,除息,0.9936386768447837
2026-06-04,3356,上市,61.7,58.2,息,0.9432739059967585
2026-06-04,4939,上櫃,53.4,53.15,除息,0.9953183520599251
2026-06-04,5878,上櫃,41.7,39.3,除息,0.9424460431654675
2026-06-04,7828,上櫃,1625.0,1620.47,除息,0.9972123076923077
2026-06-05,4951,上櫃,119.5,115.0,除息,0.9623430962343096
2026-06-05,6263,上櫃,181.5,173.7,除息,0.9570247933884297
2026-06-05,6525,上市,119.5,114.5,息,0.9581589958158996
2026-06-08,01010T,上市,10.0,9.9,息,0.99
2026-06-08,1219,上市,13.0,12.5,息,0.9615384615384616
2026-06-08,3036,上市,281.0,273.2,息,0.9722419928825622
2026-06-08,3310,上櫃,72.2,68.7,除息,0.9515235457063712
2026-06-08,3406,上市,682.0,665.0,息,0.9750733137829912
2026-06-08,3443,上市,4410.0,4390.0,息,0.9954648526077098
2026-06-08,4958,上市,504.0,500.57,息,0.9931944444444444
2026-06-08,5213,上櫃,26.8,24.0,除息,0.8955223880597015
2026-06-08,6658,上市,188.0,186.8,息,0.9936170212765958
2026-06-09,00940,上市,11.99,11.94,息,0.9958298582151792
2026-06-09,1416,上市,11.65,11.08,息,0.9510729613733905
2026-06-09,1733,上市,29.9,28.6,息,0.9565217391304349
2026-06-09,2114,上市,93.4,88.4,息,0.9464668094218416
2026-06-09,2731,上市,172.0,159.2,息,0.9255813953488371
2026-06-09,3441,上櫃,54.6,53.75,除息,0.9844322344322344
2026-06-09,3531,上櫃,23.55,23.05,除息,0.9787685774946921
2026-06-09,4994,上市,90.0,87.0,息,0.9666666666666667
2026-06-09,6412,上市,94.0,90.3,息,0.9606382978723403
2026-06-09,6516,上櫃,60.3,57.96,除息,0.9611940298507463
2026-06-09,6936,上市,34.3,32.79,息,0.9559766763848397
2026-06-09,7704,上櫃,60.2,58.4,除息,0.9700996677740863
2026-06-09,7757,上櫃,110.5,102.75,除息,0.9298642533936652
2026-06-09,7791,上市,67.5,63.69,息,0.9435555555555555
2026-06-09,8042,上櫃,132.0,130.8,除息,0.990909090909091
2026-06-09,9924,上市,42.8,40.3,息,0.9415887850467289
2026-06-09,9940,上市,19.3,18.7,息,0.9689119170984455
2026-06-10,1473,上市,20.9,20.4,息,0.9760765550239234
2026-06-10,1515,上市,23.85,23.25,息,0.9748427672955974
2026-06-10,2421,上市,160.0,154.75,息,0.9671875
2026-06-10,2637,上市,80.9,77.4,息,0.9567367119901112
2026-06-10,3118,上櫃,33.7,31.5,除息,0.9347181008902077
2026-06-10,3540,上櫃,27.2,26.32,除權,0.9676470588235294
2026-06-10,5340,上櫃,92.0,91.4,除息,0.9934782608695653
2026-06-10,6271,上市,240.0,237.0,息,0.9875
2026-06-10,6913,上櫃,136.0,133.5,除息,0.9816176470588235
2026-06-10,7718,上櫃,48.85,46.35,除息,0.9488229273285568
2026-06-10,910322,上市,24.1,22.25,息,0.9232365145228215
2026-06-11,1312,上市,13.2,13.4,權,1.0151515151515151
2026-06-11,1312A,上市,22.2,22.37,權,1.0076576576576577
2026-06-11,1605,上市,34.8,34.3,息,0.985632183908046
2026-06-11,1760,上市,61.5,59.5,息,0.967479674796748
2026-06-11,2030,上市,18.65,18.15,息,0.9731903485254692
2026-06-11,2329,上市,52.7,51.69,息,0.9808349146110056
2026-06-11,2330,上市,2255.0,2248.99,息,0.9973348115299334
2026-06-11,3030,上市,323.0,316.0,息,0.978328173374613
2026-06-11,3105,上櫃,478.0,476.0,除息,0.99581589958159
2026-06-11,3481,上市,44.3,43.3,息,0.9774266365688488
2026-06-11,4749,上櫃,925.0,915.12,除權息,0.9893189189189189
2026-06-11,6146,上櫃,214.0,202.0,除息,0.9439252336448598
2026-06-11,6266,上櫃,27.4,25.62,除息,0.935036496350365
2026-06-11,6834,上市,70.0,69.6,息,0.9942857142857142
2026-06-11,6925,上櫃,70.0,68.0,除息,0.9714285714285714
2026-06-11,6951,上市,83.0,79.0,息,0.9518072289156626
2026-06-11,6961,上櫃,61.4,56.4,除息,0.9185667752442996
2026-06-11,8111,上櫃,56.4,55.8,除息,0.9893617021276595
2026-06-11,8424,上櫃,73.1,68.1,除息,0.9316005471956225
2026-06-11,8454,上市,449.5,439.5,息,0.9777530589543938
2026-06-12,1218,上市,19.2,17.88,息,0.93125
2026-06-12,1776,上市,17.85,17.25,息,0.9663865546218486
2026-06-12,1810,上市,20.7,20.5,息,0.9903381642512078
2026-06-12,2207,上市,489.5,469.5,息,0.9591419816138917
2026-06-12,2327,上市,842.0,836.0,息,0.9928741092636579
2026-06-12,3679,上市,123.5,114.5,息,0.9271255060728745
2026-06-12,4153,上櫃,32.35,30.35,除息,0.9381761978361669
2026-06-12,6418,上櫃,31.85,31.47,除息,0.9880690737833594
2026-06-12,6739,上櫃,1100.0,1087.0,除息,0.9881818181818182
2026-06-12,8028,上市,304.0,301.29,息,0.9910855263157895
2026-06-12,8432,上櫃,53.1,50.49,除息,0.9508474576271186
2026-06-15,00936,上市,20.55,20.43,息,0.9941605839416058
2026-06-15,00942B,上櫃,14.46,14.4,除息,0.995850622406639
2026-06-15,00962,上市,14.67,14.59,息,0.994546693933197
2026-06-15,00970B,上櫃,9.5,9.45,除息,0.994736842105263
2026-06-15,009803,上市,21.59,21.09,息,0.9768411301528486
2026-06-15,00980B,上櫃,9.57,9.52,除息,0.9947753396029257
2026-06-15,00988B,上櫃,19.89,19.74,除息,0.9924585218702865
2026-06-15,1232,上市,150.5,143.3,息,0.9521594684385383
2026-06-15,2031,上市,41.75,39.25,息,0.9401197604790419
2026-06-15,2107,上市,26.45,25.05,息,0.947069943289225
2026-06-15,2385,上市,141.0,133.8,息,0.948936170212766
2026-06-15,2608,上市,30.2,28.55,息,0.945364238410596
2026-06-15,2832,上市,54.9,51.4,息,0.936247723132969
2026-06-15,3556,上櫃,69.6,67.65,除息,0.9719827586206898
2026-06-15,4735,上櫃,32.6,31.6,除息,0.9693251533742331
2026-06-15,4938,上市,93.1,89.09,息,0.9569280343716435
2026-06-15,6272,上市,35.25,33.23,息,0.9426950354609929
2026-06-15,6532,上櫃,88.9,85.9,除息,0.9662542182227222
2026-06-15,6741,上櫃,62.6,60.55,除息,0.9672523961661341
2026-06-15,6861,上市,304.0,302.0,息,0.993421052631579
2026-06-15,7703,上櫃,203.5,196.5,除息,0.9656019656019657
2026-06-15,7722,上市,333.5,332.0,息,0.9955022488755623
2026-06-15,8016,上市,289.5,278.0,息,0.9602763385146805
2026-06-15,8435,上櫃,56.8,53.6,除息,0.943661971830986
2026-06-15,9910,上市,91.9,87.8,息,0.9553862894450489
2026-06-16,00687B,上櫃,28.15,27.89,除息,0.9907637655417407
2026-06-16,00730,上市,29.52,29.41,息,0.9962737127371274
2026-06-16,00740B,上櫃,39.06,38.89,除息,0.995647721454173
2026-06-16,00741B,上櫃,37.28,37.08,除息,0.9946351931330472
2026-06-16,00764B,上櫃,28.1,27.79,除息,0.9889679715302491
2026-06-16,00772B,上櫃,34.0,33.86,除息,0.9958823529411764
2026-06-16,00773B,上櫃,36.16,36.02,除息,0.996128318584071
2026-06-16,00777B,上櫃,32.99,32.85,除息,0.9957562897847833
2026-06-16,00778B,上櫃,34.88,34.74,除息,0.9959862385321101
2026-06-16,00779B,上櫃,28.48,28.12,除息,0.9873595505617978
2026-06-16,00781B,上櫃,29.03,28.48,除息,0.9810540819841543
2026-06-16,00792B,上櫃,32.28,31.83,除息,0.9860594795539033
2026-06-16,00793B,上櫃,31.24,30.83,除息,0.9868758002560819
2026-06-16,00840B,上櫃,30.38,30.26,除息,0.9960500329163925
2026-06-16,00853B,上櫃,28.16,27.81,除息,0.9875710227272727
2026-06-16,00859B,上櫃,41.06,40.45,除息,0.9851436921578178
2026-06-16,00862B,上櫃,32.33,31.91,除息,0.9870089699969069
2026-06-16,00863B,上櫃,32.62,32.24,除息,0.9883507050889027
2026-06-16,00890B,上櫃,32.75,32.61,除息,0.9957251908396947
2026-06-16,00896,上市,29.0,27.75,息,0.9568965517241379
2026-06-16,00900,上市,19.51,19.43,息,0.9958995386981034
2026-06-16,00915,上市,31.46,31.01,息,0.9856961220597584
2026-06-16,00916,上市,27.9,25.98,息,0.9311827956989248
2026-06-16,00919,上市,30.69,29.69,息,0.9674160964483545
2026-06-16,00921,上市,23.12,22.8,息,0.986159169550173
2026-06-16,00933B,上櫃,16.15,16.08,除息,0.9956656346749225
2026-06-16,00934,上市,28.77,28.52,息,0.9913103927702468
2026-06-16,00937B,上櫃,15.04,14.97,除息,0.9953457446808511
2026-06-16,00943,上市,22.3,22.18,息,0.9946188340807175
2026-06-16,00944,上市,21.36,21.3,息,0.9971910112359551
2026-06-16,00945B,上市,14.5,14.41,息,0.9937931034482759
2026-06-16,00948B,上櫃,9.59,9.55,除息,0.9958289885297186
2026-06-16,00952,上市,18.53,18.41,息,0.9935240151106314
2026-06-16,00957B,上櫃,13.65,13.59,除息,0.9956043956043956
2026-06-16,00961,上市,12.94,12.79,息,0.9884080370942813
2026-06-16,00963,上市,12.88,12.79,息,0.9930124223602483
2026-06-16,00964,上市,14.78,14.67,息,0.9925575101488499
2026-06-16,00972,上市,19.84,19.62,息,0.9889112903225807
2026-06-16,009802,上市,19.92,19.72,息,0.9899598393574296
2026-06-16,009809,上市,17.41,17.31,息,0.9942561746122917
2026-06-16,00980D,上櫃,20.51,20.4,除息,0.9946367625548511
2026-06-16,00981A,上市,31.47,30.84,息,0.9799809342230696
2026-06-16,00981D,上櫃,10.4,10.33,除息,0.9932692307692308
2026-06-16,00981T,上市,12.22,12.14,息,0.9934533551554828
2026-06-16,00982B,上櫃,9.98,9.94,除息,0.9959919839679358
2026-06-16,00982D,上市,10.02,9.96,息,0.9940119760479044
2026-06-16,00983D,上市,10.16,10.1,息,0.9940944881889763
2026-06-16,00985D,上櫃,10.3,10.24,除息,0.9941747572815534
2026-06-16,1582,上市,91.7,88.7,息,0.9672846237731734
2026-06-16,1788,上櫃,136.0,129.0,除息,0.9485294117647058
2026-06-16,2069,上市,20.15,19.15,息,0.9503722084367245
2026-06-16,2459,上市,68.6,64.4,息,0.9387755102040818
2026-06-16,2480,上市,156.5,148.7,息,0.9501597444089456
2026-06-16,2606,上市,67.2,64.4,息,0.9583333333333334
2026-06-16,2816,上市,33.8,32.3,息,0.9556213017751479
2026-06-16,2850,上市,148.0,140.73,息,0.9508783783783783
2026-06-16,2908,上市,21.5,20.95,息,0.9744186046511628
2026-06-16,3015,上市,60.6,58.4,息,0.9636963696369637
2026-06-16,3035,上市,202.0,200.2,息,0.9910891089108911
2026-06-16,3042,上市,243.5,238.7,息,0.9802874743326488
2026-06-16,4133,上市,20.8,20.68,息,0.9942307692307691
2026-06-16,4550,上櫃,25.95,24.73,除息,0.9529865125240848
2026-06-16,4974,上櫃,76.4,72.5,除息,0.9489528795811517
2026-06-16,5278,上櫃,25.55,24.83,除息,0.9718199608610567
2026-06-16,6123,上櫃,45.8,43.2,除息,0.943231441048035
2026-06-16,6242,上櫃,38.15,36.15,除息,0.9475753604193972
2026-06-16,6414,上市,381.5,367.71,息,0.9638532110091742
2026-06-16,6465,上櫃,66.9,66.7,除息,0.9970104633781763
2026-06-16,6722,上市,39.2,37.2,息,0.9489795918367347
2026-06-16,7642,上櫃,73.6,70.6,除息,0.9592391304347826
2026-06-16,7820,上櫃,120.0,118.5,除息,0.9875
2026-06-16,8091,上櫃,251.0,246.78,除息,0.9831872509960159
2026-06-16,8289,上櫃,69.4,69.25,除息,0.9978386167146973
2026-06-17,00710B,上市,19.03,18.72,息,0.9837099316868102
2026-06-17,00711B,上市,16.22,16.02,息,0.9876695437731197
2026-06-17,00712,上市,8.84,8.6,息,0.9728506787330317
2026-06-17,00929,上市,30.63,30.37,息,0.991511589944499
2026-06-17,00986D,上櫃,14.83,14.74,除息,0.9939312204989885
2026-06-17,00998A,上櫃,17.26,16.86,除息,0.9768250289687137
2026-06-17,1476,上市,343.5,328.5,息,0.9563318777292577
2026-06-17,1504,上市,71.8,69.8,息,0.9721448467966574
2026-06-17,1593,上櫃,32.25,30.25,除息,0.937984496124031
2026-06-17,1707,上市,103.0,99.2,息,0.9631067961165048
2026-06-17,1773,上市,177.5,173.5,息,0.9774647887323944
2026-06-17,2105,上市,33.95,32.15,息,0.9469808541973489
2026-06-17,2115,上市,22.4,20.9,息,0.9330357142857143
2026-06-17,2308,上市,2230.0,2218.4,息,0.994798206278027
2026-06-17,2353,上市,38.9,37.6,息,0.9665809768637533
2026-06-17,2360,上市,2325.0,2305.5,息,0.9916129032258064
2026-06-17,2450,上市,31.0,29.45,息,0.95
2026-06-17,2504,上市,36.25,33.65,息,0.9282758620689655
2026-06-17,2603,上市,220.5,204.5,息,0.927437641723356
2026-06-17,2852,上市,27.85,26.19,息,0.940394973070018
2026-06-17,2926,上櫃,35.1,34.64,除息,0.9868945868945869
2026-06-17,3028,上市,74.8,71.8,息,0.9598930481283422
2026-06-17,3168,上市,48.65,45.65,息,0.9383350462487153
2026-06-17,3324,上櫃,1050.0,1038.1,除息,0.9886666666666666
2026-06-17,3450,上市,499.5,498.5,息,0.997997997997998
2026-06-17,3543,上市,31.6,31.0,息,0.9810126582278481
2026-06-17,4714,上櫃,13.3,12.85,除權,0.9661654135338346
2026-06-17,5201,上櫃,28.25,27.75,除息,0.9823008849557522
2026-06-17,5371,上櫃,67.8,67.3,除息,0.9926253687315634
2026-06-17,5443,上櫃,104.0,101.8,除息,0.9788461538461538
2026-06-17,5609,上櫃,82.4,76.8,除息,0.9320388349514562
2026-06-17,5902,上櫃,36.5,34.85,除息,0.9547945205479452
2026-06-17,6147,上櫃,227.5,224.7,除息,0.9876923076923076
2026-06-17,6154,上櫃,14.2,13.69,除息,0.9640845070422536
2026-06-17,6438,上市,149.0,147.0,息,0.9865771812080537
2026-06-17,6494,上櫃,68.8,67.8,除息,0.9854651162790697
2026-06-17,6548,上櫃,91.9,91.45,除息,0.9951033732317737
2026-06-17,6577,上櫃,79.3,74.3,除息,0.9369482976040353
2026-06-17,6579,上市,165.0,161.25,息,0.9772727272727273
2026-06-17,6606,上市,25.8,24.77,息,0.9600775193798449
2026-06-17,6640,上櫃,1115.0,1100.0,除息,0.9865470852017937
2026-06-17,6792,上市,68.5,66.0,息,0.9635036496350365
2026-06-17,6923,上市,80.0,76.96,息,0.962
2026-06-17,7709,上櫃,118.0,116.5,除息,0.9872881355932204
2026-06-17,7792,上櫃,259.5,251.5,除息,0.9691714836223507
2026-06-17,8011,上市,18.4,17.7,息,0.9619565217391305
2026-06-17,8070,上市,55.8,53.8,息,0.96415770609319
2026-06-17,8162,上市,70.0,68.5,息,0.9785714285714285
2026-06-17,8163,上市,43.6,43.1,息,0.9885321100917431
2026-06-17,8416,上櫃,180.0,171.5,除息,0.9527777777777777
2026-06-17,8440,上櫃,22.25,22.05,除息,0.9910112359550562
2026-06-18,00728,上市,63.65,62.99,息,0.989630793401414
2026-06-18,00918,上市,32.66,31.4,息,0.9614206981016534
2026-06-18,00981B,上櫃,9.24,9.18,除息,0.9935064935064934
2026-06-18,00994A,上市,18.3,17.83,息,0.9743169398907102
2026-06-18,1423,上市,44.9,41.3,息,0.9198218262806236
2026-06-18,1586,上櫃,21.4,20.57,除權,0.9612149532710281
2026-06-18,2467,上市,585.0,579.5,息,0.9905982905982906
2026-06-18,2597,上市,183.5,173.83,息,0.9473024523160763
2026-06-18,4754,上櫃,39.35,37.05,除息,0.9415501905972045
2026-06-18,6721,上櫃,58.8,55.05,除權息,0.9362244897959183
2026-06-18,6881,上櫃,268.5,250.0,除息,0.931098696461825
2026-06-18,7765,上市,250.0,240.33,息,0.9613200000000001
2026-06-18,7819,上櫃,45.2,43.46,除息,0.961504424778761
2026-06-18,8462,上市,144.5,137.22,息,0.9496193771626298
2026-06-18,8463,上市,22.1,21.3,息,0.9638009049773756
2026-06-22,00697B,上櫃,35.63,35.32,除息,0.9912994667415099
2026-06-22,00713,上市,61.7,60.7,息,0.9837925445705025
2026-06-22,00751B,上櫃,32.26,31.83,除息,0.9866707997520149
2026-06-22,00787B,上櫃,33.15,32.74,除息,0.9876319758672701
2026-06-22,00967B,上櫃,9.23,9.2,除息,0.9967497291440952
2026-06-22,00968B,上櫃,9.39,9.35,除息,0.9957401490947816
2026-06-22,1313,上市,11.6,11.5,息,0.9913793103448276
2026-06-22,1319,上市,99.2,94.2,息,0.9495967741935484
2026-06-22,1584,上櫃,19.65,19.39,除息,0.9867684478371502
2026-06-22,1735,上市,23.15,22.5,息,0.9719222462203024
2026-06-22,1904,上市,23.1,22.65,息,0.9805194805194803
2026-06-22,2106,上市,17.85,17.2,息,0.9635854341736694
2026-06-22,2313,上市,259.5,257.64,權,0.9928323699421965
2026-06-22,2388,上市,81.4,81.35,息,0.9993857493857492
2026-06-22,2498,上市,46.4,45.9,息,0.9892241379310345
2026-06-22,3026,上市,902.0,896.2,息,0.9935698447893571
2026-06-22,3094,上市,38.25,38.0,息,0.9934640522875817
2026-06-22,3447,上市,40.2,39.1,息,0.972636815920398
2026-06-22,4739,上市,123.5,122.5,息,0.9919028340080972
2026-06-22,4741,上櫃,64.6,64.3,除息,0.9953560371517028
2026-06-22,4906,上市,43.8,43.32,息,0.989041095890411
2026-06-22,5601,上櫃,32.75,32.37,除息,0.9883969465648854
2026-06-22,6120,上市,15.05,14.8,息,0.9833887043189369
2026-06-22,6531,上市,1025.0,1018.01,息,0.993180487804878
2026-06-22,6669,上市,5130.0,4985.6,息,0.971851851851852
2026-06-22,6965,上市,82.0,77.0,息,0.9390243902439024
2026-06-22,7780,上市,19.2,18.3,息,0.9531250000000001
2026-06-22,9907,上市,16.7,15.52,息,0.9293413173652695
2026-06-23,1341,上市,61.9,57.9,息,0.9353796445880452
2026-06-23,1432,上市,18.0,16.0,息,0.8888888888888888
2026-06-23,1609,上市,38.65,37.95,息,0.9818887451487711
2026-06-23,2312,上市,35.85,35.25,息,0.9832635983263598
2026-06-23,2368,上市,1395.0,1385.19,息,0.9929677419354839
2026-06-23,2534,上市,18.3,16.8,息,0.9180327868852459
2026-06-23,2641,上櫃,18.7,18.2,除息,0.9732620320855615
2026-06-23,2855,上市,52.0,49.89,息,0.9594230769230769
2026-06-23,3010,上市,131.5,126.2,息,0.9596958174904943
2026-06-23,3388,上櫃,92.2,88.86,除息,0.9637744034707157
2026-06-23,3597,上櫃,26.4,26.0,除息,0.9848484848484849
2026-06-23,3684,上櫃,59.8,57.03,除息,0.9536789297658863
2026-06-23,4442,上櫃,56.0,52.6,除息,0.9392857142857143
2026-06-23,4766,上市,372.0,354.0,息,0.9516129032258065
2026-06-23,6214,上市,141.0,135.0,息,0.9574468085106383
2026-06-23,6292,上櫃,68.0,66.2,除息,0.973529411764706
2026-06-23,6449,上市,428.5,424.29,息,0.9901750291715287
2026-06-23,6505,上市,54.0,52.8,息,0.9777777777777777
2026-06-23,6530,上櫃,99.7,97.7,除息,0.9799398194583752
2026-06-23,6667,上櫃,292.0,280.29,除息,0.9598972602739727
2026-06-23,6903,上櫃,390.5,382.0,除息,0.9782330345710627
2026-06-23,7760,上市,34.0,32.0,息,0.9411764705882353
2026-06-24,00836B,上櫃,29.2,28.82,除息,0.9869863013698631
2026-06-24,00856B,上櫃,37.63,37.3,除息,0.9912304012755778
2026-06-24,00857B,上櫃,23.47,23.22,除息,0.9893481039625053
2026-06-24,00907,上市,16.61,16.4,息,0.98735701384708
2026-06-24,00958B,上櫃,9.35,9.31,除息,0.99572192513369
2026-06-24,1104,上市,28.95,27.1,息,0.9360967184801382
2026-06-24,1326,上市,53.1,52.5,息,0.9887005649717514
2026-06-24,2103,上市,21.15,20.88,息,0.9872340425531915
2026-06-24,2423,上市,80.0,77.5,息,0.96875
2026-06-24,3019,上市,157.0,152.4,息,0.9707006369426752
2026-06-24,3169,上櫃,114.5,111.3,除息,0.9720524017467249
2026-06-24,3374,上櫃,303.5,301.0,除息,0.9917627677100495
2026-06-24,3530,上市,73.6,72.8,息,0.9891304347826088
2026-06-24,3705,上市,57.0,54.0,息,0.9473684210526315
2026-06-24,4557,上市,49.55,47.55,息,0.9596367305751766
2026-06-24,4571,上市,179.0,173.72,息,0.9705027932960893
2026-06-24,4952,上市,58.0,57.0,息,0.9827586206896551
2026-06-24,5230,上櫃,20.5,20.0,除息,0.975609756097561
2026-06-24,5291,上櫃,62.7,62.24,除權,0.9926634768740031
2026-06-24,6184,上市,46.95,43.95,息,0.9361022364217253
2026-06-24,6196,上市,541.0,534.55,息,0.9880776340110905
2026-06-24,6538,上櫃,138.0,136.47,除息,0.9889130434782608
2026-06-24,6629,上櫃,114.5,110.3,除息,0.9633187772925764
2026-06-24,6670,上市,287.0,271.0,息,0.9442508710801394
2026-06-24,6982,上櫃,58.6,57.0,除息,0.9726962457337883
2026-06-24,8249,上市,51.4,49.32,息,0.9595330739299611
2026-06-24,9917,上市,116.0,110.3,息,0.9508620689655172
2026-06-24,9930,上市,70.1,66.1,息,0.9429386590584878
2026-06-24,9934,上市,10.2,10.1,息,0.9901960784313726
2026-06-25,1259,上櫃,57.6,56.4,除息,0.9791666666666666
2026-06-25,1525,上市,65.8,63.0,息,0.9574468085106383
2026-06-25,2362,上市,46.1,44.1,息,0.9566160520607375
2026-06-25,2432,上市,31.95,30.25,息,0.94679186228482
2026-06-25,2451,上市,294.0,282.21,息,0.9598979591836734
2026-06-25,2489,上市,47.1,45.9,息,0.9745222929936305
2026-06-25,3046,上市,56.0,53.0,息,0.9464285714285714
2026-06-25,3338,上市,74.8,73.5,息,0.982620320855615
2026-06-25,3529,上櫃,3170.0,3149.5,除息,0.9935331230283911
2026-06-25,4935,上市,38.75,37.75,息,0.9741935483870968
2026-06-25,5227,上櫃,39.2,35.5,除權,0.9056122448979591
2026-06-25,5285,上市,110.0,108.5,息,0.9863636363636363
2026-06-25,5312,上櫃,96.6,90.1,除息,0.932712215320911
2026-06-25,5515,上市,41.55,38.25,息,0.92057761732852
2026-06-25,5521,上市,10.4,10.25,息,0.985576923076923
2026-06-25,5522,上市,71.5,66.0,息,0.9230769230769231
2026-06-25,6189,上市,53.4,50.7,息,0.9494382022471911
2026-06-25,6205,上市,80.7,79.2,息,0.9814126394052045
2026-06-25,6208,上櫃,105.0,103.0,除息,0.9809523809523809
2026-06-25,6585,上市,142.0,137.5,息,0.9683098591549296
2026-06-25,6690,上櫃,173.5,164.5,除息,0.9481268011527377
2026-06-25,6751,上櫃,49.5,46.5,除息,0.9393939393939394
2026-06-25,6771,上市,41.95,38.75,息,0.9237187127532777
2026-06-25,6776,上市,57.8,54.8,息,0.9480968858131488
2026-06-25,6811,上櫃,225.0,214.5,除息,0.9533333333333334
2026-06-25,6846,上櫃,67.0,63.06,除息,0.9411940298507463
2026-06-25,6884,上櫃,34.0,32.5,除息,0.9558823529411765
2026-06-25,6908,上市,38.5,37.26,息,0.9677922077922078
2026-06-25,7728,上櫃,700.0,695.0,除息,0.9928571428571429
2026-06-25,7767,上櫃,44.15,41.15,除息,0.9320498301245753
2026-06-25,7777,上櫃,41.3,40.37,除權息,0.9774818401937047
2026-06-25,8046,上市,955.0,953.0,息,0.9979057591623036
2026-06-25,8114,上市,208.5,197.03,息,0.9449880095923261
2026-06-25,8210,上市,1325.0,1311.0,息,0.9894339622641509
2026-06-25,8227,上櫃,189.0,187.3,除息,0.9910052910052911
2026-06-25,8279,上櫃,95.0,90.0,除息,0.9473684210526315
2026-06-25,8342,上櫃,90.9,85.9,除息,0.944994499449945
2026-06-25,9944,上市,17.85,17.55,息,0.9831932773109243
2026-06-26,1570,上櫃,40.2,39.2,除息,0.9751243781094527
2026-06-26,2455,上市,388.5,385.87,息,0.9932303732303732
2026-06-26,2643,上櫃,68.5,64.0,除息,0.9343065693430657
2026-06-26,3054,上市,65.6,64.8,息,0.9878048780487805
2026-06-26,3669,上市,35.4,34.4,息,0.9717514124293786
2026-06-26,3708,上市,115.0,108.5,息,0.9434782608695652
2026-06-26,5244,上市,37.1,36.7,息,0.9892183288409704
2026-06-26,5274,上櫃,17425.0,17345.0,除息,0.9954088952654232
2026-06-26,6768,上市,86.0,80.84,息,0.9400000000000001
2026-06-26,6789,上市,537.0,534.0,息,0.994413407821229
2026-06-26,8349,上櫃,40.6,39.06,除息,0.9620689655172414
2026-06-26,8349A,上櫃,47.35,44.95,除息,0.9493136219640972
2026-06-29,1234,上市,34.95,33.3,息,0.9527896995708153
2026-06-29,1295,上櫃,47.2,47.02,除權,0.9961864406779661
2026-06-29,1472,上市,90.5,84.5,息,0.9337016574585635
2026-06-29,1717,上市,69.5,69.3,權,0.9971223021582734
2026-06-29,2851,上市,37.15,34.95,息,0.9407806191117094
2026-06-29,3016,上市,124.5,124.0,息,0.9959839357429718
2026-06-29,3213,上櫃,121.5,114.5,除息,0.9423868312757202
2026-06-29,3357,上櫃,300.5,295.42,除息,0.9830948419301165
2026-06-29,3563,上市,675.0,663.0,息,0.9822222222222222
2026-06-29,3580,上櫃,91.8,90.6,除息,0.9869281045751633
2026-06-29,4164,上市,29.6,28.49,息,0.9624999999999999
2026-06-29,4915,上市,73.5,68.93,息,0.9378231292517007
2026-06-29,4989,上市,82.4,77.86,權,0.9449029126213592
2026-06-29,5009,上櫃,33.2,32.0,除息,0.9638554216867469
2026-06-29,5016,上櫃,25.25,24.25,除息,0.9603960396039604
2026-06-29,5306,上市,84.7,83.86,息,0.9900826446280991
2026-06-29,5438,上櫃,18.95,18.2,除息,0.9604221635883905
2026-06-29,5706,上市,51.5,46.96,息,0.9118446601941748
2026-06-29,6195,上櫃,24.65,23.65,除息,0.9594320486815415
2026-06-29,6465,上櫃,65.5,61.68,除權,0.9416793893129771
2026-06-29,6498,上櫃,95.0,90.5,除息,0.9526315789473684
2026-06-29,6613,上櫃,344.0,337.0,除息,0.9796511627906976
2026-06-29,6859,上櫃,125.0,123.0,除息,0.984
2026-06-29,7631,上市,164.0,162.4,息,0.9902439024390244
2026-06-29,8034,上櫃,22.8,21.6,除息,0.9473684210526316
2026-06-29,8045,上市,58.8,57.8,息,0.9829931972789115
2026-06-29,8064,上櫃,134.0,133.02,除息,0.9926865671641791
2026-06-29,8150,上市,97.5,96.27,息,0.9873846153846153
2026-06-29,8272,上櫃,69.5,66.7,除息,0.9597122302158274
2026-06-29,8341,上市,78.1,74.1,息,0.9487836107554417
2026-06-29,8422,上市,28.25,27.05,息,0.9575221238938053
2026-06-30,1301,上市,53.2,52.7,息,0.9906015037593985
2026-06-30,1410,上市,25.5,25.3,息,0.9921568627450981
2026-06-30,1521,上市,25.95,25.2,息,0.9710982658959537
2026-06-30,1598,上市,19.35,18.85,息,0.9741602067183462
2026-06-30,1727,上市,88.0,87.85,息,0.9982954545454544
2026-06-30,1731,上市,21.8,20.58,息,0.9440366972477063
2026-06-30,1817,上市,40.15,37.95,息,0.9452054794520549
2026-06-30,2328,上市,48.75,47.85,息,0.9815384615384616
2026-06-30,2397,上市,57.6,55.15,息,0.9574652777777777
2026-06-30,2436,上市,71.5,69.54,息,0.9725874125874127
2026-06-30,2605,上市,29.9,28.9,息,0.9665551839464883
2026-06-30,2882,上市,101.5,98.0,息,0.9655172413793104
2026-06-30,2882A,上市,61.9,59.37,息,0.9591276252019386
2026-06-30,2882B,上市,60.8,58.51,息,0.9623355263157894
2026-06-30,2883,上市,29.65,28.65,息,0.9662731871838112
2026-06-30,2883B,上市,8.27,7.91,息,0.9564691656590085
2026-06-30,3264,上櫃,215.5,211.3,除息,0.9805104408352668
2026-06-30,3372,上櫃,20.65,19.67,除權,0.9525423728813561
2026-06-30,3416,上市,166.5,161.4,息,0.9693693693693693
2026-06-30,3714,上市,62.4,61.5,息,0.9855769230769231
2026-06-30,4541,上櫃,48.65,47.25,除息,0.9712230215827339
2026-06-30,4722,上市,306.5,305.31,息,0.9961174551386623
2026-06-30,4953,上櫃,125.0,119.86,除息,0.95888
2026-06-30,6026,上櫃,16.5,15.14,除息,0.9175757575757576
2026-06-30,6569,上櫃,106.0,101.69,除權息,0.9593396226415094
2026-06-30,6592,上市,64.0,59.22,權息,0.9253125
2026-06-30,6592A,上市,98.0,93.8,息,0.9571428571428571
2026-06-30,6592B,上市,98.1,93.6,息,0.9541284403669724
2026-06-30,6835,上市,35.15,34.14,息,0.9712660028449502
2026-06-30,7711,上市,324.0,315.01,息,0.972253086419753
2026-06-30,8039,上市,137.5,135.5,息,0.9854545454545455
2026-06-30,8299,上櫃,2340.0,2323.04,除息,0.9927521367521367
2026-06-30,9931,上市,35.1,33.3,息,0.9487179487179486
2026-07-01,1101,上市,24.05,23.25,息,0.9667359667359667
2026-07-01,1101B,上市,45.6,43.57,息,0.9554824561403509
2026-07-01,1470,上市,21.3,20.65,息,0.9694835680751173
2026-07-01,1725,上市,34.75,33.68,息,0.9692086330935251
2026-07-01,2230,上櫃,25.55,24.94,除息,0.9761252446183953
2026-07-01,2302,上市,47.85,47.5,息,0.9926854754440961
2026-07-01,2357,上市,700.0,658.0,息,0.94
2026-07-01,2881,上市,129.5,125.25,息,0.9671814671814671
2026-07-01,2881A,上市,63.6,60.85,息,0.9567610062893082
2026-07-01,2881B,上市,62.9,60.32,息,0.9589825119236884
2026-07-01,2881C,上市,51.7,49.9,息,0.9651837524177949
2026-07-01,2884,上市,34.45,33.05,息,0.9593613933236573
2026-07-01,2887E,上市,51.1,48.66,息,0.9522504892367906
2026-07-01,2887F,上市,47.4,45.46,息,0.959071729957806
2026-07-01,2887G,上市,43.55,41.84,息,0.9607347876004594
2026-07-01,2887H,上市,41.5,39.7,息,0.9566265060240965
2026-07-01,2887I,上市,9.51,9.43,息,0.9915878023133543
2026-07-01,2887Z1,上市,18.35,17.69,息,0.964032697547684
2026-07-01,2903,上市,23.0,21.75,息,0.9456521739130435
2026-07-01,3515,上市,234.0,222.99,息,0.9529487179487179
2026-07-01,3607,上市,16.8,16.0,息,0.9523809523809523
2026-07-01,4116,上櫃,38.5,36.5,除息,0.948051948051948
2026-07-01,4119,上市,44.8,44.05,息,0.9832589285714286
2026-07-01,4305,上櫃,45.95,42.85,除息,0.9325353645266594
2026-07-01,4523,上櫃,30.1,27.46,除息,0.9122923588039867
2026-07-01,4755,上市,139.5,135.8,息,0.9734767025089607
2026-07-01,4961,上市,165.0,157.28,息,0.9532121212121212
2026-07-01,5474,上櫃,168.0,164.0,除息,0.9761904761904762
2026-07-01,6174,上櫃,49.8,49.46,除息,0.9931726907630523
2026-07-01,6285,上市,259.5,255.19,息,0.9833911368015414
2026-07-01,6425,上櫃,73.2,72.21,除息,0.9864754098360654
2026-07-01,6523,上櫃,98.0,96.0,除息,0.9795918367346939
2026-07-01,6542,上櫃,45.6,45.58,除息,0.9995614035087719
2026-07-01,6655,上市,123.0,118.2,息,0.9609756097560976
2026-07-01,8088,上櫃,64.7,63.2,除息,0.9768160741885626
2026-07-01,8240,上櫃,53.2,51.9,除息,0.975563909774436
2026-07-01,8271,上市,194.5,190.05,息,0.977120822622108
2026-07-01,8482,上市,50.0,48.04,息,0.9608
2026-07-02,00939,上市,21.27,21.14,息,0.9938881053126469
2026-07-02,00950B,上櫃,14.26,14.2,除息,0.9957924263674613
2026-07-02,00959B,上櫃,9.51,9.46,除息,0.9947423764458466
2026-07-02,00966B,上櫃,14.16,14.09,除息,0.9950564971751412
2026-07-02,00983B,上櫃,15.86,15.8,除息,0.9962168978562422
2026-07-02,00984B,上櫃,16.54,16.46,除息,0.9951632406287788
2026-07-02,00984D,上市,10.18,10.09,息,0.9911591355599214
2026-07-02,00986B,上櫃,10.02,9.98,除息,0.9960079840319362
2026-07-02,1452,上市,10.9,10.7,息,0.9816513761467889
2026-07-02,1612,上市,37.1,34.6,息,0.9326145552560647
2026-07-02,1752,上市,33.2,31.6,息,0.9518072289156626
2026-07-02,1789,上市,20.8,20.51,息,0.9860576923076924
2026-07-02,2010,上市,23.7,21.7,息,0.9156118143459916
2026-07-02,2317,上市,248.0,240.82,息,0.9710483870967742
2026-07-02,2354,上市,55.0,53.5,息,0.9727272727272728
2026-07-02,2433,上市,44.8,42.1,息,0.9397321428571429
2026-07-02,2462,上市,23.35,23.15,息,0.9914346895074945
2026-07-02,2607,上市,48.65,45.95,息,0.9445015416238439
2026-07-02,2753,上市,188.5,181.0,息,0.9602122015915119
2026-07-02,2820,上市,17.75,16.85,息,0.9492957746478874
2026-07-02,3006,上市,213.0,212.0,息,0.9953051643192489
2026-07-02,3090,上市,316.0,311.2,息,0.9848101265822784
2026-07-02,3093,上櫃,75.0,73.85,除息,0.9846666666666666
2026-07-02,3189,上市,888.0,886.48,息,0.9982882882882883
2026-07-02,3211,上櫃,408.0,396.53,除息,0.9718872549019607
2026-07-02,3311,上市,38.05,37.45,息,0.9842312746386336
2026-07-02,3570,上櫃,176.0,166.3,除息,0.9448863636363637
2026-07-02,3592,上市,281.5,266.9,息,0.9481349911190052
2026-07-02,3703,上市,21.45,20.4,息,0.951048951048951
2026-07-02,3715,上市,172.0,170.92,息,0.993720930232558
2026-07-02,4137,上市,110.5,100.5,息,0.9095022624434389
2026-07-02,4535,上櫃,27.3,26.5,除息,0.9706959706959707
2026-07-02,4931,上櫃,236.0,233.5,除息,0.989406779661017
2026-07-02,5220,上櫃,20.95,20.65,除息,0.9856801909307875
2026-07-02,5353,上櫃,31.8,30.8,除息,0.9685534591194969
2026-07-02,5490,上櫃,28.85,27.35,除息,0.9480069324090121
2026-07-02,6136,上市,25.2,24.04,息,0.9539682539682539
2026-07-02,6185,上櫃,14.2,13.81,除息,0.9725352112676057
2026-07-02,6197,上市,348.0,341.07,息,0.9800862068965517
2026-07-02,6213,上市,360.0,357.0,息,0.9916666666666667
2026-07-02,6270,上櫃,39.35,38.35,除息,0.974587039390089
2026-07-02,6715,上市,443.5,441.55,息,0.9956031567080046
2026-07-02,6844,上櫃,65.4,61.4,除息,0.9388379204892965
2026-07-02,6907,上櫃,142.0,141.01,除息,0.9930281690140844
2026-07-02,8032,上櫃,42.7,41.5,除息,0.9718969555035128
2026-07-02,8081,上市,309.0,293.0,息,0.948220064724919
2026-07-02,8415,上櫃,35.3,33.8,除息,0.9575070821529745
2026-07-02,8917,上櫃,54.0,51.9,除息,0.9611111111111111
2026-07-02,8926,上市,74.3,72.18,息,0.9714670255720055
2026-07-02,8941,上櫃,44.15,43.15,除息,0.9773499433748585
2026-07-02,9904,上市,25.0,23.7,息,0.948
2026-07-02,9939,上市,127.5,121.3,息,0.9513725490196078
2026-07-03,1294,上櫃,79.5,63.75,除權息,0.8018867924528302
2026-07-03,1455,上市,10.2,10.04,息,0.984313725490196
2026-07-03,1730,上市,53.3,50.3,息,0.9437148217636022
2026-07-03,2013,上市,44.0,41.6,息,0.9454545454545454
2026-07-03,2425,上市,42.15,42.05,息,0.9976275207591934
2026-07-03,2838A,上市,54.6,51.96,息,0.9516483516483516
2026-07-03,2945,上市,42.45,40.95,息,0.9646643109540636
2026-07-03,3265,上櫃,188.5,184.4,除息,0.9782493368700266
2026-07-03,3479,上櫃,146.5,141.88,除息,0.9684641638225255
2026-07-03,3711,上市,727.0,720.41,息,0.9909353507565336
2026-07-03,5209,上櫃,172.0,159.05,除息,0.9247093023255815
2026-07-03,5315,上櫃,23.0,21.4,除息,0.9304347826086956
2026-07-03,5864,上櫃,46.15,41.13,除權息,0.8912242686890575
2026-07-03,6803,上櫃,291.0,275.22,除息,0.9457731958762887
2026-07-03,7839,上櫃,47.3,45.26,除息,0.9568710359408034
2026-07-03,8255,上櫃,195.0,191.5,除息,0.982051282051282
2026-07-03,8921,上櫃,18.25,17.98,除息,0.9852054794520548
2026-07-03,910861,上市,4.44,4.36,息,0.9819819819819819
2026-07-06,00946,上市,15.7,15.64,息,0.9961783439490447
2026-07-06,00953B,上市,9.74,9.67,息,0.9928131416837782
2026-07-06,00985B,上市,10.33,10.28,息,0.9951597289448209
2026-07-06,00997A,上市,13.63,13.26,息,0.9728539985326485
2026-07-06,1307,上市,35.8,33.6,息,0.9385474860335197
2026-07-06,2373,上市,57.3,53.6,息,0.9354275741710297
2026-07-06,2474,上市,207.0,199.88,息,0.9656038647342995
2026-07-06,2615,上市,82.8,79.8,息,0.9637681159420289
2026-07-06,2904,上市,14.4,13.7,息,0.9513888888888888
2026-07-06,2947,上櫃,79.5,72.27,除權,0.9090566037735849
2026-07-06,3037,上市,969.0,967.01,息,0.9979463364293085
2026-07-06,3071,上櫃,32.85,32.05,除息,0.9756468797564687
2026-07-06,3557,上市,26.4,26.1,息,0.9886363636363638
2026-07-06,3704,上市,46.95,46.55,息,0.9914802981895633
2026-07-06,4702,上櫃,10.25,9.75,除息,0.9512195121951219
2026-07-06,4747,上櫃,50.2,49.15,除息,0.9790836653386453
2026-07-06,5347,上櫃,193.5,189.03,除息,0.9768992248062015
2026-07-06,5536,上櫃,1430.0,1415.5,除息,0.9898601398601399
2026-07-06,5538,上市,33.9,32.4,息,0.9557522123893806
2026-07-06,6155,上市,87.0,86.2,息,0.9908045977011495
2026-07-06,6620,上櫃,102.5,100.43,除息,0.9798048780487806
2026-07-06,6730,上櫃,38.2,36.7,除息,0.9607329842931938
2026-07-06,6754,上市,46.3,42.8,息,0.9244060475161987
2026-07-06,6856,上櫃,45.6,42.6,除息,0.9342105263157895
2026-07-06,6922,上櫃,186.0,181.17,除息,0.9740322580645161
2026-07-06,7705,上市,32.9,31.3,息,0.9513677811550153
2026-07-06,7716,上櫃,26.8,25.1,除息,0.9365671641791045
2026-07-06,7734,上櫃,3190.0,3170.15,除息,0.9937774294670847
2026-07-06,8072,上市,30.25,29.25,息,0.9669421487603306
2026-07-06,8083,上櫃,172.0,162.0,除息,0.9418604651162791
2026-07-06,8112,上市,92.9,87.53,權息,0.9421959095801937
2026-07-06,8112A,上市,47.4,44.12,權息,0.9308016877637131
2026-07-06,8476,上市,24.45,24.25,息,0.9918200408997956
2026-07-06,9935,上市,20.5,19.3,息,0.9414634146341464
2026-07-06,9943,上市,56.5,53.0,息,0.9380530973451328
2026-07-07,2408,上市,420.5,419.15,息,0.9967895362663496
2026-07-07,2417,上市,47.45,47.19,息,0.9945205479452054
2026-07-07,2454,上市,4125.0,4100.49,息,0.9940581818181817
2026-07-07,2536,上市,21.6,19.6,息,0.9074074074074074
2026-07-07,3048,上市,64.6,63.6,息,0.9845201238390094
2026-07-07,3290,上櫃,70.4,68.9,除息,0.9786931818181818
2026-07-07,3546,上櫃,83.5,77.62,除權息,0.9295808383233534
2026-07-07,4175,上櫃,53.5,50.5,除息,0.9439252336448598
2026-07-07,4772,上櫃,283.0,280.0,除息,0.9893992932862191
2026-07-07,5015,上櫃,22.45,21.95,除息,0.977728285077951
2026-07-07,5274,上櫃,16270.0,14790.91,除權,0.9090909649661955
2026-07-07,5547,上櫃,23.2,20.0,除權息,0.8620689655172414
2026-07-07,6257,上市,273.0,268.75,息,0.9844322344322345
2026-07-07,6526,上市,686.0,672.5,息,0.9803206997084548
2026-07-07,6546,上櫃,73.6,71.1,除息,0.9660326086956522
2026-07-07,6591,上市,55.8,51.8,息,0.9283154121863799
2026-07-07,6683,上櫃,1780.0,1771.0,除息,0.994943820224719
2026-07-07,6804,上櫃,16.3,15.8,除息,0.9693251533742331
2026-07-07,6840,上櫃,65.0,64.0,除息,0.9846153846153847
2026-07-07,6862,上市,195.0,190.0,息,0.9743589743589743
2026-07-07,8923,上櫃,20.0,19.1,除息,0.9550000000000001
2026-07-07,9945,上市,26.5,25.4,息,0.9584905660377357
2026-07-08,1229,上市,42.7,40.09,權息,0.9388758782201405
2026-07-08,1303,上市,166.5,165.7,息,0.9951951951951952
2026-07-08,2028,上市,16.1,15.9,息,0.9875776397515528
2026-07-08,2049,上市,344.5,342.5,息,0.9941944847605225
2026-07-08,2303,上市,155.0,152.39,息,0.9831612903225806
2026-07-08,2405,上市,17.2,17.1,息,0.994186046511628
2026-07-08,2545,上市,37.5,34.7,息,0.9253333333333335
2026-07-08,2618,上市,42.4,40.4,息,0.9528301886792453
2026-07-08,2634,上市,58.4,57.62,息,0.9866438356164383
2026-07-08,3221,上櫃,57.1,56.82,除息,0.9950963222416812
2026-07-08,3231,上市,155.5,149.99,息,0.9645659163987139
2026-07-08,3293,上櫃,770.0,734.0,除息,0.9532467532467532
2026-07-08,3624,上櫃,133.5,132.4,除息,0.9917602996254682
2026-07-08,4148,上市,30.45,29.45,息,0.9671592775041051
2026-07-08,4576,上市,223.0,222.2,息,0.9964125560538116
2026-07-08,4904,上市,103.0,99.19,息,0.9630097087378641
2026-07-08,5356,上櫃,27.85,25.85,除息,0.9281867145421903
2026-07-08,6170,上櫃,52.3,48.3,除息,0.9235181644359465
2026-07-08,6233,上櫃,25.25,24.5,除息,0.9702970297029703
2026-07-08,6561,上櫃,337.0,329.3,除息,0.9771513353115727
2026-07-08,6641,上市,19.1,18.7,息,0.9790575916230365
2026-07-08,6693,上櫃,249.0,248.4,除息,0.9975903614457832
2026-07-08,6829,上櫃,208.5,205.0,除息,0.9832134292565947
2026-07-08,6924,上市,123.5,118.5,息,0.9595141700404858
2026-07-08,6937,上市,264.0,262.6,息,0.9946969696969697
2026-07-08,8155,上櫃,350.0,344.84,除息,0.9852571428571428
2026-07-08,8284,上櫃,63.3,59.3,除息,0.9368088467614534
2026-07-08,8426,上櫃,20.85,20.05,除息,0.9616306954436451
2026-07-09,00400A,上市,14.29,14.17,息,0.9916025192442268
2026-07-09,00940,上市,12.59,12.54,息,0.9960285941223193
2026-07-09,1110,上市,15.95,15.65,息,0.9811912225705329
2026-07-09,1236,上市,26.3,24.65,息,0.9372623574144486
2026-07-09,1256,上市,199.5,192.9,息,0.9669172932330827
2026-07-09,1338,上市,17.35,17.03,息,0.9815561959654179
2026-07-09,1446,上市,17.2,15.7,息,0.9127906976744186
2026-07-09,1513,上市,171.5,165.5,息,0.9650145772594753
2026-07-09,1616,上市,23.25,21.89,息,0.941505376344086
2026-07-09,1723,上市,82.6,80.75,息,0.9776029055690073
2026-07-09,2412,上市,139.5,134.3,息,0.9627240143369177
2026-07-09,2453,上市,56.7,53.9,息,0.9506172839506172
2026-07-09,2478,上市,181.0,179.0,息,0.988950276243094
2026-07-09,2488,上市,53.7,50.7,息,0.9441340782122905
2026-07-09,2492,上市,474.0,471.49,息,0.994704641350211
2026-07-09,2493,上市,270.0,266.0,息,0.9851851851851852
2026-07-09,2739,上市,37.1,34.52,息,0.9304582210242588
2026-07-09,3014,上市,153.5,144.99,息,0.9445602605863193
2026-07-09,3024,上市,12.45,12.23,息,0.9823293172690764
2026-07-09,3044,上市,472.0,459.3,息,0.973093220338983
2026-07-09,3045,上市,113.0,108.25,息,0.9579646017699115
2026-07-09,3060,上市,35.8,35.6,息,0.9944134078212292
2026-07-09,3162,上櫃,83.6,82.73,除息,0.9895933014354068
2026-07-09,3167,上市,810.0,806.08,息,0.9951604938271605
2026-07-09,3171,上櫃,69.9,65.26,除息,0.9336194563662374
2026-07-09,3284,上櫃,29.0,28.5,除息,0.9827586206896551
2026-07-09,3430,上櫃,129.5,127.9,除息,0.9876447876447877
2026-07-09,3438,上櫃,70.5,69.0,除息,0.9787234042553191
2026-07-09,3588,上市,68.0,67.5,息,0.9926470588235294
2026-07-09,4433,上櫃,21.2,20.2,除息,0.9528301886792453
2026-07-09,4556,上櫃,92.7,92.1,除息,0.9935275080906147
2026-07-09,4590,上市,91.5,89.2,息,0.9748633879781421
2026-07-09,4720,上市,23.85,23.45,息,0.9832285115303983
2026-07-09,5215,上市,44.1,42.1,息,0.9546485260770975
2026-07-09,5284,上市,343.0,334.81,權息,0.9761224489795919
2026-07-09,5292,上市,223.5,198.18,權息,0.8867114093959731
2026-07-09,5452,上櫃,32.15,31.9,除息,0.9922239502332815
2026-07-09,5469,上市,83.5,80.97,息,0.9697005988023952
2026-07-09,5511,上櫃,79.7,63.48,除權息,0.7964868255959848
2026-07-09,5533,上市,14.1,13.5,息,0.9574468085106383
2026-07-09,6115,上市,48.2,45.4,息,0.9419087136929459
2026-07-09,6166,上市,135.5,134.3,息,0.9911439114391145
2026-07-09,6173,上櫃,273.0,271.2,除息,0.9934065934065933
2026-07-09,6191,上市,105.5,102.9,息,0.9753554502369669
2026-07-09,6220,上櫃,34.7,34.0,除息,0.9798270893371757
2026-07-09,6223,上櫃,6460.0,6438.0,除息,0.996594427244582
2026-07-09,6278,上市,200.0,194.43,息,0.9721500000000001
2026-07-09,6284,上櫃,100.0,98.11,除息,0.9811
2026-07-09,6446,上市,1530.0,1377.93,權息,0.900607843137255
2026-07-09,6510,上櫃,2840.0,2824.77,除息,0.994637323943662
2026-07-09,6605,上市,134.0,127.5,息,0.9514925373134329
2026-07-09,6692,上櫃,25.8,25.6,除息,0.9922480620155039
2026-07-09,6781,上市,1165.0,1145.9,息,0.9836051502145924
2026-07-09,6899,上櫃,58.2,55.4,除息,0.9518900343642611
2026-07-09,7556,上櫃,282.0,264.9,除權息,0.9393617021276595
2026-07-09,8110,上市,51.3,49.8,息,0.9707602339181286
2026-07-09,8147,上櫃,154.0,151.0,除息,0.9805194805194806
2026-07-09,8183,上櫃,33.8,33.0,除息,0.9763313609467457
2026-07-09,8261,上市,348.0,343.0,息,0.985632183908046
2026-07-09,8374,上市,85.7,85.5,息,0.9976662777129521
2026-07-09,8499,上市,306.5,298.5,息,0.9738988580750407
2026-07-09,9905,上市,21.3,20.2,息,0.948356807511737
2026-07-10,2008,上市,29.85,28.85,息,0.966499162479062
2026-07-10,2610,上市,21.4,20.58,息,0.9616822429906542
2026-07-10,2891,上市,69.9,67.39,息,0.9640915593705293
2026-07-10,2891B,上市,64.9,62.1,息,0.9568567026194145
2026-07-10,2891C,上市,63.0,61.08,息,0.9695238095238095
2026-07-10,3034,上市,542.0,519.0,息,0.9575645756457565
2026-07-10,3055,上市,158.0,157.5,息,0.9968354430379747
2026-07-10,3217,上櫃,173.5,163.5,除息,0.9423631123919308
2026-07-10,3303,上櫃,59.2,56.2,除息,0.9493243243243243
2026-07-10,3467,上櫃,58.8,58.3,除息,0.9914965986394558
2026-07-10,3489,上櫃,24.2,21.2,除息,0.8760330578512396
2026-07-10,3564,上櫃,54.1,53.83,除息,0.9950092421441774
2026-07-10,4711,上櫃,17.35,16.85,除息,0.9711815561959655
2026-07-10,4968,上市,111.5,109.9,息,0.9856502242152467
2026-07-10,5519,上市,34.45,29.66,權息,0.8609579100145137
2026-07-10,6477,上市,39.85,39.5,息,0.9912170639899623
2026-07-10,6762,上櫃,176.5,167.62,除權息,0.9496883852691218
2026-07-10,7747,上櫃,129.0,114.55,除權息,0.887984496124031
2026-07-10,7811,上櫃,80.5,74.83,除息,0.9295652173913044
2026-07-13,1907,上市,27.75,26.75,息,0.963963963963964
2026-07-13,2248,上市,59.0,55.89,息,0.9472881355932203
2026-07-13,2316,上市,208.0,206.0,息,0.9903846153846154
2026-07-13,2347,上市,88.5,84.3,息,0.9525423728813559
2026-07-13,2359,上市,139.0,138.0,息,0.9928057553956835
2026-07-13,2645,上市,240.0,235.0,息,0.9791666666666666
2026-07-13,3227,上櫃,221.5,211.49,除息,0.9548081264108352
2026-07-13,4306,上市,15.5,14.8,息,0.9548387096774194
2026-07-13,4417,上櫃,48.05,44.55,除息,0.927159209157128
2026-07-13,4999,上市,20.05,19.8,息,0.9875311720698254
2026-07-13,5432,上櫃,141.0,139.5,除息,0.9893617021276596
2026-07-13,5493,上櫃,88.8,86.1,除息,0.9695945945945945
2026-07-13,6121,上櫃,420.5,408.2,除息,0.9707491082045184
2026-07-13,6763,上櫃,45.9,43.85,除息,0.9553376906318083
2026-07-13,6790,上市,40.6,37.95,息,0.9347290640394089
2026-07-13,6843,上櫃,40.15,38.15,除息,0.950186799501868
2026-07-13,6890,上市,206.0,197.03,息,0.9564563106796117
2026-07-13,6951,上市,78.7,69.61,權,0.8844980940279542
2026-07-13,7610,上市,2650.0,2181.01,權息,0.823022641509434
2026-07-13,7772,上櫃,121.5,120.0,除息,0.9876543209876543
2026-07-13,8103,上市,92.0,89.2,息,0.9695652173913044
2026-07-14,1402,上市,26.85,25.6,息,0.9534450651769087
2026-07-14,1580,上櫃,123.5,115.0,除息,0.9311740890688259
2026-07-14,1603,上市,31.85,29.85,息,0.9372056514913658
2026-07-14,1796,上櫃,33.0,32.3,除息,0.9787878787878787
2026-07-14,2027,上市,39.5,38.0,息,0.9620253164556962
2026-07-14,2029,上市,20.95,20.35,息,0.9713603818615753
2026-07-14,2501,上市,23.5,22.3,息,0.948936170212766
2026-07-14,2609,上市,50.1,48.1,息,0.9600798403193613
2026-07-14,2633,上市,26.45,25.3,息,0.9565217391304348
2026-07-14,2836A,上市,24.85,24.07,息,0.9686116700201207
2026-07-14,2849,上市,14.65,14.14,息,0.9651877133105802
2026-07-14,3013,上市,99.5,99.1,息,0.9959798994974873
2026-07-14,3130,上市,221.0,206.29,息,0.9334389140271493
2026-07-14,3150,上市,18.05,17.55,息,0.9722991689750693
2026-07-14,3465,上櫃,34.85,34.05,除權,0.9770444763271161
2026-07-14,3490,上櫃,31.4,30.9,除息,0.9840764331210191
2026-07-14,3512,上櫃,21.45,19.65,除息,0.916083916083916
2026-07-14,3532,上市,465.5,464.5,息,0.9978517722878625
2026-07-14,3567,上櫃,29.8,28.8,除息,0.9664429530201343
2026-07-14,3577,上櫃,132.5,130.5,除息,0.9849056603773585
2026-07-14,3581,上櫃,134.0,133.4,除息,0.9955223880597015
2026-07-14,3645,上市,79.5,78.3,息,0.9849056603773585
2026-07-14,3717,上市,25.4,25.2,息,0.9921259842519685
2026-07-14,4588,上市,58.7,55.7,息,0.948892674616695
2026-07-14,4979,上櫃,419.0,416.85,除息,0.9948687350835322
2026-07-14,5299,上櫃,115.5,111.84,除息,0.9683116883116883
2026-07-14,5465,上櫃,24.85,23.65,除息,0.9517102615694164
2026-07-14,5471,上市,65.0,64.2,息,0.9876923076923078
2026-07-14,6156,上櫃,28.35,28.15,除息,0.9929453262786595
2026-07-14,6237,上櫃,41.3,41.2,除息,0.9975786924939468
2026-07-14,6556,上櫃,69.3,65.8,除息,0.9494949494949495
2026-07-14,6698,上市,39.9,39.4,息,0.9874686716791979
2026-07-14,6906,上市,80.3,78.5,息,0.9775840597758406
2026-07-14,7402,上櫃,144.0,143.5,除息,0.9965277777777778
2026-07-14,7770,上櫃,43.2,41.2,除息,0.9537037037037037
2026-07-15,00734B,上櫃,16.15,15.99,除息,0.9900928792569661
2026-07-15,00842B,上櫃,31.13,30.33,除息,0.9743013170575008
2026-07-15,00904,上市,41.0,40.32,息,0.9834146341463414
2026-07-15,00936,上市,20.43,20.31,息,0.9941262848751835
2026-07-15,00942B,上櫃,14.21,14.15,除息,0.9957776213933849
2026-07-15,00947,上市,35.15,34.85,息,0.9914651493598863
2026-07-15,00962,上市,14.49,14.41,息,0.9944789510006902
2026-07-15,00970B,上櫃,9.35,9.3,除息,0.9946524064171124
2026-07-15,009805,上市,16.44,16.34,息,0.9939172749391727
2026-07-15,00980B,上櫃,9.47,9.42,除息,0.9947201689545934
2026-07-15,00989B,上櫃,10.3,10.22,除息,0.9922330097087378
2026-07-15,1240,上櫃,58.1,55.1,除息,0.9483648881239243
2026-07-15,1264,上櫃,271.5,256.5,除息,0.9447513812154696
2026-07-15,1336,上櫃,15.95,15.69,除息,0.9836990595611286
2026-07-15,1563,上市,64.5,62.5,息,0.9689922480620154
2026-07-15,2221,上櫃,49.85,48.35,除息,0.9699097291875627
2026-07-15,2228,上市,83.7,79.2,息,0.946236559139785
2026-07-15,2235,上櫃,28.5,27.0,除息,0.9473684210526315
2026-07-15,2356,上市,63.7,61.7,息,0.9686028257456829
2026-07-15,2617,上市,30.0,28.5,息,0.95
2026-07-15,2636,上市,68.6,63.6,息,0.9271137026239068
2026-07-15,2838,上市,22.95,21.21,權息,0.9241830065359478
2026-07-15,3081,上櫃,1925.0,1747.27,除權息,0.9076727272727273
2026-07-15,3305,上市,119.5,117.21,息,0.980836820083682
2026-07-15,3652,上市,32.05,30.85,息,0.9625585023400938
2026-07-15,3665,上市,1775.0,1759.81,息,0.9914422535211267
2026-07-15,4126,上櫃,81.3,76.8,除息,0.9446494464944649
2026-07-15,4721,上櫃,78.7,76.4,除息,0.9707750952986023
2026-07-15,6215,上市,105.0,104.0,息,0.9904761904761905
2026-07-15,6442,上市,1315.0,1303.74,息,0.9914372623574145
2026-07-15,6486,上櫃,84.9,78.9,除息,0.9293286219081273
2026-07-15,6614,上市,39.75,38.1,息,0.9584905660377359
2026-07-15,6933,上市,163.0,160.5,息,0.9846625766871165
2026-07-15,7717,上櫃,498.0,494.71,除息,0.9933935742971887
2026-07-15,8021,上市,487.5,485.52,息,0.9959384615384616
2026-07-15,8131,上市,74.9,73.9,息,0.986648865153538
2026-07-15,8182,上櫃,45.5,45.25,除息,0.9945054945054945
2026-07-15,8383,上櫃,84.2,81.7,除息,0.9703087885985748
2026-07-15,8438,上市,90.8,89.5,息,0.98568281938326
2026-07-15,9908,上市,29.9,28.7,息,0.959866220735786
2026-07-16,006208,上市,246.6,241.85,息,0.9807380373073804
2026-07-16,00692,上市,92.0,90.08,息,0.9791304347826086
2026-07-16,00694B,上櫃,42.45,42.13,除息,0.9924617196702002
2026-07-16,00695B,上櫃,35.61,35.27,除息,0.9904521201909577
2026-07-16,00696B,上櫃,29.12,28.82,除息,0.9896978021978021
2026-07-16,00702,上市,25.33,24.65,息,0.9731543624161074
2026-07-16,00714,上市,22.2,22.07,息,0.9941441441441442
2026-07-16,00717,上市,14.97,14.82,息,0.9899799599198397
2026-07-16,00722B,上櫃,35.65,35.13,除息,0.9854137447405331
2026-07-16,00723B,上櫃,30.47,30.03,除息,0.9855595667870037
2026-07-16,00724B,上櫃,33.87,33.39,除息,0.9858281665190435
2026-07-16,00725B,上櫃,35.19,34.7,除息,0.9860755896561525
2026-07-16,00727B,上櫃,40.26,39.41,除息,0.9788872329855937
2026-07-16,00730,上市,28.5,28.39,息,0.996140350877193
2026-07-16,00735,上市,106.9,103.9,息,0.9719363891487371
2026-07-16,00736,上市,31.78,31.53,息,0.9921334172435494
2026-07-16,00740B,上櫃,38.5,38.33,除息,0.9955844155844156
2026-07-16,00741B,上櫃,37.79,37.59,除息,0.9947075946017466
2026-07-16,00746B,上櫃,35.62,35.19,除息,0.9879281302638967
2026-07-16,00749B,上櫃,32.02,31.59,除息,0.9865708931917551
2026-07-16,00750B,上櫃,32.9,32.49,除息,0.9875379939209727
2026-07-16,00772B,上櫃,33.51,33.37,除息,0.9958221426439868
2026-07-16,00773B,上櫃,35.78,35.64,除息,0.9960871995528228
2026-07-16,00777B,上櫃,32.34,32.2,除息,0.9956709956709957
2026-07-16,00778B,上櫃,34.15,34.01,除息,0.995900439238653
2026-07-16,00782B,上櫃,30.69,30.19,除息,0.9837080482241772
2026-07-16,00785B,上櫃,35.1,34.65,除息,0.9871794871794871
2026-07-16,00840B,上櫃,29.78,29.66,除息,0.9959704499664204
2026-07-16,00848B,上櫃,34.5,34.13,除息,0.9892753623188406
2026-07-16,00849B,上櫃,37.99,37.66,除息,0.9913135035535666
2026-07-16,00882,上市,15.16,14.61,息,0.9637203166226912
2026-07-16,00884B,上櫃,29.84,29.48,除息,0.9879356568364611
2026-07-16,00890B,上櫃,32.18,32.04,除息,0.9956494717215661
2026-07-16,00892,上市,43.18,40.72,息,0.9430291801760073
2026-07-16,00900,上市,19.0,18.92,息,0.9957894736842107
2026-07-16,00905,上市,27.56,26.5,息,0.9615384615384616
2026-07-16,00908,上市,15.44,15.29,息,0.9902849740932642
2026-07-16,00911,上市,62.6,59.1,息,0.9440894568690096
2026-07-16,00912,上市,34.16,33.16,息,0.9707259953161592
2026-07-16,00927,上市,41.29,39.41,息,0.9544683942843303
2026-07-16,00928,上櫃,35.61,32.86,除息,0.92277450154451
2026-07-16,00933B,上櫃,16.0,15.93,除息,0.995625
2026-07-16,00934,上市,27.89,27.59,息,0.9892434564359985
2026-07-16,00937B,上櫃,14.8,14.73,除息,0.9952702702702703
2026-07-16,00943,上市,22.42,22.3,息,0.9946476360392507
2026-07-16,00944,上市,21.7,21.59,息,0.9949308755760369
2026-07-16,00945B,上市,14.67,14.58,息,0.9938650306748467
2026-07-16,00948B,上櫃,9.43,9.39,除息,0.9957582184517498
2026-07-16,00952,上市,18.48,18.36,息,0.9935064935064934
2026-07-16,00956,上市,12.75,12.45,息,0.9764705882352941
2026-07-16,00957B,上櫃,13.4,13.34,除息,0.9955223880597015
2026-07-16,00960,上市,18.14,17.91,息,0.9873208379272326
2026-07-16,00961,上市,12.75,12.56,息,0.9850980392156863
2026-07-16,00963,上市,12.99,12.89,息,0.9923017705927637
2026-07-16,00964,上市,14.21,14.09,息,0.9915552427867698
2026-07-16,009804,上市,23.77,22.24,息,0.935633151030711
2026-07-16,00980D,上櫃,20.51,20.4,除息,0.9946367625548511
2026-07-16,009814,上櫃,11.32,11.28,除息,0.9964664310954062
2026-07-16,00981D,上櫃,10.52,10.45,除息,0.9933460076045627
2026-07-16,00981T,上市,12.22,12.13,息,0.9926350245499181
2026-07-16,00982B,上櫃,9.79,9.75,除息,0.9959141981613893
2026-07-16,00982D,上市,9.93,9.87,息,0.9939577039274924
2026-07-16,00983D,上市,10.15,10.09,息,0.9940886699507389
2026-07-16,00984A,上市,16.3,15.88,息,0.9742331288343559
2026-07-16,00988B,上櫃,20.09,19.93,除息,0.9920358387257342
2026-07-16,00992A,上市,17.49,17.02,息,0.9731275014293883
2026-07-16,1102,上市,34.8,32.5,息,0.9339080459770116
2026-07-16,1108,上市,13.7,12.7,息,0.927007299270073
2026-07-16,1109,上市,14.65,13.75,息,0.9385665529010239
2026-07-16,1220,上市,11.4,11.2,息,0.9824561403508771
2026-07-16,1434,上市,19.55,19.05,息,0.9744245524296675
2026-07-16,1440,上市,13.45,13.15,息,0.9776951672862454
2026-07-16,1522,上市,30.1,28.9,息,0.9601328903654485
2026-07-16,1522A,上市,50.1,48.1,息,0.9600798403193613
2026-07-16,1560,上市,742.0,737.05,息,0.9933288409703503
2026-07-16,1614,上市,32.4,31.43,息,0.9700617283950618
2026-07-16,1777,上櫃,75.3,71.3,除息,0.9468791500664011
2026-07-16,1785,上櫃,121.0,119.0,除息,0.9834710743801653
2026-07-16,2034,上市,20.75,19.75,息,0.9518072289156626
2026-07-16,2247,上市,230.0,222.0,息,0.9652173913043478
2026-07-16,2365,上市,32.7,32.4,息,0.9908256880733943
2026-07-16,2382,上市,381.0,365.4,息,0.9590551181102361
2026-07-16,2404,上市,1285.0,1245.0,息,0.9688715953307393
2026-07-16,2506,上市,8.95,8.75,息,0.9776536312849162
2026-07-16,2515,上市,13.9,13.23,權,0.9517985611510792
2026-07-16,2727,上市,233.5,217.38,息,0.9309635974304068
2026-07-16,2755,上櫃,137.5,107.54,除權息,0.782109090909091
2026-07-16,3380,上市,32.9,32.4,息,0.9848024316109423
2026-07-16,3551,上櫃,225.0,220.2,除息,0.9786666666666666
2026-07-16,3615,上櫃,44.25,43.55,除息,0.984180790960452
2026-07-16,3628,上櫃,73.2,69.95,除息,0.9556010928961749
2026-07-16,3673,上市,74.2,72.4,息,0.9757412398921833
2026-07-16,3687,上櫃,76.5,74.5,除息,0.9738562091503268
2026-07-16,4161,上櫃,23.1,22.4,除息,0.9696969696969696
2026-07-16,4413,上櫃,14.9,14.6,除息,0.9798657718120805
2026-07-16,4439,上市,107.5,103.44,息,0.9622325581395349
2026-07-16,4536,上市,171.0,163.0,息,0.9532163742690059
2026-07-16,4568,上櫃,40.35,38.37,除息,0.9509293680297397
2026-07-16,4572,上市,153.0,148.0,息,0.9673202614379085
2026-07-16,5206,上櫃,22.6,20.57,除權息,0.9101769911504425
2026-07-16,5434,上市,556.0,542.58,息,0.9758633093525181
2026-07-16,5904,上櫃,677.0,651.5,除息,0.9623338257016248
2026-07-16,6112,上市,43.65,42.0,息,0.9621993127147767
2026-07-16,6150,上櫃,62.3,61.7,除息,0.9903691813804174
2026-07-16,6161,上櫃,55.0,52.8,除息,0.96
2026-07-16,6190,上櫃,78.1,76.17,除息,0.9752880921895007
2026-07-16,6229,上櫃,26.35,25.75,除息,0.9772296015180265
2026-07-16,6488,上櫃,1480.0,1474.3,除息,0.9961486486486486
2026-07-16,6508,上櫃,26.0,25.5,除息,0.9807692307692307
2026-07-16,6703,上櫃,117.0,106.36,除權,0.9090598290598291
2026-07-16,6727,上櫃,417.5,413.0,除息,0.9892215568862276
2026-07-16,7721,上市,68.0,67.0,息,0.9852941176470589
2026-07-16,7749,上市,401.0,392.0,息,0.9775561097256857
2026-07-16,8222,上市,41.95,41.6,息,0.9916567342073898
2026-07-16,9937,上市,56.9,54.7,息,0.9613356766256591
2026-07-17,00931B,上櫃,13.58,13.44,除息,0.9896907216494845
2026-07-17,00985D,上櫃,10.22,10.16,除息,0.9941291585127201
2026-07-17,2395,上市,530.0,518.84,息,0.9789433962264151
2026-07-17,2547,上市,11.1,10.3,息,0.927927927927928
2026-07-17,2915,上市,52.8,50.9,息,0.9640151515151515
2026-07-17,3028,上市,73.1,71.72,權,0.9811217510259919
2026-07-17,3083,上櫃,26.7,26.37,除息,0.9876404494382023
2026-07-17,3149,上市,93.5,86.68,權,0.9270588235294118
2026-07-17,4114,上櫃,33.25,30.01,除權息,0.9025563909774437
2026-07-17,4205,上櫃,74.7,71.2,除息,0.9531459170013387
2026-07-17,6023,上櫃,106.0,88.7,除權息,0.8367924528301887
2026-07-17,6194,上櫃,31.4,29.9,除息,0.9522292993630573
2026-07-17,6207,上櫃,140.5,139.9,除息,0.9957295373665481
2026-07-17,6464,上市,78.4,74.1,權息,0.9451530612244896
2026-07-17,6515,上市,6735.0,6685.56,息,0.9926592427616927
2026-07-17,8358,上櫃,439.0,437.0,除息,0.9954441913439636
2026-07-17,8390,上櫃,102.5,98.7,除息,0.9629268292682928
2026-07-20,1464,上市,10.6,10.35,息,0.9764150943396226
2026-07-20,2211,上市,94.2,87.7,息,0.9309978768577495
2026-07-20,2392,上市,35.55,34.55,息,0.9718706047819972
2026-07-20,2640,上櫃,161.0,153.0,除息,0.9503105590062112
2026-07-20,3031,上市,26.2,25.2,息,0.9618320610687023
2026-07-20,3276,上櫃,16.0,15.94,除息,0.99625
2026-07-20,3611,上櫃,192.5,182.5,除息,0.948051948051948
2026-07-20,4120,上櫃,48.0,44.0,除息,0.9166666666666666
2026-07-20,4169,上市,252.0,251.68,息,0.9987301587301588
2026-07-20,4560,上市,33.8,31.8,息,0.940828402366864
2026-07-20,5386,上櫃,378.0,251.0,除權息,0.6640211640211641
2026-07-20,6277,上市,80.5,78.0,息,0.968944099378882
2026-07-20,6877,上櫃,125.0,124.5,除息,0.996
2026-07-20,6887,上市,39.45,37.02,息,0.938403041825095
2026-07-20,8069,上櫃,181.5,175.61,除息,0.9675482093663913
2026-07-20,8213,上市,32.8,31.66,息,0.9652439024390245
2026-07-20,8481,上市,41.6,38.85,息,0.9338942307692307
2026-07-21,0050,上市,99.2,98.6,息,0.9939516129032258
2026-07-21,0056,上市,49.95,48.6,息,0.9729729729729729
2026-07-21,006203,上市,181.0,179.75,息,0.9930939226519337
2026-07-21,00719B,上櫃,31.75,31.48,除息,0.991496062992126
2026-07-21,00720B,上櫃,33.36,32.89,除息,0.9859112709832135
2026-07-21,00788B,上櫃,30.49,30.12,除息,0.9878648737290916
2026-07-21,00789B,上櫃,48.51,47.86,除息,0.9866007008864152
2026-07-21,00791B,上櫃,58.25,57.65,除息,0.9896995708154506
2026-07-21,00834B,上櫃,34.56,34.15,除息,0.988136574074074
2026-07-21,00870B,上櫃,28.7,28.32,除息,0.9867595818815331
2026-07-21,00929,上市,27.94,27.56,息,0.9863994273443092
2026-07-21,00967B,上櫃,9.25,9.22,除息,0.9967567567567568
2026-07-21,00968B,上櫃,9.32,9.28,除息,0.9957081545064377
2026-07-21,00981B,上櫃,9.38,9.32,除息,0.9936034115138592
2026-07-21,00986D,上櫃,14.9,14.81,除息,0.9939597315436242
2026-07-21,00991A,上市,16.5,15.73,息,0.9533333333333334
2026-07-21,1233,上市,29.0,28.8,息,0.993103448275862
2026-07-21,1529,上市,20.4,18.17,權息,0.8906862745098041
2026-07-21,1535,上市,50.3,47.3,息,0.9403578528827038
2026-07-21,1615,上市,46.55,43.61,權息,0.9368421052631579
2026-07-21,1726,上市,80.2,76.5,息,0.953865336658354
2026-07-21,2355,上市,42.55,41.54,息,0.9762632197414807
2026-07-21,2704,上市,45.3,44.8,息,0.9889624724061811
2026-07-21,2885,上市,62.9,61.1,息,0.9713831478537361
2026-07-21,2887,上市,35.15,33.81,權息,0.9618776671408251
2026-07-21,5269,上市,1470.0,1424.62,息,0.9691292517006802
2026-07-21,5276,上櫃,19.2,18.4,除息,0.9583333333333333
2026-07-21,5548,上櫃,24.05,21.18,除權息,0.8806652806652806
2026-07-21,6527,上櫃,70.4,67.5,除息,0.9588068181818181
2026-07-21,6719,上市,218.0,213.4,息,0.9788990825688073
2026-07-21,6735,上櫃,66.8,66.1,除息,0.9895209580838323
2026-07-21,6870,上櫃,319.5,264.09,除權息,0.8265727699530515
2026-07-21,6967,上櫃,75.5,71.73,除權,0.9500662251655629
2026-07-21,8215,上市,24.45,24.15,息,0.9877300613496932
2026-07-21,9926,上市,50.8,48.7,息,0.9586614173228347
2026-07-22,1608,上市,31.8,29.8,息,0.9371069182389937
2026-07-22,2206,上市,63.9,60.84,息,0.9521126760563381
2026-07-22,2471,上市,52.0,48.68,息,0.9361538461538461
2026-07-22,2548,上市,102.0,97.14,權,0.9523529411764706
2026-07-22,2906,上市,14.1,13.5,息,0.9574468085106383
2026-07-22,3138,上市,101.5,99.95,息,0.9847290640394089
2026-07-22,3266,上市,13.95,13.45,息,0.96415770609319
2026-07-22,3402,上櫃,144.0,138.0,除息,0.9583333333333334
2026-07-22,3617,上市,211.5,201.56,息,0.9530023640661939
2026-07-22,3653,上市,3520.0,3498.27,息,0.9938267045454545
2026-07-22,4506,上櫃,125.0,119.7,除息,0.9576
2026-07-22,4977,上市,134.0,131.81,息,0.9836567164179104
2026-07-22,5439,上櫃,256.5,249.3,除息,0.9719298245614035
2026-07-22,5508,上櫃,53.4,50.62,除息,0.947940074906367
2026-07-22,6206,上市,120.5,115.0,息,0.9543568464730291
2026-07-22,6231,上櫃,238.0,232.3,除息,0.9760504201680673
2026-07-22,6244,上櫃,25.85,25.71,除息,0.9945841392649903
2026-07-22,6275,上櫃,44.7,42.71,除息,0.9554809843400447
2026-07-22,6782,上市,194.5,186.1,息,0.9568123393316195
2026-07-22,6904,上櫃,127.0,122.0,除息,0.9606299212598425
2026-07-22,8411,上市,12.7,12.6,息,0.9921259842519685
2026-07-23,1103,上市,13.55,13.02,息,0.9608856088560884
2026-07-23,1201,上市,12.65,12.44,息,0.983399209486166
2026-07-23,1227,上市,29.95,28.61,息,0.9552587646076794
2026-07-23,1304,上市,13.35,13.2,息,0.9887640449438202
2026-07-23,1305,上市,12.7,12.6,息,0.9921259842519685
2026-07-23,1308,上市,14.6,14.4,息,0.9863013698630138
2026-07-23,1309,上市,14.8,14.65,息,0.9898648648648648
2026-07-23,1417,上市,8.8,8.55,息,0.9715909090909091
2026-07-23,1436,上市,45.3,40.25,息,0.8885209713024284
2026-07-23,1503,上市,211.5,206.5,息,0.9763593380614657
2026-07-23,1558,上市,93.6,88.6,息,0.9465811965811965
2026-07-23,1590,上市,1430.0,1400.89,息,0.9796433566433567
2026-07-23,1720,上市,63.5,55.9,權息,0.8803149606299212
2026-07-23,1806,上市,8.38,8.23,息,0.9821002386634844
2026-07-23,1809,上市,40.0,39.75,息,0.99375
2026-07-23,2204,上市,55.5,51.9,息,0.9351351351351351
2026-07-23,2352,上市,30.4,29.4,息,0.9671052631578947
2026-07-23,2414,上市,57.3,54.3,息,0.9476439790575916
2026-07-23,2745,上櫃,103.0,95.5,除息,0.9271844660194175
2026-07-23,2890,上市,40.4,38.52,權息,0.9534653465346535
2026-07-23,2897,上市,10.5,9.98,息,0.9504761904761905
2026-07-23,2897B,上市,11.95,11.41,息,0.9548117154811716
2026-07-23,3056,上市,14.85,14.23,息,0.9582491582491584
2026-07-23,3088,上櫃,147.5,144.57,除息,0.9801355932203389
2026-07-23,3206,上櫃,35.4,33.9,除息,0.9576271186440678
2026-07-23,3219,上櫃,66.1,64.74,除息,0.9794251134644478
2026-07-23,3444,上櫃,77.3,75.5,除息,0.9767141009055628
2026-07-23,3491,上櫃,1300.0,1293.2,除息,0.9947692307692308
2026-07-23,3716,上市,34.65,33.64,息,0.9708513708513709
2026-07-23,4129,上櫃,91.7,87.2,除息,0.95092693565976
2026-07-23,4545,上市,34.5,34.37,息,0.9962318840579709
2026-07-23,4933,上櫃,58.3,55.41,除息,0.9504288164665523
2026-07-23,5483,上櫃,234.0,231.5,除息,0.9893162393162394
2026-07-23,6290,上櫃,250.0,243.81,除息,0.97524
2026-07-23,6409,上市,998.0,961.22,息,0.9631462925851704
2026-07-23,6506,上櫃,18.4,17.4,除息,0.9456521739130435
2026-07-23,6671,上市,24.0,22.8,息,0.9500000000000001
2026-07-23,6944,上市,1030.0,779.23,權息,0.7565339805825243
2026-07-23,7722,上市,312.5,297.61,權,0.9523520000000001
2026-07-23,7768,上市,296.0,292.49,息,0.9881418918918919
2026-07-23,8048,上櫃,57.0,53.4,除權息,0.9368421052631579
2026-07-23,8942,上櫃,38.85,37.85,除息,0.9742599742599742
2026-07-23,9918,上市,43.5,42.0,息,0.9655172413793104
2026-07-23,9958,上市,115.5,111.0,息,0.961038961038961
2026-07-24,1617,上市,19.25,18.65,息,0.9688311688311687
2026-07-24,1734,上市,32.55,31.55,息,0.9692780337941629
2026-07-24,2002,上市,19.1,18.95,息,0.9921465968586386
2026-07-24,2002A,上市,38.85,37.45,息,0.963963963963964
2026-07-24,2073,上櫃,28.15,27.85,除息,0.9893428063943163
2026-07-24,2495,上市,38.8,38.0,息,0.9793814432989691
2026-07-24,3694,上市,64.1,61.79,息,0.9639625585023401
2026-07-24,4561,上櫃,36.8,36.6,除息,0.9945652173913044
2026-07-24,4764,上市,309.5,304.28,權,0.9831340872374797
2026-07-24,4771,上市,194.5,187.52,息,0.9641131105398458
2026-07-24,5263,上櫃,97.7,96.92,除權,0.9920163766632548
2026-07-24,5488,上櫃,14.55,14.49,除息,0.9958762886597938
2026-07-24,6435,上櫃,293.0,285.5,除息,0.9744027303754266
2026-07-24,6796,上市,60.0,59.75,息,0.9958333333333333
2026-07-24,6863,上市,109.5,108.0,息,0.9863013698630136
2026-07-24,7740,上市,157.0,137.38,權息,0.8750318471337579
2026-07-24,7788,上市,230.0,228.0,息,0.991304347826087
2026-07-24,8050,上櫃,63.0,60.85,除息,0.9658730158730159
2026-07-24,9925,上市,41.4,39.4,息,0.9516908212560387
2026-07-27,00858,上櫃,36.53,35.13,除息,0.9616753353408158
2026-07-27,00888,上櫃,34.25,32.5,除息,0.948905109489051
2026-07-27,00930,上市,24.03,23.78,息,0.9895963379109447
2026-07-27,00958B,上櫃,9.27,9.23,除息,0.9956850053937434
2026-07-27,1530,上市,31.1,28.44,權息,0.9144694533762058
2026-07-27,3002,上市,17.95,17.62,息,0.981615598885794
2026-07-27,3285,上櫃,39.85,39.35,除息,0.9874529485570891
2026-07-27,3379,上櫃,31.15,29.95,除息,0.9614767255216694
2026-07-27,3552,上櫃,47.8,47.3,除息,0.9895397489539749
2026-07-27,3587,上櫃,258.0,253.79,除息,0.9836821705426356
2026-07-27,4767,上櫃,27.5,26.4,除息,0.96
2026-07-27,4971,上櫃,402.0,401.15,除息,0.9978855721393034
2026-07-27,5425,上櫃,85.0,82.98,除息,0.9762352941176471
2026-07-27,5546,上市,15.85,14.85,息,0.9369085173501577
2026-07-27,6016,上櫃,24.45,21.6,除權息,0.883435582822086
2026-07-27,6259,上櫃,32.05,31.7,除息,0.9890795631825273
2026-07-27,6451,上市,437.5,437.28,息,0.9994971428571428
2026-07-27,6643,上櫃,425.0,423.81,除息,0.9972
2026-07-27,6931,上市,39.25,39.13,息,0.9969426751592357
2026-07-28,00726B,上櫃,33.33,32.83,除息,0.984998499849985
2026-07-28,2449,上市,276.0,261.9,權息,0.9489130434782608
2026-07-28,2497,上市,52.8,50.8,息,0.9621212121212122
2026-07-28,2528,上市,22.0,19.13,權,0.8695454545454545
2026-07-28,3163,上櫃,743.0,630.85,除權息,0.8490578734858681
2026-07-28,3548,上櫃,76.0,75.0,除息,0.9868421052631579
2026-07-28,4107,上櫃,119.5,114.0,除息,0.9539748953974896
2026-07-28,4167,上櫃,20.4,18.35,除權息,0.8995098039215688
2026-07-28,4911,上櫃,35.15,31.47,除權息,0.8953058321479375
2026-07-28,5876,上市,47.0,44.75,權息,0.9521276595744681
2026-07-28,6175,上櫃,81.7,80.2,除息,0.981640146878825
2026-07-28,6416,上市,102.0,99.2,息,0.9725490196078431
2026-07-28,6492,上櫃,40.6,39.81,除權,0.9805418719211823
2026-07-28,6517,上櫃,67.3,65.8,除息,0.9777117384843982
2026-07-28,6664,上櫃,371.0,360.86,除息,0.9726684636118599
2026-07-28,6757,上市,55.5,53.07,息,0.9562162162162162
2026-07-28,7786,上市,128.0,122.4,息,0.95625
2026-07-29,1540,上市,20.75,19.75,息,0.9518072289156626
2026-07-29,2009,上市,36.75,36.35,息,0.9891156462585035
2026-07-29,2402,上市,55.0,53.0,息,0.9636363636363636
2026-07-29,2482,上市,17.25,17.15,息,0.9942028985507245
2026-07-29,2836,上市,13.0,12.47,權息,0.9592307692307693
2026-07-29,3131,上櫃,2550.0,2503.92,除息,0.9819294117647059
2026-07-29,3527,上櫃,52.5,51.5,除息,0.9809523809523809
2026-07-29,3537,上櫃,51.2,49.2,除息,0.9609375
2026-07-29,3540,上櫃,20.6,20.34,除息,0.9873786407766989
2026-07-29,4549,上櫃,92.5,89.5,除息,0.9675675675675676
2026-07-29,4942,上市,36.65,34.65,息,0.9454297407912687
2026-07-29,5871,上市,120.0,111.96,權息,0.9329999999999999
2026-07-29,5871A,上市,103.0,98.82,息,0.9594174757281553
2026-07-29,6114,上櫃,26.85,26.35,除息,0.9813780260707635
2026-07-29,6411,上櫃,75.6,73.38,除息,0.9706349206349206
2026-07-29,6689,上市,59.1,57.1,息,0.9661590524534687
2026-07-29,6715,上市,360.0,355.94,權,0.9887222222222222
2026-07-29,7753,上櫃,39.4,37.9,除息,0.9619289340101523
2026-07-30,1216,上市,78.2,75.2,息,0.9616368286445013
2026-07-30,1231,上市,90.3,80.72,權息,0.8939091915836102
2026-07-30,1514,上市,98.7,94.8,權息,0.9604863221884498
2026-07-30,2233,上市,185.5,181.5,息,0.9784366576819407
2026-07-30,2345,上市,1910.0,1895.0,息,0.9921465968586387
2026-07-30,2409,上市,23.65,23.25,息,0.9830866807610994
2026-07-30,2511,上市,8.43,8.13,息,0.9644128113879005
2026-07-30,2538,上市,10.0,9.5,息,0.95
2026-07-30,2596,上櫃,30.9,29.4,除息,0.9514563106796117
2026-07-30,2748,上市,39.8,38.05,息,0.9560301507537688
2026-07-30,2912,上市,241.0,232.0,息,0.9626556016597511
2026-07-30,2949,上櫃,59.0,56.97,除息,0.965593220338983
2026-07-30,3485,上櫃,192.0,187.5,除息,0.9765625
2026-07-30,3583,上市,624.0,618.25,息,0.9907852564102564
2026-07-30,4106,上市,24.5,23.5,息,0.9591836734693877
2026-07-30,4401,上櫃,14.1,13.5,除息,0.9574468085106383
2026-07-30,4526,上市,27.55,26.55,息,0.9637023593466425
2026-07-30,4551,上市,160.5,156.3,息,0.9738317757009346
2026-07-30,4584,上櫃,39.7,37.7,除息,0.9496221662468514
2026-07-30,4916,上市,90.2,89.7,息,0.9944567627494457
2026-07-30,5410,上櫃,35.2,33.13,除息,0.9411931818181818
2026-07-30,5457,上櫃,28.65,27.15,除息,0.9476439790575916
2026-07-30,5607,上市,49.1,47.3,息,0.9633401221995925
2026-07-30,6180,上櫃,41.8,40.77,除息,0.9753588516746413
2026-07-30,6239,上市,233.0,228.5,息,0.98068669527897
2026-07-30,6509,上櫃,42.5,41.11,除息,0.9672941176470589
2026-07-30,6962,上市,30.15,29.15,息,0.966832504145937
2026-07-30,7708,上櫃,94.0,88.5,除息,0.9414893617021277
2026-07-30,7769,上市,5175.0,5110.0,息,0.9874396135265701
2026-07-30,7810,上櫃,176.5,171.5,除息,0.9716713881019831
2026-07-30,8054,上櫃,79.0,78.95,除權,0.9993670886075949
2026-07-30,8931,上櫃,42.2,40.6,除息,0.962085308056872
2026-07-30,9942,上市,120.0,113.0,息,0.9416666666666667
2026-07-30,9955,上市,22.85,22.49,權,0.9842450765864331
2026-07-31,00406A,上市,8.06,7.93,息,0.9838709677419354
2026-07-31,00939,上市,21.41,21.28,息,0.9939280709948622
2026-07-31,00950B,上櫃,13.96,13.9,除息,0.995702005730659
2026-07-31,00959B,上櫃,9.28,9.23,除息,0.9946120689655173
2026-07-31,00966B,上櫃,13.71,13.64,除息,0.9948942377826404
2026-07-31,00983B,上櫃,15.48,15.42,除息,0.9961240310077519
2026-07-31,00984B,上櫃,16.08,16.0,除息,0.9950248756218907
2026-07-31,00984D,上市,10.21,10.12,息,0.9911851126346717
2026-07-31,00986B,上櫃,9.68,9.64,除息,0.9958677685950414
2026-07-31,1532,上市,22.55,21.75,息,0.9645232815964523
2026-07-31,2616,上市,13.6,13.3,息,0.9779411764705883
2026-07-31,6024,上市,62.9,56.32,權息,0.8953895071542131
2026-07-31,6138,上櫃,257.5,246.55,除息,0.9574757281553399
2026-07-31,6470,上櫃,43.35,40.85,除息,0.9423298731257209
2026-07-31,6472,上市,384.0,374.0,息,0.9739583333333334
2026-07-31,8467,上市,99.7,96.7,息,0.9699097291875627
2026-07-31,8905,上櫃,28.4,27.69,除息,0.9750000000000001
2026-08-03,1465,上市,12.7,12.4,息,0.9763779527559056
2026-08-03,1527,上市,33.75,32.25,息,0.9555555555555556
2026-08-03,2367,上市,36.3,36.1,息,0.9944903581267219
2026-08-03,2376,上市,336.5,324.5,息,0.9643387815750372
2026-08-03,3051,上市,22.15,21.65,息,0.9774266365688488
2026-08-03,3306,上櫃,43.75,42.05,除息,0.9611428571428571
2026-08-03,3501,上市,39.95,37.95,息,0.9499374217772215
2026-08-03,3689,上櫃,105.0,101.35,除息,0.9652380952380952
2026-08-03,5014,上櫃,10.95,10.45,除息,0.954337899543379
2026-08-03,6122,上櫃,50.3,46.9,除息,0.9324055666003976
2026-08-03,6187,上櫃,929.0,917.34,除息,0.987448869752422
2026-08-03,6957,上市,226.0,216.89,息,0.9596902654867256
2026-08-04,00946,上市,14.56,14.5,息,0.9958791208791209
2026-08-04,00953B,上市,9.83,9.76,息,0.9928789420142421
2026-08-04,00985B,上市,10.41,10.35,息,0.994236311239193
2026-08-04,1474,上市,10.25,10.0,息,0.975609756097561
2026-08-04,1736,上市,130.0,125.5,息,0.9653846153846154
2026-08-04,2348,上市,74.4,66.09,權息,0.8883064516129032
2026-08-04,2348A,上市,38.1,36.5,息,0.958005249343832
2026-08-04,2351,上市,156.5,155.47,息,0.9934185303514377
2026-08-04,2393,上市,61.5,57.0,息,0.926829268292683
2026-08-04,2543,上市,37.45,36.42,息,0.9724966622162884
2026-08-04,2812,上市,20.65,18.98,權息,0.919128329297821
2026-08-04,2834,上市,18.2,16.72,權息,0.9186813186813186
2026-08-04,3332,上櫃,63.9,61.9,除息,0.9687010954616588
2026-08-04,3483,上櫃,76.4,73.4,除息,0.9607329842931938
2026-08-04,3533,上市,2005.0,1970.06,息,0.982573566084788
2026-08-04,3545,上市,50.1,49.28,息,0.9836327345309381
2026-08-04,4190,上市,25.5,25.0,息,0.9803921568627451
2026-08-04,5450,上櫃,14.25,14.0,除息,0.9824561403508771
2026-08-04,6203,上櫃,64.3,60.3,除息,0.937791601866252
2026-08-04,6209,上市,69.8,69.3,息,0.9928366762177651
2026-08-04,6417,上櫃,114.0,111.6,除息,0.9789473684210526
2026-08-04,6469,上櫃,77.4,70.04,除權息,0.9049095607235143
2026-08-04,6728,上櫃,109.5,103.0,除息,0.9406392694063926
2026-08-04,6743,上市,30.3,27.3,息,0.900990099009901
2026-08-04,8404,上市,16.65,16.15,息,0.96996996996997
2026-08-04,9938,上市,45.9,42.9,息,0.934640522875817
2026-08-05,00400A,上市,13.57,13.45,息,0.9911569638909358
2026-08-05,1437,上市,30.85,30.36,息,0.9841166936790923
2026-08-05,1519,上市,713.0,638.18,權息,0.895063113604488
2026-08-05,2427,上市,23.05,22.35,息,0.9696312364425163
2026-08-05,2801,上市,25.2,23.8,權息,0.9444444444444445
2026-08-05,3289,上櫃,145.0,143.8,除息,0.9917241379310345
2026-08-05,5903,上櫃,189.0,182.5,除息,0.9656084656084656
2026-08-05,6134,上櫃,26.3,26.1,除息,0.9923954372623575
2026-08-05,6201,上市,49.15,46.05,息,0.9369277721261444
2026-08-05,6725,上櫃,256.0,249.0,除息,0.97265625
2026-08-05,6997,上櫃,76.6,72.0,除息,0.9399477806788512
2026-08-05,8354,上櫃,15.8,15.69,除息,0.9930379746835443
2026-08-06,1419,上市,65.6,63.8,息,0.9725609756097562
2026-08-06,1439,上市,29.1,28.6,息,0.9828178694158075
2026-08-06,1713,上市,46.95,43.85,息,0.933972310969116
2026-08-06,2375,上市,123.5,122.3,息,0.9902834008097166
2026-08-06,2762,上市,85.4,81.76,息,0.9573770491803278
2026-08-06,3003,上市,59.5,58.5,息,0.9831932773109243
2026-08-06,3033,上市,47.8,45.88,息,0.9598326359832637
2026-08-06,3152,上櫃,232.0,224.89,除息,0.969353448275862
2026-08-06,3376,上市,185.0,181.0,息,0.9783783783783784
2026-08-06,3516,上櫃,27.05,26.85,除息,0.9926062846580407
2026-08-06,5288,上市,191.5,184.99,息,0.9660052219321149
2026-08-06,5525,上市,23.25,22.05,息,0.9483870967741935
2026-08-06,6125,上櫃,49.1,48.6,除息,0.9898167006109979
2026-08-06,6186,上櫃,42.45,37.44,除息,0.8819787985865724
2026-08-06,6855,上櫃,119.5,114.0,除息,0.9539748953974896
2026-08-06,9914,上市,78.3,75.5,息,0.9642401021711366
2026-08-06,9960,上櫃,32.9,31.35,除息,0.952887537993921
2026-08-07,1210,上市,55.2,52.2,息,0.9456521739130435
2026-08-07,6491,上市,379.0,368.99,息,0.9735883905013193
2026-08-07,6662,上櫃,30.2,28.65,除息,0.9486754966887417
2026-08-10,2520,上市,34.7,33.08,息,0.9533141210374638
2026-08-10,2540,上市,54.9,48.9,息,0.8907103825136612
2026-08-10,2546,上市,99.1,84.19,權息,0.8495459132189708
2026-08-10,2948,上櫃,38.65,35.57,除權息,0.9203104786545926
2026-08-10,3023,上市,318.0,308.0,息,0.9685534591194969
2026-08-10,3709,上櫃,79.4,77.24,除息,0.9727959697732996
2026-08-10,6680,上櫃,57.8,56.12,除權,0.9709342560553633
2026-08-10,6869,上市,68.0,66.0,息,0.9705882352941176
2026-08-10,7743,上櫃,21.2,20.7,除息,0.9764150943396226
2026-08-10,8421,上櫃,15.3,14.68,除權,0.9594771241830065
2026-08-10,8478,上市,151.5,145.0,息,0.9570957095709571
2026-08-10,8927,上櫃,21.05,20.74,除息,0.985273159144893
2026-08-11,00940,上市,12.44,12.39,息,0.9959807073954985
2026-08-11,2892,上市,34.95,33.65,息,0.9628040057224605
2026-08-11,3390,上櫃,22.85,22.65,除息,0.9912472647702406
2026-08-11,4580,上櫃,82.4,78.4,除息,0.9514563106796117
2026-08-11,4744,上櫃,28.75,27.75,除息,0.9652173913043478
2026-08-11,5880,上市,26.1,24.68,權息,0.9455938697318007
2026-08-11,6005,上市,33.8,29.53,權息,0.8736686390532545
2026-08-11,6958,上市,18.65,17.75,權,0.9517426273458446
2026-08-12,3605,上市,111.0,109.42,息,0.9857657657657658
2026-08-12,4569,上市,167.0,163.75,息,0.9805389221556886
2026-08-12,4581,上市,51.5,48.5,息,0.941747572815534
2026-08-12,5203,上市,65.8,62.1,息,0.9437689969604864
2026-08-12,6023,上櫃,87.0,84.59,除權,0.9722988505747127
2026-08-12,8916,上櫃,43.25,40.22,除息,0.9299421965317919
2026-08-13,2476,上市,128.0,125.02,息,0.97671875
2026-08-13,2754,上櫃,72.6,71.6,除息,0.9862258953168044
2026-08-13,2880,上市,43.2,41.43,權息,0.9590277777777777
2026-08-13,2886,上市,48.7,46.95,息,0.9640657084188912
2026-08-13,3008,上市,4585.0,4543.5,息,0.990948745910578
2026-08-13,3050,上市,11.55,11.3,息,0.9783549783549783
2026-08-13,3232,上櫃,19.9,19.4,除息,0.9748743718592965
2026-08-13,6117,上市,66.8,64.8,息,0.9700598802395209
2026-08-13,6202,上市,63.8,63.12,息,0.9893416927899686
2026-08-13,6485,上櫃,66.6,66.12,除息,0.992792792792793
2026-08-13,7712,上櫃,151.0,147.0,除息,0.9735099337748344
2026-08-14,00401A,上市,13.81,13.68,息,0.9905865314989137
2026-08-14,5314,上櫃,61.3,14.75,除權,0.2406199021207178
2026-08-14,6179,上櫃,27.85,27.35,除息,0.9820466786355476
2026-08-14,6188,上櫃,72.2,71.4,除息,0.9889196675900277
2026-08-17,00775B,上市,31.46,31.11,息,0.9888747616020342
2026-08-17,00844B,上櫃,31.34,30.93,除息,0.9869176770899809
2026-08-17,00867B,上櫃,30.26,29.85,除息,0.9864507600793126
2026-08-17,00936,上市,21.47,21.35,息,0.9944108057755008
2026-08-17,00942B,上櫃,13.92,13.86,除息,0.9956896551724138
2026-08-17,00962,上市,15.65,15.49,息,0.9897763578274761
2026-08-17,00970B,上櫃,9.18,9.13,除息,0.9945533769063182
2026-08-17,00980B,上櫃,9.29,9.24,除息,0.9946178686759958
2026-08-17,00989B,上櫃,10.28,10.19,除息,0.9912451361867705
2026-08-17,1477,上市,218.0,212.0,息,0.9724770642201835
2026-08-17,1618,上市,41.7,40.0,息,0.9592326139088728
2026-08-17,2231,上市,102.0,101.5,息,0.9950980392156863
2026-08-17,4123,上櫃,34.3,31.01,除權息,0.9040816326530613
2026-08-17,4162,上櫃,62.1,60.1,除息,0.9677938808373591
2026-08-17,4432,上櫃,16.55,16.15,除息,0.9758308157099697
2026-08-17,4967,上市,275.0,266.38,息,0.9686545454545454
2026-08-17,6282,上市,47.8,47.0,息,0.9832635983263599
2026-08-17,6698,上市,31.45,31.02,權,0.9863275039745628
2026-08-17,8049,上櫃,26.45,25.05,除息,0.947069943289225
2026-08-18,00690,上市,80.2,78.01,息,0.9726932668329177
2026-08-18,00701,上市,38.75,37.15,息,0.9587096774193548
2026-08-18,00730,上市,29.3,29.19,息,0.9962457337883959
2026-08-18,00740B,上櫃,37.56,37.38,除息,0.9952076677316294
2026-08-18,00741B,上櫃,37.6,37.4,除息,0.9946808510638298
2026-08-18,00754B,上櫃,31.95,31.48,除息,0.9852895148669797
2026-08-18,00755B,上櫃,32.01,31.54,除息,0.985317088409872
2026-08-18,00756B,上櫃,31.18,30.67,除息,0.9836433611289289
2026-08-18,00761B,上櫃,33.55,33.1,除息,0.9865871833084949
2026-08-18,00772B,上櫃,32.68,32.54,除息,0.9957160342717258
2026-08-18,00773B,上櫃,35.07,34.93,除息,0.9960079840319361
2026-08-18,00777B,上櫃,31.4,31.26,除息,0.9955414012738855
2026-08-18,00778B,上櫃,33.42,33.28,除息,0.9958108916816277
2026-08-18,00780B,上櫃,37.05,36.55,除息,0.9865047233468286
2026-08-18,00795B,上櫃,26.23,25.9,除息,0.9874189858940144
2026-08-18,00799B,上櫃,28.94,28.54,除息,0.9861782999308915
2026-08-18,00840B,上櫃,28.9,28.77,除息,0.9955017301038063
2026-08-18,00841B,上櫃,27.77,27.43,除息,0.9877565718401152
2026-08-18,00845B,上櫃,33.21,32.79,除息,0.987353206865402
2026-08-18,00846B,上櫃,35.95,35.49,除息,0.9872044506258693
2026-08-18,00847B,上櫃,24.9,24.55,除息,0.9859437751004017
2026-08-18,00860B,上櫃,38.46,38.04,除息,0.9890795631825272
2026-08-18,00864B,上櫃,46.68,46.12,除息,0.9880034275921165
2026-08-18,00878,上市,33.75,32.74,息,0.9700740740740741
2026-08-18,00881,上市,55.15,50.55,息,0.9165911151405258
2026-08-18,00890B,上櫃,31.37,31.23,除息,0.9955371373924131
2026-08-18,00891,上市,36.23,34.68,息,0.957217775324317
2026-08-18,00894,上市,49.9,47.85,息,0.9589178356713427
2026-08-18,00900,上市,18.74,18.66,息,0.9957310565635006
2026-08-18,00913,上市,49.36,47.58,息,0.9639384116693679
2026-08-18,00923,上市,42.89,39.84,息,0.9288878526463046
2026-08-18,00932,上市,17.67,17.44,息,0.9869835880022637
2026-08-18,00933B,上櫃,15.75,15.68,除息,0.9955555555555555
2026-08-18,00934,上市,29.15,28.85,息,0.9897084048027445
2026-08-18,00937B,上櫃,14.41,14.34,除息,0.9951422623178349
2026-08-18,00938,上市,25.09,24.77,息,0.9872459147070546
2026-08-18,00943,上市,21.63,21.51,息,0.9944521497919557
2026-08-18,00944,上市,20.87,20.76,息,0.9947292764734068
2026-08-18,00945B,上市,14.57,14.48,息,0.9938229238160604
2026-08-18,00948B,上櫃,9.19,9.15,除息,0.9956474428726878
2026-08-18,00952,上市,18.17,18.05,息,0.9933957072096863
2026-08-18,00957B,上櫃,13.02,12.96,除息,0.9953917050691246
2026-08-18,00961,上市,13.3,13.11,息,0.9857142857142857
2026-08-18,00963,上市,13.23,13.13,息,0.9924414210128496
2026-08-18,00964,上市,14.6,14.48,息,0.9917808219178083
2026-08-18,009801,上市,12.57,11.57,息,0.9204455051710422
2026-08-18,009808,上市,31.12,30.55,息,0.9816838046272494
2026-08-18,00980A,上市,25.62,24.98,息,0.9750195160031225
2026-08-18,00980D,上櫃,20.3,20.19,除息,0.9945812807881773
2026-08-18,00981D,上櫃,10.45,10.38,除息,0.9933014354066987
2026-08-18,00981T,上市,11.94,11.85,息,0.992462311557789
2026-08-18,00982A,上市,23.45,22.81,息,0.9727078891257995
2026-08-18,00982B,上櫃,9.54,9.5,除息,0.9958071278825996
2026-08-18,00982D,上市,9.79,9.73,息,0.9938712972420839
2026-08-18,00983D,上市,10.0,9.94,息,0.994
2026-08-18,00985D,上櫃,9.9,9.84,除息,0.9939393939393939
2026-08-18,00987B,上櫃,16.12,15.92,除息,0.987593052109181
2026-08-18,00988B,上櫃,19.86,19.71,除息,0.9924471299093657
2026-08-18,2885,上市,68.3,65.67,權,0.9614934114202051
2026-08-18,3022,上市,96.5,93.0,息,0.9637305699481865
2026-08-18,6225,上市,44.4,30.04,權,0.6765765765765765
2026-08-18,6432,上櫃,71.5,70.5,除息,0.986013986013986
2026-08-18,6799,上市,84.1,81.59,息,0.9701545778834721
2026-08-18,6986,上櫃,43.0,42.81,除息,0.9955813953488373
2026-08-18,7714,上櫃,166.0,164.0,除息,0.9879518072289156
2026-08-18,8928,上櫃,23.85,23.05,除息,0.9664570230607966
2026-08-19,00731,上市,91.75,90.29,息,0.9840871934604906
2026-08-19,00758B,上櫃,50.1,49.5,除息,0.9880239520958084
2026-08-19,00759B,上櫃,52.7,52.07,除息,0.9880455407969639
2026-08-19,00760B,上櫃,53.2,52.49,除息,0.9866541353383459
2026-08-19,00768B,上櫃,48.31,47.46,除息,0.9824052991099151
2026-08-19,00929,上市,28.87,28.49,息,0.9868375476272947
2026-08-19,00986D,上櫃,14.49,14.4,除息,0.9937888198757764
2026-08-19,1537,上市,127.5,120.3,息,0.9435294117647058
2026-08-19,2301,上市,273.5,271.0,息,0.9908592321755028
2026-08-19,2363,上市,51.3,50.69,息,0.9881091617933724
2026-08-19,2374,上市,69.3,67.3,息,0.9711399711399712
2026-08-19,2496,上市,59.4,55.14,權息,0.9282828282828283
2026-08-19,3017,上市,3035.0,3014.11,息,0.9931169686985173
2026-08-19,5489,上櫃,44.4,42.88,除息,0.9657657657657659
2026-08-19,6574,上櫃,126.0,123.0,除息,0.9761904761904762
2026-08-19,8043,上櫃,138.5,137.6,除息,0.9935018050541515
2026-08-20,00981B,上櫃,9.25,9.19,除息,0.9935135135135135
2026-08-20,1597,上市,135.0,134.3,息,0.9948148148148149
2026-08-20,1714,上市,16.75,16.57,息,0.9892537313432836
2026-08-20,2377,上市,146.5,142.3,息,0.9713310580204779
2026-08-20,2472,上市,234.0,230.5,息,0.9850427350427351
2026-08-20,2505,上市,18.2,17.2,息,0.945054945054945
2026-08-20,2539,上市,41.25,33.31,權息,0.8075151515151515
2026-08-20,4441,上市,196.5,185.7,息,0.9450381679389313
2026-08-20,4764,上市,203.0,200.77,權,0.9890147783251232
2026-08-20,4908,上櫃,152.5,151.5,除息,0.9934426229508196
2026-08-20,4966,上櫃,582.0,573.12,除息,0.9847422680412371
2026-08-20,5206,上櫃,23.0,22.69,除權,0.9865217391304348
2026-08-20,5222,上市,117.5,106.82,權,0.9091063829787234
2026-08-20,6177,上市,48.4,45.4,息,0.9380165289256198
2026-08-20,6666,上市,43.5,41.5,息,0.9540229885057471
2026-08-20,6691,上市,706.0,622.72,權息,0.8820396600566572
2026-08-20,6805,上市,1800.0,1787.5,息,0.9930555555555556
2026-08-20,8077,上櫃,44.9,42.9,除息,0.955456570155902
2026-08-21,00679B,上櫃,26.36,26.08,除息,0.9893778452200304
2026-08-21,00771,上市,15.65,15.44,息,0.9865814696485622
2026-08-21,00786B,上櫃,32.46,32.08,除息,0.9882932840418976
2026-08-21,00850,上市,89.2,88.35,息,0.9904708520179372
2026-08-21,00967B,上櫃,9.02,8.99,除息,0.9966740576496674
2026-08-21,00968B,上櫃,9.09,9.05,除息,0.9955995599559957
2026-08-21,2066,上櫃,58.0,55.85,除息,0.9629310344827586
2026-08-21,2458,上市,146.0,141.57,息,0.9696575342465753
2026-08-21,3147,上櫃,224.0,217.5,除息,0.9709821428571429
2026-08-21,4430,上櫃,19.0,18.5,除息,0.9736842105263158
2026-08-21,7547,上櫃,54.4,52.62,除息,0.9672794117647059
2026-08-24,1454,上市,12.4,12.3,息,0.9919354838709677
2026-08-24,1737,上市,32.5,31.1,息,0.956923076923077
2026-08-24,2070,上櫃,68.8,68.3,除息,0.9927325581395349
2026-08-24,2413,上市,43.8,43.3,息,0.9885844748858448
2026-08-24,2468,上市,35.05,34.05,息,0.9714693295292439
2026-08-24,2484,上市,76.5,75.8,息,0.9908496732026143
2026-08-24,2527,上市,44.4,42.9,息,0.9662162162162162
2026-08-24,3434,上櫃,31.1,29.9,除息,0.9614147909967845
2026-08-24,3646,上櫃,23.95,23.05,除息,0.9624217118997913
2026-08-24,4746,上市,53.9,50.9,息,0.9443413729128015
2026-08-24,6968,上櫃,44.0,41.86,除權息,0.9513636363636363
2026-08-24,7805,上櫃,678.0,533.33,除權息,0.7866224188790562
2026-08-24,9958,上市,102.0,100.57,權,0.9859803921568627
2026-08-25,00907,上市,17.47,17.23,息,0.9862621637092159
2026-08-25,00958B,上櫃,9.09,9.05,除息,0.9955995599559957
2026-08-25,1722,上市,46.2,44.2,息,0.9567099567099567
2026-08-25,2012,上市,14.95,14.65,息,0.9799331103678931
2026-08-25,2201,上市,29.1,28.54,息,0.9807560137457044
2026-08-25,2729,上櫃,162.5,155.57,除息,0.9573538461538461
2026-08-25,3317,上櫃,65.0,64.5,除息,0.9923076923076923
2026-08-25,3594,上櫃,51.1,50.7,除息,0.9921722113502935
2026-08-25,4111,上櫃,30.1,28.8,除息,0.9568106312292358
2026-08-25,4543,上櫃,32.75,31.0,除權息,0.9465648854961832
2026-08-25,4554,上櫃,32.75,28.04,除權息,0.8561832061068702
2026-08-25,4768,上櫃,315.0,309.51,除權息,0.9825714285714285
2026-08-25,4907,上櫃,48.7,47.2,除息,0.9691991786447639
2026-08-25,5284,上市,318.5,315.7,權,0.9912087912087911
2026-08-25,5534,上市,80.2,75.13,息,0.9367830423940149
2026-08-25,5603,上櫃,15.2,14.7,除息,0.9671052631578947
2026-08-25,6248,上櫃,18.3,17.08,除息,0.9333333333333332
2026-08-25,6482,上櫃,29.0,27.0,除息,0.9310344827586207
2026-08-25,6667,上櫃,218.5,214.3,除權,0.9807780320366133
2026-08-25,6752,上櫃,99.8,96.89,除權,0.9708416833667335
2026-08-25,6785,上櫃,98.8,98.7,除息,0.9989878542510122
2026-08-25,6873,上市,68.6,66.06,息,0.9629737609329447
2026-08-25,7777,上櫃,37.9,37.18,除權,0.9810026385224274
2026-08-25,8403,上櫃,19.55,18.95,除息,0.9693094629156009
2026-08-25,9921,上市,104.0,102.18,息,0.9825
2026-08-26,1583,上市,51.3,46.97,權息,0.9155945419103314
2026-08-26,2227,上市,48.0,47.16,息,0.9824999999999999
2026-08-26,2420,上市,56.5,53.5,息,0.9469026548672567
2026-08-26,2753,上市,188.5,179.52,權,0.9523607427055704
2026-08-26,3128,上櫃,22.95,21.27,除權息,0.9267973856209151
2026-08-26,3234,上櫃,182.5,173.9,除權,0.9528767123287671
2026-08-26,3287,上櫃,39.0,37.5,除息,0.9615384615384616
2026-08-26,4582,上市,23.35,22.55,息,0.9657387580299786
2026-08-26,6186,上櫃,33.65,32.92,除權,0.9783060921248143
2026-08-26,6216,上市,22.0,20.96,息,0.9527272727272728
2026-08-26,6612,上櫃,73.5,66.5,除權息,0.9047619047619048
2026-08-26,6914,上市,148.5,118.75,權息,0.7996632996632996
2026-08-26,6955,上市,120.0,97.95,權,0.81625
2026-08-26,7818,上市,63.0,60.96,息,0.9676190476190476
2026-08-26,8084,上櫃,46.9,46.12,除權,0.9833688699360341
2026-08-26,8410,上櫃,32.0,30.4,除息,0.95
2026-08-26,8442,上市,49.6,46.6,息,0.9395161290322581
2026-08-27,1315,上市,66.3,64.3,息,0.9698340874811463
2026-08-27,1339,上市,46.3,43.8,息,0.9460043196544277
2026-08-27,1409,上市,24.85,23.95,息,0.9637826961770622
2026-08-27,1734,上市,32.5,30.66,權,0.9433846153846154
2026-08-27,2059,上市,14510.0,14459.0,息,0.9964851826326672
2026-08-27,2415,上市,30.8,27.28,權息,0.8857142857142857
2026-08-27,2428,上市,252.0,246.1,息,0.9765873015873016
2026-08-27,2439,上市,82.1,78.01,息,0.9501827040194886
2026-08-27,2441,上市,118.0,114.99,息,0.9744915254237287
2026-08-27,2718,上櫃,49.35,45.28,除息,0.9175278622087133
2026-08-27,2901,上市,23.55,23.17,息,0.983864118895966
2026-08-27,3016,上市,102.0,101.8,權,0.9980392156862745
2026-08-27,3025,上市,57.2,54.0,息,0.9440559440559441
2026-08-27,3236,上櫃,43.9,43.4,除息,0.9886104783599089
2026-08-27,3528,上市,83.4,82.02,息,0.9834532374100718
2026-08-27,3558,上櫃,130.0,127.0,除息,0.9769230769230769
2026-08-27,3702,上市,108.0,104.35,息,0.9662037037037037
2026-08-27,4303,上櫃,54.6,38.29,除權息,0.7012820512820512
2026-08-27,4706,上櫃,32.6,32.3,除息,0.9907975460122698
2026-08-27,4707,上櫃,34.65,33.56,除權息,0.9685425685425686
2026-08-27,4736,上市,139.0,121.59,權息,0.8747482014388489
2026-08-27,5202,上櫃,12.05,11.85,除息,0.983402489626556
2026-08-27,5287,上櫃,154.0,135.64,除權息,0.8807792207792207
2026-08-27,5289,上櫃,1500.0,1454.19,除權息,0.96946
2026-08-27,6221,上櫃,23.05,21.85,除息,0.9479392624728851
2026-08-27,6227,上櫃,118.5,114.0,除息,0.9620253164556962
2026-08-27,6261,上櫃,82.4,79.9,除息,0.9696601941747572
2026-08-27,6624,上櫃,42.0,41.71,除息,0.9930952380952381
2026-08-27,6637,上櫃,62.7,58.2,除息,0.9282296650717703
2026-08-27,6770,上市,70.2,69.97,息,0.9967236467236467
2026-08-27,7728,上櫃,633.0,626.73,除權,0.9900947867298578
2026-08-27,8941,上櫃,44.5,43.0,除息,0.9662921348314607
2026-08-27,9946,上市,19.1,17.71,息,0.9272251308900523
2026-08-28,1453,上市,11.7,11.35,權,0.9700854700854701
2026-08-28,1709,上市,34.15,33.15,息,0.9707174231332357
2026-08-28,2072,上市,149.5,143.5,息,0.959866220735786
2026-08-28,2101,上市,32.9,32.3,息,0.9817629179331306
2026-08-28,2250,上市,62.3,59.3,息,0.9518459069020867
2026-08-28,2364,上市,76.8,68.0,權息,0.8854166666666667
2026-08-28,2383,上市,5500.0,5475.0,息,0.9954545454545455
2026-08-28,3373,上櫃,16.65,16.55,除息,0.9939939939939941
2026-08-28,3492,上櫃,21.55,20.45,除息,0.9489559164733178
2026-08-28,3693,上櫃,556.0,548.0,除息,0.9856115107913669
2026-08-28,5283,上市,61.1,52.5,權息,0.8592471358428805
2026-08-28,6183,上市,94.6,91.05,息,0.9624735729386893
2026-08-28,6474,上櫃,40.35,37.85,除息,0.9380421313506815
2026-08-28,7730,上市,185.0,175.23,權息,0.9471891891891892
2026-08-28,7822,上市,957.0,950.61,息,0.9933228840125392
2026-08-28,8932,上櫃,105.0,87.47,除權息,0.833047619047619
2026-08-31,1531,上市,13.7,12.7,息,0.927007299270073
2026-08-31,1795,上市,193.0,187.98,權息,0.9739896373056994
2026-08-31,2751,上櫃,55.5,53.5,除息,0.963963963963964
2026-08-31,2905,上市,17.45,17.15,息,0.982808022922636
2026-08-31,2937,上櫃,48.65,44.23,除權,0.9091469681397738
2026-08-31,3209,上市,51.9,47.52,權息,0.9156069364161851
2026-08-31,4735,上櫃,38.9,37.4,除息,0.961439588688946
2026-08-31,4905,上櫃,90.1,88.6,除息,0.9833518312985572
2026-08-31,5013,上櫃,29.8,29.1,除息,0.9765100671140939
2026-08-31,5392,上櫃,48.3,47.16,除權息,0.9763975155279503
2026-08-31,7584,上櫃,27.1,26.1,除權息,0.96309963099631
2026-08-31,9105,上市,8.35,8.28,息,0.9916167664670659
2026-08-31,9917,上市,111.0,105.71,權,0.9523423423423423
2026-09-01,00939,上市,23.17,23.04,息,0.9943892965041
2026-09-01,00966B,上櫃,13.54,13.47,除息,0.9948301329394388
2026-09-01,00984D,上市,10.01,9.92,息,0.991008991008991
2026-09-01,00986B,上櫃,9.55,9.51,除息,0.9958115183246072
2026-09-01,1732,上市,26.45,25.85,息,0.9773156899810965
2026-09-01,1783,上市,41.35,39.35,息,0.9516324062877872
2026-09-01,2701,上市,10.65,10.37,息,0.9737089201877933
2026-09-01,2889,上市,15.95,15.31,權息,0.9598746081504703
2026-09-01,3052,上市,11.15,10.55,息,0.946188340807175
2026-09-01,3078,上櫃,51.9,47.9,除息,0.9229287090558767
2026-09-01,3135,上市,182.5,171.08,權息,0.9374246575342466
2026-09-01,3416,上市,182.0,173.37,權,0.9525824175824176
2026-09-01,3455,上櫃,260.5,257.0,除息,0.9865642994241842
2026-09-01,4760,上櫃,261.0,255.9,除權,0.9804597701149426
2026-09-01,4977,上市,175.0,168.61,權,0.9634857142857144
2026-09-01,6245,上櫃,81.8,78.0,除息,0.9535452322738387
2026-09-01,6534,上市,92.0,90.99,息,0.9890217391304347
2026-09-01,8086,上櫃,118.0,116.32,除息,0.9857627118644067
2026-09-01,8436,上櫃,126.0,119.99,除息,0.9523015873015873
2026-09-01,9941,上市,86.9,80.9,權息,0.9309551208285386
2026-09-01,9941A,上市,51.4,49.06,息,0.9544747081712063
2026-09-02,00406A,上市,9.96,9.82,息,0.9859437751004015
2026-09-02,00946,上市,15.74,15.68,息,0.9961880559085133
2026-09-02,00950B,上櫃,13.58,13.52,除息,0.9955817378497791
2026-09-02,00953B,上市,9.63,9.56,息,0.9927310488058151
2026-09-02,00959B,上櫃,9.09,9.04,除息,0.9944994499449944
2026-09-02,00983B,上櫃,15.03,14.97,除息,0.9960079840319362
2026-09-02,00984B,上櫃,15.74,15.66,除息,0.9949174078780177
2026-09-02,00985B,上市,10.16,10.1,息,0.9940944881889763
2026-09-02,1240,上櫃,58.0,55.24,除權,0.9524137931034483
2026-09-02,2464,上市,184.5,182.3,權息,0.9880758807588077
2026-09-02,2845,上市,13.65,12.98,權息,0.9509157509157509
2026-09-02,2923,上市,24.75,24.63,息,0.9951515151515151
2026-09-02,3013,上市,92.4,88.84,權,0.9614718614718615
2026-09-02,3346,上市,19.6,19.49,息,0.9943877551020407
2026-09-02,4438,上市,60.8,58.5,息,0.962171052631579
2026-09-02,6139,上市,770.0,747.0,息,0.9701298701298702
2026-09-02,6426,上市,270.0,269.5,息,0.9981481481481481
2026-09-02,6669,上市,7800.0,2614.99,權,0.33525512820512815
2026-09-02,6753,上市,142.5,141.25,息,0.9912280701754386
2026-09-02,8076,上櫃,23.3,22.6,除息,0.9699570815450644
2026-09-03,1203,上市,44.35,43.35,息,0.9774520856820744
2026-09-03,2732,上櫃,65.3,63.3,除息,0.9693721286370597
2026-09-03,2756,上櫃,64.0,62.5,除息,0.9765625
2026-09-03,3114,上櫃,34.65,32.36,除權息,0.9339105339105339
2026-09-03,3484,上櫃,51.0,48.5,除息,0.9509803921568627
2026-09-03,3661,上市,4200.0,4167.44,息,0.9922476190476189
2026-09-03,6126,上櫃,30.2,29.6,除息,0.980132450331126
2026-09-03,6146,上櫃,192.5,187.0,除息,0.9714285714285714
2026-09-03,6234,上櫃,35.55,35.3,除息,0.9929676511954993
2026-09-03,6279,上櫃,127.0,121.5,除息,0.9566929133858267
2026-09-03,6874,上櫃,83.6,73.27,除權息,0.8764354066985646
2026-09-03,7780,上市,17.05,16.93,息,0.9929618768328445
2026-09-03,8466,上市,15.65,15.34,息,0.9801916932907347
2026-09-03,8908,上櫃,41.4,40.18,除權,0.9705314009661836
2026-09-03,9951,上櫃,54.3,51.05,除息,0.9401473296500921
2026-09-07,00400A,上市,15.17,15.05,息,0.992089650626236
2026-09-07,01010T,上市,10.0,9.9,息,0.99
2026-09-07,1268,上櫃,182.0,174.0,除息,0.9560439560439561
2026-09-07,1466,上市,15.95,15.75,息,0.987460815047022
2026-09-07,6533,上市,264.0,255.83,權,0.9690530303030304
2026-09-07,7738,上櫃,175.0,165.0,除息,0.9428571428571428
2026-09-07,8099,上櫃,61.2,59.1,除息,0.9656862745098039
2026-09-08,00940,上市,12.99,12.93,息,0.9953810623556582
2026-09-08,2379,上市,729.0,704.0,息,0.9657064471879286
2026-09-08,2442,上市,19.45,16.26,權息,0.8359897172236505
2026-09-08,2706,上市,12.55,12.2,息,0.9721115537848605
2026-09-08,2743,上櫃,59.3,56.1,除息,0.9460370994940979
2026-09-08,3312,上市,52.6,51.3,息,0.9752851711026616
2026-09-08,3622,上市,53.5,50.3,息,0.9401869158878504
2026-09-08,4549,上櫃,103.5,101.47,除權,0.9803864734299517
2026-09-08,6584,上櫃,619.0,616.56,除息,0.9960581583198707
2026-09-08,6590,上櫃,67.0,58.26,除權,0.8695522388059701
2026-09-08,8473,上市,45.5,40.43,權息,0.8885714285714286
2026-09-08,9933,上市,40.3,38.79,權息,0.9625310173697271
2026-09-09,1438,上市,23.3,21.38,權息,0.9175965665236051
2026-09-09,1815,上櫃,135.0,128.1,除權息,0.9488888888888889
2026-09-09,3059,上市,38.5,37.5,息,0.974025974025974
2026-09-09,3706,上市,91.3,80.27,權息,0.8791894852135815
2026-09-09,4160,上櫃,39.8,37.92,除權,0.9527638190954775
2026-09-09,6133,上市,24.5,23.5,息,0.9591836734693877
2026-09-09,6163,上櫃,40.65,40.07,除息,0.9857318573185733
2026-09-09,6603,上櫃,24.95,24.55,除息,0.9839679358717436
2026-09-09,6971,上櫃,26.65,25.15,除息,0.9437148217636022
2026-09-09,8096,上櫃,101.0,100.5,除息,0.995049504950495
2026-09-10,2062,上市,19.55,18.55,息,0.948849104859335
2026-09-10,4541,上櫃,60.0,59.31,除權,0.9885
2026-09-10,4912,上市,97.5,96.69,息,0.9916923076923077
2026-09-10,5328,上櫃,58.8,58.45,除息,0.9940476190476192
2026-09-10,5906,上市,41.55,39.38,權息,0.9477737665463298
2026-09-10,6504,上市,37.9,36.9,息,0.9736147757255936
2026-09-10,8234,上櫃,65.6,65.2,除息,0.9939024390243903
2026-09-10,9802,上市,71.2,68.1,息,0.9564606741573033
2026-09-10,9906,上市,41.4,41.05,權,0.9915458937198067
2026-09-11,3141,上櫃,92.1,91.74,除息,0.9960912052117263
2026-09-14,00401A,上市,14.07,13.94,息,0.9907604832977966
2026-09-14,2530,上市,20.1,19.64,息,0.9771144278606965
2026-09-14,5243,上市,89.6,87.4,息,0.9754464285714287
2026-09-14,5278,上櫃,23.9,23.63,除息,0.9887029288702929
2026-09-14,6204,上櫃,88.8,88.3,除息,0.9943693693693694
2026-09-14,8423,上櫃,18.35,17.65,除息,0.9618528610354222
2026-09-15,00936,上市,21.28,21.12,息,0.9924812030075187
2026-09-15,00942B,上櫃,13.52,13.46,除息,0.9955621301775149
2026-09-15,00962,上市,15.0,14.75,息,0.9833333333333333
2026-09-15,00970B,上櫃,8.92,8.87,除息,0.9943946188340806
2026-09-15,009803,上市,21.64,20.74,息,0.9584103512014787
2026-09-15,00980B,上櫃,9.03,8.98,除息,0.9944629014396458
2026-09-15,00988B,上櫃,19.41,19.27,除息,0.9927872230808861
2026-09-15,00989B,上櫃,10.02,9.93,除息,0.9910179640718563
2026-09-15,01009T,上市,5.67,5.53,息,0.9753086419753086
2026-09-15,3675,上櫃,284.5,280.5,除息,0.9859402460456942
2026-09-15,5426,上櫃,27.75,27.45,除息,0.9891891891891892
2026-09-15,6924,上市,142.5,139.0,息,0.9754385964912281
2026-09-16,00404A,上市,9.72,9.36,息,0.9629629629629628
2026-09-16,00687B,上櫃,26.66,26.33,除息,0.9876219054763691
2026-09-16,00730,上市,28.19,28.08,息,0.9960979070592407
2026-09-16,00740B,上櫃,36.85,36.67,除息,0.9951153324287653
2026-09-16,00741B,上櫃,37.06,36.86,除息,0.9946033459255261
2026-09-16,00764B,上櫃,26.58,26.28,除息,0.9887133182844244
2026-09-16,00770,上市,67.75,61.75,息,0.9114391143911439
2026-09-16,00772B,上櫃,31.92,31.78,除息,0.9956140350877193
2026-09-16,00773B,上櫃,34.15,34.01,除息,0.995900439238653
2026-09-16,00777B,上櫃,30.77,30.63,除息,0.9954501137471563
2026-09-16,00778B,上櫃,32.66,32.52,除息,0.995713410900184
2026-09-16,00779B,上櫃,26.92,26.56,除息,0.9866270430906389
2026-09-16,00781B,上櫃,26.77,26.22,除息,0.9794546133731789
2026-09-16,00792B,上櫃,30.28,29.83,除息,0.9851387054161161
2026-09-16,00840B,上櫃,28.35,28.22,除息,0.9954144620811286
2026-09-16,00859B,上櫃,41.17,40.61,除息,0.9863978625212533
2026-09-16,00862B,上櫃,30.34,29.89,除息,0.9851680949241926
2026-09-16,00863B,上櫃,30.48,30.06,除息,0.9862204724409448
2026-09-16,00890B,上櫃,30.8,30.66,除息,0.9954545454545455
2026-09-16,00896,上市,27.69,26.24,息,0.9476345250993138
2026-09-16,00900,上市,19.52,19.44,息,0.9959016393442623
2026-09-16,00915,上市,32.89,32.29,息,0.9817573730617208
2026-09-16,00919,上市,32.74,31.64,息,0.9664019547953573
2026-09-16,00921,上市,24.04,23.04,息,0.9584026622296173
2026-09-16,00933B,上櫃,15.3,15.23,除息,0.9954248366013072
2026-09-16,00934,上市,29.56,29.23,息,0.9888362652232747
2026-09-16,00935,上市,57.4,55.57,息,0.9681184668989548
2026-09-16,00937B,上櫃,14.13,14.06,除息,0.9950460014154281
2026-09-16,00943,上市,20.78,20.53,息,0.9879692011549567
2026-09-16,00944,上市,21.42,21.31,息,0.9948646125116712
2026-09-16,00945B,上市,14.41,14.31,息,0.993060374739764
2026-09-16,00948B,上櫃,9.03,8.99,除息,0.9955703211517166
2026-09-16,00952,上市,17.66,17.54,息,0.9932049830124575
2026-09-16,00957B,上櫃,12.79,12.73,除息,0.9953088350273652
2026-09-16,00961,上市,13.33,13.14,息,0.9857464366091523
2026-09-16,00963,上市,13.11,13.01,息,0.992372234935164
2026-09-16,00964,上市,14.85,14.65,息,0.9865319865319866
2026-09-16,00972,上市,22.15,21.93,息,0.9900677200902935
2026-09-16,009802,上市,19.7,19.51,息,0.9903553299492387
2026-09-16,009809,上市,17.95,17.73,息,0.9877437325905293
2026-09-16,00980D,上櫃,19.87,19.76,除息,0.9944640161046805
2026-09-16,00981A,上市,28.86,28.23,息,0.9781704781704782
2026-09-16,00981D,上櫃,10.26,10.19,除息,0.9931773879142299
2026-09-16,00981T,上市,11.72,11.63,息,0.992320819112628
2026-09-16,00982B,上櫃,9.34,9.3,除息,0.9957173447537474
2026-09-16,00982D,上市,9.51,9.45,息,0.9936908517350157
2026-09-16,00982T,上市,15.78,14.78,息,0.9366286438529785
2026-09-16,00983D,上市,9.77,9.7,息,0.9928352098259979
2026-09-16,00999A,上市,11.18,10.89,息,0.9740608228980323
2026-09-16,1517,上市,10.5,10.3,息,0.980952380952381
2026-09-16,1599,上櫃,23.45,22.95,除息,0.9786780383795309
2026-09-16,2330,上市,2385.0,2377.99,息,0.9970607966457022
2026-09-16,4763,上市,48.1,45.05,息,0.9365904365904365
2026-09-16,6830,上市,532.0,528.83,權,0.9940413533834587
2026-09-17,00710B,上市,19.06,18.67,息,0.9795383001049319
2026-09-17,00711B,上市,15.34,15.14,息,0.9869621903520209
2026-09-17,00712,上市,8.21,8.01,息,0.9756394640682093
2026-09-17,00853B,上櫃,26.5,26.15,除息,0.9867924528301886
2026-09-17,00929,上市,28.84,28.46,息,0.9868238557558946
2026-09-17,00985D,上櫃,9.72,9.66,除息,0.9938271604938271
2026-09-17,00986D,上櫃,14.22,14.13,除息,0.9936708860759493
2026-09-17,00998A,上櫃,17.78,17.36,除息,0.9763779527559054
2026-09-17,4420,上櫃,38.5,36.5,除息,0.948051948051948
2026-09-17,4533,上櫃,24.9,24.72,除息,0.9927710843373494
2026-09-17,5306,上市,89.7,88.62,息,0.9879598662207358
2026-09-17,5498,上櫃,50.8,50.55,除息,0.9950787401574803
2026-09-18,00728,上市,68.5,67.73,息,0.9887591240875913
2026-09-18,00918,上市,36.25,34.5,息,0.9517241379310345
2026-09-18,00994A,上市,16.37,16.11,息,0.9841172877214416
2026-09-21,00697B,上櫃,34.82,34.51,除息,0.9910970706490522
2026-09-21,00713,上市,65.1,63.85,息,0.9807987711213518
2026-09-21,00751B,上櫃,30.47,30.04,除息,0.9858877584509353
2026-09-21,00787B,上櫃,31.74,31.33,除息,0.9870825456836799
2026-09-21,00967B,上櫃,8.84,8.81,除息,0.9966063348416291
2026-09-21,00968B,上櫃,8.98,8.94,除息,0.9955456570155901
2026-09-21,00981B,上櫃,9.14,9.08,除息,0.9934354485776805
2026-09-21,3260,上櫃,396.5,373.35,除權息,0.9416141235813368
2026-09-21,5314,上櫃,30.5,30.45,除息,0.9983606557377049
2026-09-22,8042,上櫃,113.5,112.52,除權,0.9913656387665198
2026-09-23,00836B,上櫃,27.81,27.43,除息,0.9863358504135203
2026-09-23,00856B,上櫃,37.21,36.88,除息,0.9911314162859447
2026-09-23,00857B,上櫃,22.38,22.13,除息,0.9888293118856122
2026-09-23,00930,上市,24.81,23.99,息,0.9669488109633212
2026-09-23,00958B,上櫃,8.97,8.93,除息,0.995540691192865
2026-09-23,00990B,上櫃,9.96,9.88,除息,0.9919678714859438
2026-09-23,1442,上市,31.15,28.75,息,0.9229534510433387
2026-09-23,1595,上櫃,74.6,74.13,除息,0.9936997319034853
2026-09-23,1808,上市,35.0,33.5,息,0.9571428571428572
2026-09-23,2542,上市,45.45,41.45,息,0.911991199119912
2026-09-23,4109,上櫃,11.1,10.9,除息,0.981981981981982
2026-09-23,5258,上市,42.4,41.39,息,0.9761792452830189
2026-09-24,1235,上市,41.15,38.71,權息,0.9407047387606319
